genus,species_epithet,stage,field,raw,infra_rank,infra_epithet,expected_infra_rank,expected_infra_epithet
Atriplex,cinerea,raw_input,genus_species_GM,Atriplex cinerea subsp bolusii,subsp,bolusii,subsp.,bolusii
Atriplex,cinerea,wf2_output,genus_species_GM,Atriplex cinerea subsp. bolusii,subsp,bolusii,subsp.,bolusii
Atriplex,cinerea,wf3_output,scientific_name_MG,Atriplex cinerea subsp. bolusii,subsp,bolusii,subsp.,bolusii
Atriplex,cinerea,wf3_output,scientific_name_original,Atriplex cinerea,NA,NA,subsp.,bolusii
Atriplex,cinerea,raw_input,species,Atriplex cinerea,NA,NA,subsp.,bolusii
Atriplex,cinerea,wf2_output,species,Atriplex cinerea,NA,NA,subsp.,bolusii
Babiana,sambucina,raw_input,genus_species_GM,Babiana sambucina,NA,NA,var.,longibracteata
Babiana,sambucina,raw_input,genus_species_GM,Babiana sambucina var longibracteata,var,longibracteata,var.,longibracteata
Babiana,sambucina,wf2_output,genus_species_GM,Babiana sambucina,NA,NA,var.,longibracteata
Babiana,sambucina,wf2_output,genus_species_GM,Babiana sambucina var. longibracteata,var,longibracteata,var.,longibracteata
Babiana,sambucina,wf3_output,scientific_name_MG,Babiana sambucina,NA,NA,var.,longibracteata
Babiana,sambucina,wf3_output,scientific_name_MG,Babiana sambucina var. longibracteata,var,longibracteata,var.,longibracteata
Babiana,sambucina,wf3_output,scientific_name_original,Babiana sambucina,NA,NA,var.,longibracteata
Babiana,sambucina,wf3_output,scientific_name_original,Babiana sambucina,NA,NA,var.,longibracteata
Babiana,sambucina,raw_input,species,Babiana sambucina,NA,NA,var.,longibracteata
Babiana,sambucina,raw_input,species,Babiana sambucina,NA,NA,var.,longibracteata
Babiana,sambucina,wf2_output,species,Babiana sambucina,NA,NA,var.,longibracteata
Babiana,sambucina,wf2_output,species,Babiana sambucina,NA,NA,var.,longibracteata
Ehrharta,ramosa,raw_input,genus_species_GM,Ehrharta ramosa,NA,NA,subsp.,ramosa
Ehrharta,ramosa,raw_input,genus_species_GM,Ehrharta ramosa subsp ramosa,subsp,ramosa,subsp.,ramosa
Ehrharta,ramosa,wf2_output,genus_species_GM,Ehrharta ramosa,NA,NA,subsp.,ramosa
Ehrharta,ramosa,wf2_output,genus_species_GM,Ehrharta ramosa subsp. ramosa,subsp,ramosa,subsp.,ramosa
Ehrharta,ramosa,wf3_output,scientific_name_MG,Ehrharta ramosa,NA,NA,subsp.,ramosa
Ehrharta,ramosa,wf3_output,scientific_name_MG,Ehrharta ramosa subsp. ramosa,subsp,ramosa,subsp.,ramosa
Ehrharta,ramosa,wf3_output,scientific_name_original,Ehrharta ramosa,NA,NA,subsp.,ramosa
Ehrharta,ramosa,wf3_output,scientific_name_original,Ehrharta ramosa,NA,NA,subsp.,ramosa
Ehrharta,ramosa,raw_input,species,Ehrharta ramosa,NA,NA,subsp.,ramosa
Ehrharta,ramosa,raw_input,species,Ehrharta ramosa,NA,NA,subsp.,ramosa
Ehrharta,ramosa,wf2_output,species,Ehrharta ramosa,NA,NA,subsp.,ramosa
Ehrharta,ramosa,wf2_output,species,Ehrharta ramosa,NA,NA,subsp.,ramosa
Eriocephalus,ericoides,raw_input,genus_species_GM,Eriocephalus ericoides,NA,NA,subsp.,ericoides
Eriocephalus,ericoides,wf2_output,genus_species_GM,Eriocephalus ericoides,NA,NA,subsp.,ericoides
Eriocephalus,ericoides,wf3_output,scientific_name_MG,Eriocephalus ericoides,NA,NA,subsp.,ericoides
Eriocephalus,ericoides,wf3_output,scientific_name_original,Eriocephalus ericoides,NA,NA,subsp.,ericoides
Eriocephalus,ericoides,raw_input,species,Eriocephalus ericoides,NA,NA,subsp.,ericoides
Eriocephalus,ericoides,wf2_output,species,Eriocephalus ericoides,NA,NA,subsp.,ericoides
Eriocephalus,microphyllus,raw_input,genus_species_GM,Eriocephalus microphyllus,NA,NA,var.,microphyllus
Eriocephalus,microphyllus,wf2_output,genus_species_GM,Eriocephalus microphyllus,NA,NA,var.,microphyllus
Eriocephalus,microphyllus,wf3_output,scientific_name_MG,Eriocephalus microphyllus,NA,NA,var.,microphyllus
Eriocephalus,microphyllus,wf3_output,scientific_name_original,Eriocephalus microphyllus,NA,NA,var.,microphyllus
Eriocephalus,microphyllus,raw_input,species,Eriocephalus microphyllus,NA,NA,var.,microphyllus
Eriocephalus,microphyllus,wf2_output,species,Eriocephalus microphyllus,NA,NA,var.,microphyllus
Osteospermum,incanum,raw_input,genus_species_GM,Osteospermum incanum,NA,NA,subsp.,incanum
Osteospermum,incanum,wf2_output,genus_species_GM,Osteospermum incanum,NA,NA,subsp.,incanum
Osteospermum,incanum,wf3_output,scientific_name_MG,Osteospermum incanum,NA,NA,subsp.,incanum
Osteospermum,incanum,wf3_output,scientific_name_original,Osteospermum incanum subsp. incanum,subsp,incanum,subsp.,incanum
Osteospermum,incanum,raw_input,species,Osteospermum incanum subsp incanum,subsp,incanum,subsp.,incanum
Osteospermum,incanum,wf2_output,species,Osteospermum incanum subsp. incanum,subsp,incanum,subsp.,incanum
Oxalis,massoniana,raw_input,genus_species_GM,Oxalis massoniana var massoniana,var,massoniana,var.,massoniana
Oxalis,massoniana,wf2_output,genus_species_GM,Oxalis massoniana var. massoniana,var,massoniana,var.,massoniana
Oxalis,massoniana,wf3_output,scientific_name_MG,Oxalis massoniana var. massoniana,var,massoniana,var.,massoniana
Ursinia,nana,raw_input,genus_species_GM,Ursinia nana subsp nana,subsp,nana,subsp.,nana
Ursinia,nana,wf2_output,genus_species_GM,Ursinia nana subsp. nana,subsp,nana,subsp.,nana
Ursinia,nana,wf3_output,scientific_name_MG,Ursinia nana subsp. nana,subsp,nana,subsp.,nana
Ursinia,nana,wf3_output,scientific_name_original,Ursinia nana subsp. nana,subsp,nana,subsp.,nana
Ursinia,nana,raw_input,species,Ursinia nana subsp nana,subsp,nana,subsp.,nana
Ursinia,nana,wf2_output,species,Ursinia nana subsp. nana,subsp,nana,subsp.,nana
