item,value,used_in,source_file,expression
rows__canopy_leaf_chemistry,2509,Table 1 / DAAC doc,Data_Outputs/canopy_leaf_chemistry.csv,nrow(canopy)
rows__leaf_struct_water_traits,9547,Table 1 / DAAC doc,Data_Outputs/leaf_struct_water_traits.csv,nrow(leafstruc)
rows__vnir_spectra,3076,Table 1 / DAAC doc,Data_Outputs/vnir_spectra.csv,nrow(vnir)
cols__vnir_spectra,511,Table 1 / DAAC doc,Data_Outputs/vnir_spectra.csv,ncol(vnir)
rows__species_traits,2225,Table 1 / DAAC doc,Data_Outputs/species_traits.csv,nrow(species)
rows__releve,44160,Table 1 / DAAC doc,Data_Outputs/releve.csv,nrow(releve)
trait_obs__leaf_twig,132195,abstract,Data_Outputs/leaf_struct_water_traits.csv; canopy_leaf_chemistry.csv,"count_obs(leafstruc, leaf_struc_cols) + sum(!is.na(canopy[[pubescence_col]]))"
trait_obs__canopy_structure,7513,abstract,Data_Outputs/canopy_leaf_chemistry.csv,"count_obs(canopy, canopy_struc_cols)"
trait_obs__chemistry,11948,abstract,Data_Outputs/canopy_leaf_chemistry.csv,"count_obs(canopy, chem_cols)"
trait_obs__total,151656,abstract,Data_Outputs/leaf_struct_water_traits.csv; canopy_leaf_chemistry.csv,"count_obs(leafstruc, leaf_struc_cols) + sum(!is.na(canopy[[pubescence_col]])) + count_obs(canopy, canopy_struc_cols) + count_obs(canopy, chem_cols)"
species__leaf_struct_water_traits,1327,abstract / Results / DAAC doc,Data_Outputs/leaf_struct_water_traits.csv,"n_distinct(leafstruc[[species_col]], na.rm = TRUE)"
families__leaf_struct_water_traits,99,abstract / Results / DAAC doc,Data_Outputs/leaf_struct_water_traits.csv,"n_distinct(leafstruc[[family_col]], na.rm = TRUE)"
missing_species_name__leaf_struct_water_traits,5,Methods (check),Data_Outputs/leaf_struct_water_traits.csv,sum(is.na(leafstruc[[species_col]]))
species__canopy_leaf_chemistry,1327,abstract / Results / DAAC doc,Data_Outputs/canopy_leaf_chemistry.csv,"n_distinct(canopy[[species_col]], na.rm = TRUE)"
families__canopy_leaf_chemistry,99,abstract / Results / DAAC doc,Data_Outputs/canopy_leaf_chemistry.csv,"n_distinct(canopy[[family_col]], na.rm = TRUE)"
missing_species_name__canopy_leaf_chemistry,1,Methods (check),Data_Outputs/canopy_leaf_chemistry.csv,sum(is.na(canopy[[species_col]]))
species__vnir_spectra,1158,abstract / Results / DAAC doc,Data_Outputs/vnir_spectra.csv,"n_distinct(vnir[[species_col]], na.rm = TRUE)"
families__vnir_spectra,97,abstract / Results / DAAC doc,Data_Outputs/vnir_spectra.csv,"n_distinct(vnir[[family_col]], na.rm = TRUE)"
missing_species_name__vnir_spectra,0,Methods (check),Data_Outputs/vnir_spectra.csv,sum(is.na(vnir[[species_col]]))
species__species_traits,2213,abstract / Results / DAAC doc,Data_Outputs/species_traits.csv,"n_distinct(species[[species_col]], na.rm = TRUE)"
families__species_traits,121,abstract / Results / DAAC doc,Data_Outputs/species_traits.csv,"n_distinct(species[[family_col]], na.rm = TRUE)"
missing_species_name__species_traits,0,Methods (check),Data_Outputs/species_traits.csv,sum(is.na(species[[species_col]]))
species__releve,2436,abstract / Results / DAAC doc,Data_Outputs/releve.csv,"n_distinct(releve[[species_col]], na.rm = TRUE)"
families__releve,133,abstract / Results / DAAC doc,Data_Outputs/releve.csv,"n_distinct(releve[[family_col]], na.rm = TRUE)"
missing_species_name__releve,14,Methods (check),Data_Outputs/releve.csv,sum(is.na(releve[[species_col]]))
species__leaf_and_canopy_pooled,1327,abstract / Results,Data_Outputs/leaf_struct_water_traits.csv; canopy_leaf_chemistry.csv,pooled_species()
species_Asteraceae__leaf_and_canopy_pooled,236,Results / response letter,Data_Outputs/leaf_struct_water_traits.csv; canopy_leaf_chemistry.csv,pooled_species(family_of_interest)
share_species_Asteraceae_pct__leaf_and_canopy_pooled,17.7844762622457,Results / response letter,Data_Outputs/leaf_struct_water_traits.csv; canopy_leaf_chemistry.csv,100 * pooled_species(family_of_interest)/pooled_species()
share_species_Asteraceae_pct__leaf_struct_water_traits,17.7844762622457,Results / response letter,Data_Outputs/leaf_struct_water_traits.csv,"100 * n_distinct(leafstruc[[species_col]][which(leafstruc[[family_col]] == family_of_interest)], na.rm = TRUE)/n_distinct(leafstruc[[species_col]], na.rm = TRUE)"
share_rows_Asteraceae_pct__leaf_struct_water_traits,16.9372577773122,Results / response letter,Data_Outputs/leaf_struct_water_traits.csv,"100 * sum(leafstruc[[family_col]] == family_of_interest, na.rm = TRUE)/nrow(leafstruc)"
share_species_Asteraceae_pct__canopy_leaf_chemistry,17.7844762622457,Results / response letter,Data_Outputs/canopy_leaf_chemistry.csv,"100 * n_distinct(canopy[[species_col]][which(canopy[[family_col]] == family_of_interest)], na.rm = TRUE)/n_distinct(canopy[[species_col]], na.rm = TRUE)"
share_rows_Asteraceae_pct__canopy_leaf_chemistry,17.457154244719,Results / response letter,Data_Outputs/canopy_leaf_chemistry.csv,"100 * sum(canopy[[family_col]] == family_of_interest, na.rm = TRUE)/nrow(canopy)"
share_species_Asteraceae_pct__vnir_spectra,17.5302245250432,Results / response letter,Data_Outputs/vnir_spectra.csv,"100 * n_distinct(vnir[[species_col]][which(vnir[[family_col]] == family_of_interest)], na.rm = TRUE)/n_distinct(vnir[[species_col]], na.rm = TRUE)"
share_rows_Asteraceae_pct__vnir_spectra,15.1170351105332,Results / response letter,Data_Outputs/vnir_spectra.csv,"100 * sum(vnir[[family_col]] == family_of_interest, na.rm = TRUE)/nrow(vnir)"
share_species_Asteraceae_pct__species_traits,16.9905106190691,Results / response letter,Data_Outputs/species_traits.csv,"100 * n_distinct(species[[species_col]][which(species[[family_col]] == family_of_interest)], na.rm = TRUE)/n_distinct(species[[species_col]], na.rm = TRUE)"
share_rows_Asteraceae_pct__species_traits,16.8988764044944,Results / response letter,Data_Outputs/species_traits.csv,"100 * sum(species[[family_col]] == family_of_interest, na.rm = TRUE)/nrow(species)"
share_species_Asteraceae_pct__releve,16.9129720853859,Results / response letter,Data_Outputs/releve.csv,"100 * n_distinct(releve[[species_col]][which(releve[[family_col]] == family_of_interest)], na.rm = TRUE)/n_distinct(releve[[species_col]], na.rm = TRUE)"
share_rows_Asteraceae_pct__releve,16.6915760869565,Results / response letter,Data_Outputs/releve.csv,"100 * sum(releve[[family_col]] == family_of_interest, na.rm = TRUE)/nrow(releve)"
locations__unique_lat_lon__canopy_leaf_vnir,448,Methods / response letter,Data_Outputs/canopy_leaf_chemistry.csv; leaf_struct_water_traits.csv; vnir_spectra.csv,nrow(locations)
share_rows_Asteraceae_pct__canopy__baviaanskloof,13.8972809667674,Results / response letter,Data_Outputs/canopy_leaf_chemistry.csv,"100 * sum(canopy[[family_col]][canopy$subregion == ""baviaanskloof""] == family_of_interest, na.rm = TRUE)/sum(canopy$subregion == ""baviaanskloof"")"
share_species_Asteraceae_pct__canopy__baviaanskloof,14.8484848484848,Results / response letter,Data_Outputs/canopy_leaf_chemistry.csv,"100 * n_distinct(canopy[[species_col]][canopy$subregion == ""baviaanskloof"" & canopy[[family_col]] == family_of_interest], na.rm = TRUE)/n_distinct(canopy[[species_col]][canopy$subregion == ""baviaanskloof""], na.rm = TRUE)"
share_rows_Asteraceae_pct__canopy__cape_point,12.8352490421456,Results / response letter,Data_Outputs/canopy_leaf_chemistry.csv,"100 * sum(canopy[[family_col]][canopy$subregion == ""cape_point""] == family_of_interest, na.rm = TRUE)/sum(canopy$subregion == ""cape_point"")"
share_species_Asteraceae_pct__canopy__cape_point,13.4426229508197,Results / response letter,Data_Outputs/canopy_leaf_chemistry.csv,"100 * n_distinct(canopy[[species_col]][canopy$subregion == ""cape_point"" & canopy[[family_col]] == family_of_interest], na.rm = TRUE)/n_distinct(canopy[[species_col]][canopy$subregion == ""cape_point""], na.rm = TRUE)"
share_rows_Asteraceae_pct__canopy__cederberg,14.4578313253012,Results / response letter,Data_Outputs/canopy_leaf_chemistry.csv,"100 * sum(canopy[[family_col]][canopy$subregion == ""cederberg""] == family_of_interest, na.rm = TRUE)/sum(canopy$subregion == ""cederberg"")"
share_species_Asteraceae_pct__canopy__cederberg,14.2857142857143,Results / response letter,Data_Outputs/canopy_leaf_chemistry.csv,"100 * n_distinct(canopy[[species_col]][canopy$subregion == ""cederberg"" & canopy[[family_col]] == family_of_interest], na.rm = TRUE)/n_distinct(canopy[[species_col]][canopy$subregion == ""cederberg""], na.rm = TRUE)"
share_rows_Asteraceae_pct__canopy__hangklip,11.3138686131387,Results / response letter,Data_Outputs/canopy_leaf_chemistry.csv,"100 * sum(canopy[[family_col]][canopy$subregion == ""hangklip""] == family_of_interest, na.rm = TRUE)/sum(canopy$subregion == ""hangklip"")"
share_species_Asteraceae_pct__canopy__hangklip,11.5830115830116,Results / response letter,Data_Outputs/canopy_leaf_chemistry.csv,"100 * n_distinct(canopy[[species_col]][canopy$subregion == ""hangklip"" & canopy[[family_col]] == family_of_interest], na.rm = TRUE)/n_distinct(canopy[[species_col]][canopy$subregion == ""hangklip""], na.rm = TRUE)"
share_rows_Asteraceae_pct__canopy__htr,32.3135755258126,Results / response letter,Data_Outputs/canopy_leaf_chemistry.csv,"100 * sum(canopy[[family_col]][canopy$subregion == ""htr""] == family_of_interest, na.rm = TRUE)/sum(canopy$subregion == ""htr"")"
share_species_Asteraceae_pct__canopy__htr,28.9189189189189,Results / response letter,Data_Outputs/canopy_leaf_chemistry.csv,"100 * n_distinct(canopy[[species_col]][canopy$subregion == ""htr"" & canopy[[family_col]] == family_of_interest], na.rm = TRUE)/n_distinct(canopy[[species_col]][canopy$subregion == ""htr""], na.rm = TRUE)"
share_rows_Asteraceae_pct__canopy__langeberg,15.4121863799283,Results / response letter,Data_Outputs/canopy_leaf_chemistry.csv,"100 * sum(canopy[[family_col]][canopy$subregion == ""langeberg""] == family_of_interest, na.rm = TRUE)/sum(canopy$subregion == ""langeberg"")"
share_species_Asteraceae_pct__canopy__langeberg,16.2790697674419,Results / response letter,Data_Outputs/canopy_leaf_chemistry.csv,"100 * n_distinct(canopy[[species_col]][canopy$subregion == ""langeberg"" & canopy[[family_col]] == family_of_interest], na.rm = TRUE)/n_distinct(canopy[[species_col]][canopy$subregion == ""langeberg""], na.rm = TRUE)"
share_rows_Asteraceae_pct__leafstruc__baviaanskloof,14.0124095139607,Results / response letter,Data_Outputs/leaf_struct_water_traits.csv,"100 * sum(leafstruc[[family_col]][leafstruc$subregion == ""baviaanskloof""] == family_of_interest, na.rm = TRUE)/sum(leafstruc$subregion == ""baviaanskloof"")"
share_species_Asteraceae_pct__leafstruc__baviaanskloof,14.8484848484848,Results / response letter,Data_Outputs/leaf_struct_water_traits.csv,"100 * n_distinct(leafstruc[[species_col]][leafstruc$subregion == ""baviaanskloof"" & leafstruc[[family_col]] == family_of_interest], na.rm = TRUE)/n_distinct(leafstruc[[species_col]][leafstruc$subregion == ""baviaanskloof""], na.rm = TRUE)"
share_rows_Asteraceae_pct__leafstruc__cape_point,12.9398410896708,Results / response letter,Data_Outputs/leaf_struct_water_traits.csv,"100 * sum(leafstruc[[family_col]][leafstruc$subregion == ""cape_point""] == family_of_interest, na.rm = TRUE)/sum(leafstruc$subregion == ""cape_point"")"
share_species_Asteraceae_pct__leafstruc__cape_point,13.4426229508197,Results / response letter,Data_Outputs/leaf_struct_water_traits.csv,"100 * n_distinct(leafstruc[[species_col]][leafstruc$subregion == ""cape_point"" & leafstruc[[family_col]] == family_of_interest], na.rm = TRUE)/n_distinct(leafstruc[[species_col]][leafstruc$subregion == ""cape_point""], na.rm = TRUE)"
share_rows_Asteraceae_pct__leafstruc__cederberg,14.3420015760441,Results / response letter,Data_Outputs/leaf_struct_water_traits.csv,"100 * sum(leafstruc[[family_col]][leafstruc$subregion == ""cederberg""] == family_of_interest, na.rm = TRUE)/sum(leafstruc$subregion == ""cederberg"")"
share_species_Asteraceae_pct__leafstruc__cederberg,14.2857142857143,Results / response letter,Data_Outputs/leaf_struct_water_traits.csv,"100 * n_distinct(leafstruc[[species_col]][leafstruc$subregion == ""cederberg"" & leafstruc[[family_col]] == family_of_interest], na.rm = TRUE)/n_distinct(leafstruc[[species_col]][leafstruc$subregion == ""cederberg""], na.rm = TRUE)"
share_rows_Asteraceae_pct__leafstruc__hangklip,11.0785033015407,Results / response letter,Data_Outputs/leaf_struct_water_traits.csv,"100 * sum(leafstruc[[family_col]][leafstruc$subregion == ""hangklip""] == family_of_interest, na.rm = TRUE)/sum(leafstruc$subregion == ""hangklip"")"
share_species_Asteraceae_pct__leafstruc__hangklip,11.5830115830116,Results / response letter,Data_Outputs/leaf_struct_water_traits.csv,"100 * n_distinct(leafstruc[[species_col]][leafstruc$subregion == ""hangklip"" & leafstruc[[family_col]] == family_of_interest], na.rm = TRUE)/n_distinct(leafstruc[[species_col]][leafstruc$subregion == ""hangklip""], na.rm = TRUE)"
share_rows_Asteraceae_pct__leafstruc__htr,31.236442516269,Results / response letter,Data_Outputs/leaf_struct_water_traits.csv,"100 * sum(leafstruc[[family_col]][leafstruc$subregion == ""htr""] == family_of_interest, na.rm = TRUE)/sum(leafstruc$subregion == ""htr"")"
share_species_Asteraceae_pct__leafstruc__htr,28.9189189189189,Results / response letter,Data_Outputs/leaf_struct_water_traits.csv,"100 * n_distinct(leafstruc[[species_col]][leafstruc$subregion == ""htr"" & leafstruc[[family_col]] == family_of_interest], na.rm = TRUE)/n_distinct(leafstruc[[species_col]][leafstruc$subregion == ""htr""], na.rm = TRUE)"
share_rows_Asteraceae_pct__leafstruc__langeberg,15.2,Results / response letter,Data_Outputs/leaf_struct_water_traits.csv,"100 * sum(leafstruc[[family_col]][leafstruc$subregion == ""langeberg""] == family_of_interest, na.rm = TRUE)/sum(leafstruc$subregion == ""langeberg"")"
share_species_Asteraceae_pct__leafstruc__langeberg,16.2790697674419,Results / response letter,Data_Outputs/leaf_struct_water_traits.csv,"100 * n_distinct(leafstruc[[species_col]][leafstruc$subregion == ""langeberg"" & leafstruc[[family_col]] == family_of_interest], na.rm = TRUE)/n_distinct(leafstruc[[species_col]][leafstruc$subregion == ""langeberg""], na.rm = TRUE)"
canopy__height_cm__n_nonblank,2509,Table 2-3 / DAAC doc,Data_Outputs/canopy_leaf_chemistry.csv,"sum(!is.na(canopy[[""height_cm""]]))"
canopy__height_cm__min,0,Table 2-3 / DAAC doc,Data_Outputs/canopy_leaf_chemistry.csv,"min(canopy[[""height_cm""]], na.rm = TRUE)"
canopy__height_cm__max,2500,Table 2-3 / DAAC doc,Data_Outputs/canopy_leaf_chemistry.csv,"max(canopy[[""height_cm""]], na.rm = TRUE)"
canopy__height_cm__n_blank,0,Table 2-3 / DAAC doc,Data_Outputs/canopy_leaf_chemistry.csv,"sum(is.na(canopy[[""height_cm""]]))"
canopy__height_cm__blank_added_vs_intermediate,0,Methods / Usage Notes / response letter,Data_Outputs/canopy_leaf_chemistry.csv; Intermediate_Outputs/canopy_chem_intermediate.csv,"sum(is.na(canopy[[""height_cm""]])) - sum(is.na(interm[[""canopy""]][[""height_cm""]]))"
canopy__canopy_axis_1_cm__n_nonblank,2509,Table 2-3 / DAAC doc,Data_Outputs/canopy_leaf_chemistry.csv,"sum(!is.na(canopy[[""canopy_axis_1_cm""]]))"
canopy__canopy_axis_1_cm__min,1,Table 2-3 / DAAC doc,Data_Outputs/canopy_leaf_chemistry.csv,"min(canopy[[""canopy_axis_1_cm""]], na.rm = TRUE)"
canopy__canopy_axis_1_cm__max,1400,Table 2-3 / DAAC doc,Data_Outputs/canopy_leaf_chemistry.csv,"max(canopy[[""canopy_axis_1_cm""]], na.rm = TRUE)"
canopy__canopy_axis_1_cm__n_blank,0,Table 2-3 / DAAC doc,Data_Outputs/canopy_leaf_chemistry.csv,"sum(is.na(canopy[[""canopy_axis_1_cm""]]))"
canopy__canopy_axis_1_cm__blank_added_vs_intermediate,0,Methods / Usage Notes / response letter,Data_Outputs/canopy_leaf_chemistry.csv; Intermediate_Outputs/canopy_chem_intermediate.csv,"sum(is.na(canopy[[""canopy_axis_1_cm""]])) - sum(is.na(interm[[""canopy""]][[""canopy_axis_1_cm""]]))"
canopy__canopy_axis_2_cm__n_nonblank,2509,Table 2-3 / DAAC doc,Data_Outputs/canopy_leaf_chemistry.csv,"sum(!is.na(canopy[[""canopy_axis_2_cm""]]))"
canopy__canopy_axis_2_cm__min,0.5,Table 2-3 / DAAC doc,Data_Outputs/canopy_leaf_chemistry.csv,"min(canopy[[""canopy_axis_2_cm""]], na.rm = TRUE)"
canopy__canopy_axis_2_cm__max,1300,Table 2-3 / DAAC doc,Data_Outputs/canopy_leaf_chemistry.csv,"max(canopy[[""canopy_axis_2_cm""]], na.rm = TRUE)"
canopy__canopy_axis_2_cm__n_blank,0,Table 2-3 / DAAC doc,Data_Outputs/canopy_leaf_chemistry.csv,"sum(is.na(canopy[[""canopy_axis_2_cm""]]))"
canopy__canopy_axis_2_cm__blank_added_vs_intermediate,0,Methods / Usage Notes / response letter,Data_Outputs/canopy_leaf_chemistry.csv; Intermediate_Outputs/canopy_chem_intermediate.csv,"sum(is.na(canopy[[""canopy_axis_2_cm""]])) - sum(is.na(interm[[""canopy""]][[""canopy_axis_2_cm""]]))"
canopy__canopy_cover_cm2__n_nonblank,2509,Table 2-3 / DAAC doc,Data_Outputs/canopy_leaf_chemistry.csv,"sum(!is.na(canopy[[""canopy_cover_cm2""]]))"
canopy__canopy_cover_cm2__min,0.441786466911065,Table 2-3 / DAAC doc,Data_Outputs/canopy_leaf_chemistry.csv,"min(canopy[[""canopy_cover_cm2""]], na.rm = TRUE)"
canopy__canopy_cover_cm2__max,1431388.15279185,Table 2-3 / DAAC doc,Data_Outputs/canopy_leaf_chemistry.csv,"max(canopy[[""canopy_cover_cm2""]], na.rm = TRUE)"
canopy__canopy_cover_cm2__n_blank,0,Table 2-3 / DAAC doc,Data_Outputs/canopy_leaf_chemistry.csv,"sum(is.na(canopy[[""canopy_cover_cm2""]]))"
canopy__canopy_cover_cm2__blank_added_vs_intermediate,0,Methods / Usage Notes / response letter,Data_Outputs/canopy_leaf_chemistry.csv; Intermediate_Outputs/canopy_chem_intermediate.csv,"sum(is.na(canopy[[""canopy_cover_cm2""]])) - sum(is.na(interm[[""canopy""]][[""canopy_area_cm2""]]))"
canopy__branch_order__n_nonblank,2495,Table 2-3 / DAAC doc,Data_Outputs/canopy_leaf_chemistry.csv,"sum(!is.na(canopy[[""branch_order""]]))"
canopy__branch_order__min,0,Table 2-3 / DAAC doc,Data_Outputs/canopy_leaf_chemistry.csv,"min(canopy[[""branch_order""]], na.rm = TRUE)"
canopy__branch_order__max,4,Table 2-3 / DAAC doc,Data_Outputs/canopy_leaf_chemistry.csv,"max(canopy[[""branch_order""]], na.rm = TRUE)"
canopy__branch_order__n_blank,14,Table 2-3 / DAAC doc,Data_Outputs/canopy_leaf_chemistry.csv,"sum(is.na(canopy[[""branch_order""]]))"
canopy__branch_order__blank_added_vs_intermediate,0,Methods / Usage Notes / response letter,Data_Outputs/canopy_leaf_chemistry.csv; Intermediate_Outputs/canopy_chem_intermediate.csv,"sum(is.na(canopy[[""branch_order""]])) - sum(is.na(interm[[""canopy""]][[""branch_order""]]))"
canopy__percent_N__n_nonblank,2390,Table 2-3 / DAAC doc,Data_Outputs/canopy_leaf_chemistry.csv,"sum(!is.na(canopy[[""percent_N""]]))"
canopy__percent_N__min,0.2,Table 2-3 / DAAC doc,Data_Outputs/canopy_leaf_chemistry.csv,"min(canopy[[""percent_N""]], na.rm = TRUE)"
canopy__percent_N__max,4.837029217,Table 2-3 / DAAC doc,Data_Outputs/canopy_leaf_chemistry.csv,"max(canopy[[""percent_N""]], na.rm = TRUE)"
canopy__percent_N__n_blank,119,Table 2-3 / DAAC doc,Data_Outputs/canopy_leaf_chemistry.csv,"sum(is.na(canopy[[""percent_N""]]))"
canopy__percent_N__blank_added_vs_intermediate,0,Methods / Usage Notes / response letter,Data_Outputs/canopy_leaf_chemistry.csv; Intermediate_Outputs/canopy_chem_intermediate.csv,"sum(is.na(canopy[[""percent_N""]])) - sum(is.na(interm[[""canopy""]][[""percent_N""]]))"
canopy__percent_C__n_nonblank,2389,Table 2-3 / DAAC doc,Data_Outputs/canopy_leaf_chemistry.csv,"sum(!is.na(canopy[[""percent_C""]]))"
canopy__percent_C__min,14.38804359,Table 2-3 / DAAC doc,Data_Outputs/canopy_leaf_chemistry.csv,"min(canopy[[""percent_C""]], na.rm = TRUE)"
canopy__percent_C__max,59.95866781,Table 2-3 / DAAC doc,Data_Outputs/canopy_leaf_chemistry.csv,"max(canopy[[""percent_C""]], na.rm = TRUE)"
canopy__percent_C__n_blank,120,Table 2-3 / DAAC doc,Data_Outputs/canopy_leaf_chemistry.csv,"sum(is.na(canopy[[""percent_C""]]))"
canopy__percent_C__blank_added_vs_intermediate,1,Methods / Usage Notes / response letter,Data_Outputs/canopy_leaf_chemistry.csv; Intermediate_Outputs/canopy_chem_intermediate.csv,"sum(is.na(canopy[[""percent_C""]])) - sum(is.na(interm[[""canopy""]][[""percent_C""]]))"
canopy__C_to_N_ratio__n_nonblank,2389,Table 2-3 / DAAC doc,Data_Outputs/canopy_leaf_chemistry.csv,"sum(!is.na(canopy[[""C_to_N_ratio""]]))"
canopy__C_to_N_ratio__min,6.65462518954224,Table 2-3 / DAAC doc,Data_Outputs/canopy_leaf_chemistry.csv,"min(canopy[[""C_to_N_ratio""]], na.rm = TRUE)"
canopy__C_to_N_ratio__max,240.7,Table 2-3 / DAAC doc,Data_Outputs/canopy_leaf_chemistry.csv,"max(canopy[[""C_to_N_ratio""]], na.rm = TRUE)"
canopy__C_to_N_ratio__n_blank,120,Table 2-3 / DAAC doc,Data_Outputs/canopy_leaf_chemistry.csv,"sum(is.na(canopy[[""C_to_N_ratio""]]))"
canopy__C_to_N_ratio__blank_added_vs_intermediate,1,Methods / Usage Notes / response letter,Data_Outputs/canopy_leaf_chemistry.csv; Intermediate_Outputs/canopy_chem_intermediate.csv,"sum(is.na(canopy[[""C_to_N_ratio""]])) - sum(is.na(interm[[""canopy""]][[""C_to_N_ratio""]]))"
canopy__d_15N_14N__n_nonblank,2390,Table 2-3 / DAAC doc,Data_Outputs/canopy_leaf_chemistry.csv,"sum(!is.na(canopy[[""d_15N_14N""]]))"
canopy__d_15N_14N__min,-10.26540887,Table 2-3 / DAAC doc,Data_Outputs/canopy_leaf_chemistry.csv,"min(canopy[[""d_15N_14N""]], na.rm = TRUE)"
canopy__d_15N_14N__max,17.38413758,Table 2-3 / DAAC doc,Data_Outputs/canopy_leaf_chemistry.csv,"max(canopy[[""d_15N_14N""]], na.rm = TRUE)"
canopy__d_15N_14N__n_blank,119,Table 2-3 / DAAC doc,Data_Outputs/canopy_leaf_chemistry.csv,"sum(is.na(canopy[[""d_15N_14N""]]))"
canopy__d_15N_14N__blank_added_vs_intermediate,0,Methods / Usage Notes / response letter,Data_Outputs/canopy_leaf_chemistry.csv; Intermediate_Outputs/canopy_chem_intermediate.csv,"sum(is.na(canopy[[""d_15N_14N""]])) - sum(is.na(interm[[""canopy""]][[""d_15N_14N""]]))"
canopy__d_13C_12C__n_nonblank,2390,Table 2-3 / DAAC doc,Data_Outputs/canopy_leaf_chemistry.csv,"sum(!is.na(canopy[[""d_13C_12C""]]))"
canopy__d_13C_12C__min,-33.2334073,Table 2-3 / DAAC doc,Data_Outputs/canopy_leaf_chemistry.csv,"min(canopy[[""d_13C_12C""]], na.rm = TRUE)"
canopy__d_13C_12C__max,-11.50918626,Table 2-3 / DAAC doc,Data_Outputs/canopy_leaf_chemistry.csv,"max(canopy[[""d_13C_12C""]], na.rm = TRUE)"
canopy__d_13C_12C__n_blank,119,Table 2-3 / DAAC doc,Data_Outputs/canopy_leaf_chemistry.csv,"sum(is.na(canopy[[""d_13C_12C""]]))"
canopy__d_13C_12C__blank_added_vs_intermediate,0,Methods / Usage Notes / response letter,Data_Outputs/canopy_leaf_chemistry.csv; Intermediate_Outputs/canopy_chem_intermediate.csv,"sum(is.na(canopy[[""d_13C_12C""]])) - sum(is.na(interm[[""canopy""]][[""d_13C_12C""]]))"
leaf__leaf_area_cm2__n_nonblank,9403,Table 2-3 / DAAC doc,Data_Outputs/leaf_struct_water_traits.csv,"sum(!is.na(leafstruc[[""leaf_area_cm2""]]))"
leaf__leaf_area_cm2__min,0.19,Table 2-3 / DAAC doc,Data_Outputs/leaf_struct_water_traits.csv,"min(leafstruc[[""leaf_area_cm2""]], na.rm = TRUE)"
leaf__leaf_area_cm2__max,573.53,Table 2-3 / DAAC doc,Data_Outputs/leaf_struct_water_traits.csv,"max(leafstruc[[""leaf_area_cm2""]], na.rm = TRUE)"
leaf__leaf_area_cm2__n_blank,144,Table 2-3 / DAAC doc,Data_Outputs/leaf_struct_water_traits.csv,"sum(is.na(leafstruc[[""leaf_area_cm2""]]))"
leaf__leaf_area_cm2__blank_added_vs_intermediate,111,Methods / Usage Notes / response letter,Data_Outputs/leaf_struct_water_traits.csv; Intermediate_Outputs/leaf_struc_intermediate.csv,"sum(is.na(leafstruc[[""leaf_area_cm2""]])) - sum(is.na(interm[[""leaf""]][[""leaf_area_cm2""]]))"
leaf__leaf_length_cm__n_nonblank,9406,Table 2-3 / DAAC doc,Data_Outputs/leaf_struct_water_traits.csv,"sum(!is.na(leafstruc[[""leaf_length_cm""]]))"
leaf__leaf_length_cm__min,0.011,Table 2-3 / DAAC doc,Data_Outputs/leaf_struct_water_traits.csv,"min(leafstruc[[""leaf_length_cm""]], na.rm = TRUE)"
leaf__leaf_length_cm__max,210.5,Table 2-3 / DAAC doc,Data_Outputs/leaf_struct_water_traits.csv,"max(leafstruc[[""leaf_length_cm""]], na.rm = TRUE)"
leaf__leaf_length_cm__n_blank,141,Table 2-3 / DAAC doc,Data_Outputs/leaf_struct_water_traits.csv,"sum(is.na(leafstruc[[""leaf_length_cm""]]))"
leaf__leaf_length_cm__blank_added_vs_intermediate,111,Methods / Usage Notes / response letter,Data_Outputs/leaf_struct_water_traits.csv; Intermediate_Outputs/leaf_struc_intermediate.csv,"sum(is.na(leafstruc[[""leaf_length_cm""]])) - sum(is.na(interm[[""leaf""]][[""leaf_length_cm""]]))"
leaf__avg_leaf_width_cm__n_nonblank,9396,Table 2-3 / DAAC doc,Data_Outputs/leaf_struct_water_traits.csv,"sum(!is.na(leafstruc[[""avg_leaf_width_cm""]]))"
leaf__avg_leaf_width_cm__min,0.002,Table 2-3 / DAAC doc,Data_Outputs/leaf_struct_water_traits.csv,"min(leafstruc[[""avg_leaf_width_cm""]], na.rm = TRUE)"
leaf__avg_leaf_width_cm__max,23.5,Table 2-3 / DAAC doc,Data_Outputs/leaf_struct_water_traits.csv,"max(leafstruc[[""avg_leaf_width_cm""]], na.rm = TRUE)"
leaf__avg_leaf_width_cm__n_blank,151,Table 2-3 / DAAC doc,Data_Outputs/leaf_struct_water_traits.csv,"sum(is.na(leafstruc[[""avg_leaf_width_cm""]]))"
leaf__avg_leaf_width_cm__blank_added_vs_intermediate,111,Methods / Usage Notes / response letter,Data_Outputs/leaf_struct_water_traits.csv; Intermediate_Outputs/leaf_struc_intermediate.csv,"sum(is.na(leafstruc[[""avg_leaf_width_cm""]])) - sum(is.na(interm[[""leaf""]][[""avg_leaf_width_cm""]]))"
leaf__max_leaf_width_cm__n_nonblank,9403,Table 2-3 / DAAC doc,Data_Outputs/leaf_struct_water_traits.csv,"sum(!is.na(leafstruc[[""max_leaf_width_cm""]]))"
leaf__max_leaf_width_cm__min,0.002,Table 2-3 / DAAC doc,Data_Outputs/leaf_struct_water_traits.csv,"min(leafstruc[[""max_leaf_width_cm""]], na.rm = TRUE)"
leaf__max_leaf_width_cm__max,47,Table 2-3 / DAAC doc,Data_Outputs/leaf_struct_water_traits.csv,"max(leafstruc[[""max_leaf_width_cm""]], na.rm = TRUE)"
leaf__max_leaf_width_cm__n_blank,144,Table 2-3 / DAAC doc,Data_Outputs/leaf_struct_water_traits.csv,"sum(is.na(leafstruc[[""max_leaf_width_cm""]]))"
leaf__max_leaf_width_cm__blank_added_vs_intermediate,111,Methods / Usage Notes / response letter,Data_Outputs/leaf_struct_water_traits.csv; Intermediate_Outputs/leaf_struc_intermediate.csv,"sum(is.na(leafstruc[[""max_leaf_width_cm""]])) - sum(is.na(interm[[""leaf""]][[""max_leaf_width_cm""]]))"
leaf__leaf_thickness_mm__n_nonblank,9265,Table 2-3 / DAAC doc,Data_Outputs/leaf_struct_water_traits.csv,"sum(!is.na(leafstruc[[""leaf_thickness_mm""]]))"
leaf__leaf_thickness_mm__min,0.002,Table 2-3 / DAAC doc,Data_Outputs/leaf_struct_water_traits.csv,"min(leafstruc[[""leaf_thickness_mm""]], na.rm = TRUE)"
leaf__leaf_thickness_mm__max,34.5,Table 2-3 / DAAC doc,Data_Outputs/leaf_struct_water_traits.csv,"max(leafstruc[[""leaf_thickness_mm""]], na.rm = TRUE)"
leaf__leaf_thickness_mm__n_blank,282,Table 2-3 / DAAC doc,Data_Outputs/leaf_struct_water_traits.csv,"sum(is.na(leafstruc[[""leaf_thickness_mm""]]))"
leaf__leaf_thickness_mm__blank_added_vs_intermediate,239,Methods / Usage Notes / response letter,Data_Outputs/leaf_struct_water_traits.csv; Intermediate_Outputs/leaf_struc_intermediate.csv,"sum(is.na(leafstruc[[""leaf_thickness_mm""]])) - sum(is.na(interm[[""leaf""]][[""leaf_thickness_mm""]]))"
leaf__leaf_fresh_wgt_g__n_nonblank,8920,Table 2-3 / DAAC doc,Data_Outputs/leaf_struct_water_traits.csv,"sum(!is.na(leafstruc[[""leaf_fresh_wgt_g""]]))"
leaf__leaf_fresh_wgt_g__min,0.007,Table 2-3 / DAAC doc,Data_Outputs/leaf_struct_water_traits.csv,"min(leafstruc[[""leaf_fresh_wgt_g""]], na.rm = TRUE)"
leaf__leaf_fresh_wgt_g__max,976.036,Table 2-3 / DAAC doc,Data_Outputs/leaf_struct_water_traits.csv,"max(leafstruc[[""leaf_fresh_wgt_g""]], na.rm = TRUE)"
leaf__leaf_fresh_wgt_g__n_blank,627,Table 2-3 / DAAC doc,Data_Outputs/leaf_struct_water_traits.csv,"sum(is.na(leafstruc[[""leaf_fresh_wgt_g""]]))"
leaf__leaf_fresh_wgt_g__blank_added_vs_intermediate,207,Methods / Usage Notes / response letter,Data_Outputs/leaf_struct_water_traits.csv; Intermediate_Outputs/leaf_struc_intermediate.csv,"sum(is.na(leafstruc[[""leaf_fresh_wgt_g""]])) - sum(is.na(interm[[""leaf""]][[""leaf_fresh_wgt_g""]]))"
leaf__leaf_dry_wgt_g__n_nonblank,9068,Table 2-3 / DAAC doc,Data_Outputs/leaf_struct_water_traits.csv,"sum(!is.na(leafstruc[[""leaf_dry_wgt_g""]]))"
leaf__leaf_dry_wgt_g__min,0.004,Table 2-3 / DAAC doc,Data_Outputs/leaf_struct_water_traits.csv,"min(leafstruc[[""leaf_dry_wgt_g""]], na.rm = TRUE)"
leaf__leaf_dry_wgt_g__max,70.451,Table 2-3 / DAAC doc,Data_Outputs/leaf_struct_water_traits.csv,"max(leafstruc[[""leaf_dry_wgt_g""]], na.rm = TRUE)"
leaf__leaf_dry_wgt_g__n_blank,479,Table 2-3 / DAAC doc,Data_Outputs/leaf_struct_water_traits.csv,"sum(is.na(leafstruc[[""leaf_dry_wgt_g""]]))"
leaf__leaf_dry_wgt_g__blank_added_vs_intermediate,177,Methods / Usage Notes / response letter,Data_Outputs/leaf_struct_water_traits.csv; Intermediate_Outputs/leaf_struc_intermediate.csv,"sum(is.na(leafstruc[[""leaf_dry_wgt_g""]])) - sum(is.na(interm[[""leaf""]][[""leaf_dry_wgt_g""]]))"
leaf__twig_fresh_g__n_nonblank,7122,Table 2-3 / DAAC doc,Data_Outputs/leaf_struct_water_traits.csv,"sum(!is.na(leafstruc[[""twig_fresh_g""]]))"
leaf__twig_fresh_g__min,0.002,Table 2-3 / DAAC doc,Data_Outputs/leaf_struct_water_traits.csv,"min(leafstruc[[""twig_fresh_g""]], na.rm = TRUE)"
leaf__twig_fresh_g__max,103.784,Table 2-3 / DAAC doc,Data_Outputs/leaf_struct_water_traits.csv,"max(leafstruc[[""twig_fresh_g""]], na.rm = TRUE)"
leaf__twig_fresh_g__n_blank,2425,Table 2-3 / DAAC doc,Data_Outputs/leaf_struct_water_traits.csv,"sum(is.na(leafstruc[[""twig_fresh_g""]]))"
leaf__twig_fresh_g__blank_added_vs_intermediate,136,Methods / Usage Notes / response letter,Data_Outputs/leaf_struct_water_traits.csv; Intermediate_Outputs/leaf_struc_intermediate.csv,"sum(is.na(leafstruc[[""twig_fresh_g""]])) - sum(is.na(interm[[""leaf""]][[""twig_fresh_g""]]))"
leaf__twig_dry_g__n_nonblank,6997,Table 2-3 / DAAC doc,Data_Outputs/leaf_struct_water_traits.csv,"sum(!is.na(leafstruc[[""twig_dry_g""]]))"
leaf__twig_dry_g__min,0.001,Table 2-3 / DAAC doc,Data_Outputs/leaf_struct_water_traits.csv,"min(leafstruc[[""twig_dry_g""]], na.rm = TRUE)"
leaf__twig_dry_g__max,10.673,Table 2-3 / DAAC doc,Data_Outputs/leaf_struct_water_traits.csv,"max(leafstruc[[""twig_dry_g""]], na.rm = TRUE)"
leaf__twig_dry_g__n_blank,2550,Table 2-3 / DAAC doc,Data_Outputs/leaf_struct_water_traits.csv,"sum(is.na(leafstruc[[""twig_dry_g""]]))"
leaf__twig_dry_g__blank_added_vs_intermediate,176,Methods / Usage Notes / response letter,Data_Outputs/leaf_struct_water_traits.csv; Intermediate_Outputs/leaf_struc_intermediate.csv,"sum(is.na(leafstruc[[""twig_dry_g""]])) - sum(is.na(interm[[""leaf""]][[""twig_dry_g""]]))"
leaf__lma__n_nonblank,8977,Table 2-3 / DAAC doc,Data_Outputs/leaf_struct_water_traits.csv,"sum(!is.na(leafstruc[[""lma""]]))"
leaf__lma__min,13.4615384615385,Table 2-3 / DAAC doc,Data_Outputs/leaf_struct_water_traits.csv,"min(leafstruc[[""lma""]], na.rm = TRUE)"
leaf__lma__max,3134.84126984127,Table 2-3 / DAAC doc,Data_Outputs/leaf_struct_water_traits.csv,"max(leafstruc[[""lma""]], na.rm = TRUE)"
leaf__lma__n_blank,570,Table 2-3 / DAAC doc,Data_Outputs/leaf_struct_water_traits.csv,"sum(is.na(leafstruc[[""lma""]]))"
leaf__lma__blank_added_vs_intermediate,267,Methods / Usage Notes / response letter,Data_Outputs/leaf_struct_water_traits.csv; Intermediate_Outputs/leaf_struc_intermediate.csv,"sum(is.na(leafstruc[[""lma""]])) - sum(is.na(interm[[""leaf""]][[""lma""]]))"
leaf__lwc__n_nonblank,8694,Table 2-3 / DAAC doc,Data_Outputs/leaf_struct_water_traits.csv,"sum(!is.na(leafstruc[[""lwc""]]))"
leaf__lwc__min,0.0666666666666667,Table 2-3 / DAAC doc,Data_Outputs/leaf_struct_water_traits.csv,"min(leafstruc[[""lwc""]], na.rm = TRUE)"
leaf__lwc__max,63.4047619047619,Table 2-3 / DAAC doc,Data_Outputs/leaf_struct_water_traits.csv,"max(leafstruc[[""lwc""]], na.rm = TRUE)"
leaf__lwc__n_blank,853,Table 2-3 / DAAC doc,Data_Outputs/leaf_struct_water_traits.csv,"sum(is.na(leafstruc[[""lwc""]]))"
leaf__lwc__blank_added_vs_intermediate,324,Methods / Usage Notes / response letter,Data_Outputs/leaf_struct_water_traits.csv; Intermediate_Outputs/leaf_struc_intermediate.csv,"sum(is.na(leafstruc[[""lwc""]])) - sum(is.na(interm[[""leaf""]][[""fwc""]]))"
leaf__succulence__n_nonblank,8618,Table 2-3 / DAAC doc,Data_Outputs/leaf_struct_water_traits.csv,"sum(!is.na(leafstruc[[""succulence""]]))"
leaf__succulence__min,6.53594771241831,Table 2-3 / DAAC doc,Data_Outputs/leaf_struct_water_traits.csv,"min(leafstruc[[""succulence""]], na.rm = TRUE)"
leaf__succulence__max,28299.53125,Table 2-3 / DAAC doc,Data_Outputs/leaf_struct_water_traits.csv,"max(leafstruc[[""succulence""]], na.rm = TRUE)"
leaf__succulence__n_blank,929,Table 2-3 / DAAC doc,Data_Outputs/leaf_struct_water_traits.csv,"sum(is.na(leafstruc[[""succulence""]]))"
leaf__succulence__blank_added_vs_intermediate,421,Methods / Usage Notes / response letter,Data_Outputs/leaf_struct_water_traits.csv; Intermediate_Outputs/leaf_struc_intermediate.csv,"sum(is.na(leafstruc[[""succulence""]])) - sum(is.na(interm[[""leaf""]][[""succulence""]]))"
leaf__ldmc__n_nonblank,8694,Table 2-3 / DAAC doc,Data_Outputs/leaf_struct_water_traits.csv,"sum(!is.na(leafstruc[[""ldmc""]]))"
leaf__ldmc__min,0.0155268022181146,Table 2-3 / DAAC doc,Data_Outputs/leaf_struct_water_traits.csv,"min(leafstruc[[""ldmc""]], na.rm = TRUE)"
leaf__ldmc__max,0.9375,Table 2-3 / DAAC doc,Data_Outputs/leaf_struct_water_traits.csv,"max(leafstruc[[""ldmc""]], na.rm = TRUE)"
leaf__ldmc__n_blank,853,Table 2-3 / DAAC doc,Data_Outputs/leaf_struct_water_traits.csv,"sum(is.na(leafstruc[[""ldmc""]]))"
leaf__ldmc__blank_added_vs_intermediate,346,Methods / Usage Notes / response letter,Data_Outputs/leaf_struct_water_traits.csv; Intermediate_Outputs/leaf_struc_intermediate.csv,"sum(is.na(leafstruc[[""ldmc""]])) - sum(is.na(interm[[""leaf""]][[""ldmc""]]))"
leaf__lwr__n_nonblank,9396,Table 2-3 / DAAC doc,Data_Outputs/leaf_struct_water_traits.csv,"sum(!is.na(leafstruc[[""lwr""]]))"
leaf__lwr__min,0.211111111111111,Table 2-3 / DAAC doc,Data_Outputs/leaf_struct_water_traits.csv,"min(leafstruc[[""lwr""]], na.rm = TRUE)"
leaf__lwr__max,3086.66666666667,Table 2-3 / DAAC doc,Data_Outputs/leaf_struct_water_traits.csv,"max(leafstruc[[""lwr""]], na.rm = TRUE)"
leaf__lwr__n_blank,151,Table 2-3 / DAAC doc,Data_Outputs/leaf_struct_water_traits.csv,"sum(is.na(leafstruc[[""lwr""]]))"
leaf__lwr__blank_added_vs_intermediate,111,Methods / Usage Notes / response letter,Data_Outputs/leaf_struct_water_traits.csv; Intermediate_Outputs/leaf_struc_intermediate.csv,"sum(is.na(leafstruc[[""lwr""]])) - sum(is.na(interm[[""leaf""]][[""lwr""]]))"
leaf__twig_fwc__n_nonblank,6858,Table 2-3 / DAAC doc,Data_Outputs/leaf_struct_water_traits.csv,"sum(!is.na(leafstruc[[""twig_fwc""]]))"
leaf__twig_fwc__min,0.005,Table 2-3 / DAAC doc,Data_Outputs/leaf_struct_water_traits.csv,"min(leafstruc[[""twig_fwc""]], na.rm = TRUE)"
leaf__twig_fwc__max,46.5,Table 2-3 / DAAC doc,Data_Outputs/leaf_struct_water_traits.csv,"max(leafstruc[[""twig_fwc""]], na.rm = TRUE)"
leaf__twig_fwc__n_blank,2689,Table 2-3 / DAAC doc,Data_Outputs/leaf_struct_water_traits.csv,"sum(is.na(leafstruc[[""twig_fwc""]]))"
leaf__twig_fwc__blank_added_vs_intermediate,282,Methods / Usage Notes / response letter,Data_Outputs/leaf_struct_water_traits.csv; Intermediate_Outputs/leaf_struc_intermediate.csv,"sum(is.na(leafstruc[[""twig_fwc""]])) - sum(is.na(interm[[""leaf""]][[""twig_fwc""]]))"
canopy__pubescence__n_B,542,Table 2 / DAAC doc,Data_Outputs/canopy_leaf_chemistry.csv,"sum(canopy[[pubescence_col]] == ""B"", na.rm = TRUE)"
canopy__pubescence__n_L,135,Table 2 / DAAC doc,Data_Outputs/canopy_leaf_chemistry.csv,"sum(canopy[[pubescence_col]] == ""L"", na.rm = TRUE)"
canopy__pubescence__n_N,1153,Table 2 / DAAC doc,Data_Outputs/canopy_leaf_chemistry.csv,"sum(canopy[[pubescence_col]] == ""N"", na.rm = TRUE)"
canopy__pubescence__n_S,148,Table 2 / DAAC doc,Data_Outputs/canopy_leaf_chemistry.csv,"sum(canopy[[pubescence_col]] == ""S"", na.rm = TRUE)"
canopy__pubescence__n_blank,531,Table 2 / DAAC doc,Data_Outputs/canopy_leaf_chemistry.csv,sum(is.na(canopy[[pubescence_col]]))
quality_flag__canopy__rows_with_any_flag,122,Methods / Usage Notes / DAAC doc,Data_Outputs/canopy_leaf_chemistry.csv,sum(!is.na(canopy$quality_flag))
quality_flag__canopy__canopy_magnitude,98,Methods / Usage Notes / DAAC doc,Data_Outputs/canopy_leaf_chemistry.csv,"flag_has(canopy$quality_flag[!is.na(canopy$quality_flag)], ""canopy_magnitude"")"
quality_flag__canopy__n_lma_covariation,26,Methods / Usage Notes / DAAC doc,Data_Outputs/canopy_leaf_chemistry.csv,"flag_has(canopy$quality_flag[!is.na(canopy$quality_flag)], ""n_lma_covariation"")"
quality_flag__leaf__rows_with_any_flag,218,Methods / Usage Notes / DAAC doc,Data_Outputs/leaf_struct_water_traits.csv,sum(!is.na(leafstruc$quality_flag))
quality_flag__leaf__global_range_avg_leaf_width_cm,11,Methods / Usage Notes / DAAC doc,Data_Outputs/leaf_struct_water_traits.csv,"flag_has(leafstruc$quality_flag[!is.na(leafstruc$quality_flag)], ""global_range_avg_leaf_width_cm"")"
quality_flag__leaf__global_range_fwc,76,Methods / Usage Notes / DAAC doc,Data_Outputs/leaf_struct_water_traits.csv,"flag_has(leafstruc$quality_flag[!is.na(leafstruc$quality_flag)], ""global_range_fwc"")"
quality_flag__leaf__global_range_leaf_length_cm,16,Methods / Usage Notes / DAAC doc,Data_Outputs/leaf_struct_water_traits.csv,"flag_has(leafstruc$quality_flag[!is.na(leafstruc$quality_flag)], ""global_range_leaf_length_cm"")"
quality_flag__leaf__global_range_leaf_thickness_mm,51,Methods / Usage Notes / DAAC doc,Data_Outputs/leaf_struct_water_traits.csv,"flag_has(leafstruc$quality_flag[!is.na(leafstruc$quality_flag)], ""global_range_leaf_thickness_mm"")"
quality_flag__leaf__global_range_lma,33,Methods / Usage Notes / DAAC doc,Data_Outputs/leaf_struct_water_traits.csv,"flag_has(leafstruc$quality_flag[!is.na(leafstruc$quality_flag)], ""global_range_lma"")"
quality_flag__leaf__n_lma_covariation,58,Methods / Usage Notes / DAAC doc,Data_Outputs/leaf_struct_water_traits.csv,"flag_has(leafstruc$quality_flag[!is.na(leafstruc$quality_flag)], ""n_lma_covariation"")"
qc__bad_lma__rows,185,Methods / Usage Notes / response letter,Quality_Check_Outputs/bad_lma_values.csv,"nrow(qc[[""bad_lma""]])"
qc__bad_lma__distinct_sample_replicates,185,Methods / Usage Notes / response letter,Quality_Check_Outputs/bad_lma_values.csv,"n_distinct(paste(qc[[""bad_lma""]]$sample_id, qc[[""bad_lma""]]$replicate))"
qc__bad_lma__distinct_samples,107,Methods / Usage Notes / response letter,Quality_Check_Outputs/bad_lma_values.csv,"n_distinct(qc[[""bad_lma""]]$sample_id)"
qc__bad_lma__confidence_both,170,Methods / Usage Notes / response letter,Quality_Check_Outputs/bad_lma_values.csv,"sum(qc[[""bad_lma""]][[""confidence""]] == ""both"", na.rm = TRUE)"
qc__bad_lma__confidence_ratio_only,15,Methods / Usage Notes / response letter,Quality_Check_Outputs/bad_lma_values.csv,"sum(qc[[""bad_lma""]][[""confidence""]] == ""ratio_only"", na.rm = TRUE)"
qc__bad_lma__suspected_bad_area,80,Methods / Usage Notes / response letter,Quality_Check_Outputs/bad_lma_values.csv,"sum(qc[[""bad_lma""]][[""suspected_bad""]] == ""area"", na.rm = TRUE)"
qc__bad_lma__suspected_bad_weight,105,Methods / Usage Notes / response letter,Quality_Check_Outputs/bad_lma_values.csv,"sum(qc[[""bad_lma""]][[""suspected_bad""]] == ""weight"", na.rm = TRUE)"
qc__bad_fwc__rows,228,Methods / Usage Notes / response letter,Quality_Check_Outputs/bad_fwc_values.csv,"nrow(qc[[""bad_fwc""]])"
qc__bad_fwc__distinct_sample_replicates,228,Methods / Usage Notes / response letter,Quality_Check_Outputs/bad_fwc_values.csv,"n_distinct(paste(qc[[""bad_fwc""]]$sample_id, qc[[""bad_fwc""]]$replicate))"
qc__bad_fwc__distinct_samples,123,Methods / Usage Notes / response letter,Quality_Check_Outputs/bad_fwc_values.csv,"n_distinct(qc[[""bad_fwc""]]$sample_id)"
qc__bad_fwc__confidence_both,203,Methods / Usage Notes / response letter,Quality_Check_Outputs/bad_fwc_values.csv,"sum(qc[[""bad_fwc""]][[""confidence""]] == ""both"", na.rm = TRUE)"
qc__bad_fwc__confidence_ratio_only,25,Methods / Usage Notes / response letter,Quality_Check_Outputs/bad_fwc_values.csv,"sum(qc[[""bad_fwc""]][[""confidence""]] == ""ratio_only"", na.rm = TRUE)"
qc__bad_fwc__suspected_bad_leaf_dry_wgt_g,98,Methods / Usage Notes / response letter,Quality_Check_Outputs/bad_fwc_values.csv,"sum(qc[[""bad_fwc""]][[""suspected_bad""]] == ""leaf_dry_wgt_g"", na.rm = TRUE)"
qc__bad_fwc__suspected_bad_leaf_fresh_wgt_g,130,Methods / Usage Notes / response letter,Quality_Check_Outputs/bad_fwc_values.csv,"sum(qc[[""bad_fwc""]][[""suspected_bad""]] == ""leaf_fresh_wgt_g"", na.rm = TRUE)"
qc__bad_ldmc__rows,91,Methods / Usage Notes / response letter,Quality_Check_Outputs/bad_ldmc_values.csv,"nrow(qc[[""bad_ldmc""]])"
qc__bad_ldmc__distinct_sample_replicates,91,Methods / Usage Notes / response letter,Quality_Check_Outputs/bad_ldmc_values.csv,"n_distinct(paste(qc[[""bad_ldmc""]]$sample_id, qc[[""bad_ldmc""]]$replicate))"
qc__bad_ldmc__distinct_samples,54,Methods / Usage Notes / response letter,Quality_Check_Outputs/bad_ldmc_values.csv,"n_distinct(qc[[""bad_ldmc""]]$sample_id)"
qc__bad_ldmc__confidence_both,90,Methods / Usage Notes / response letter,Quality_Check_Outputs/bad_ldmc_values.csv,"sum(qc[[""bad_ldmc""]][[""confidence""]] == ""both"", na.rm = TRUE)"
qc__bad_ldmc__confidence_ratio_only,1,Methods / Usage Notes / response letter,Quality_Check_Outputs/bad_ldmc_values.csv,"sum(qc[[""bad_ldmc""]][[""confidence""]] == ""ratio_only"", na.rm = TRUE)"
qc__bad_ldmc__suspected_bad_leaf_dry_wgt_g,34,Methods / Usage Notes / response letter,Quality_Check_Outputs/bad_ldmc_values.csv,"sum(qc[[""bad_ldmc""]][[""suspected_bad""]] == ""leaf_dry_wgt_g"", na.rm = TRUE)"
qc__bad_ldmc__suspected_bad_leaf_fresh_wgt_g,57,Methods / Usage Notes / response letter,Quality_Check_Outputs/bad_ldmc_values.csv,"sum(qc[[""bad_ldmc""]][[""suspected_bad""]] == ""leaf_fresh_wgt_g"", na.rm = TRUE)"
qc__bad_succulence__rows,228,Methods / Usage Notes / response letter,Quality_Check_Outputs/bad_succulence_values.csv,"nrow(qc[[""bad_succulence""]])"
qc__bad_succulence__distinct_sample_replicates,228,Methods / Usage Notes / response letter,Quality_Check_Outputs/bad_succulence_values.csv,"n_distinct(paste(qc[[""bad_succulence""]]$sample_id, qc[[""bad_succulence""]]$replicate))"
qc__bad_succulence__distinct_samples,123,Methods / Usage Notes / response letter,Quality_Check_Outputs/bad_succulence_values.csv,"n_distinct(qc[[""bad_succulence""]]$sample_id)"
qc__bad_succulence__confidence_both,206,Methods / Usage Notes / response letter,Quality_Check_Outputs/bad_succulence_values.csv,"sum(qc[[""bad_succulence""]][[""confidence""]] == ""both"", na.rm = TRUE)"
qc__bad_succulence__confidence_ratio_only,22,Methods / Usage Notes / response letter,Quality_Check_Outputs/bad_succulence_values.csv,"sum(qc[[""bad_succulence""]][[""confidence""]] == ""ratio_only"", na.rm = TRUE)"
qc__bad_succulence__suspected_bad_leaf_area_cm2,66,Methods / Usage Notes / response letter,Quality_Check_Outputs/bad_succulence_values.csv,"sum(qc[[""bad_succulence""]][[""suspected_bad""]] == ""leaf_area_cm2"", na.rm = TRUE)"
qc__bad_succulence__suspected_bad_leaf_fresh_wgt_g,162,Methods / Usage Notes / response letter,Quality_Check_Outputs/bad_succulence_values.csv,"sum(qc[[""bad_succulence""]][[""suspected_bad""]] == ""leaf_fresh_wgt_g"", na.rm = TRUE)"
qc__bad_twig_fwc__rows,300,Methods / Usage Notes / response letter,Quality_Check_Outputs/bad_twig_fwc_values.csv,"nrow(qc[[""bad_twig_fwc""]])"
qc__bad_twig_fwc__distinct_sample_replicates,300,Methods / Usage Notes / response letter,Quality_Check_Outputs/bad_twig_fwc_values.csv,"n_distinct(paste(qc[[""bad_twig_fwc""]]$sample_id, qc[[""bad_twig_fwc""]]$replicate))"
qc__bad_twig_fwc__distinct_samples,180,Methods / Usage Notes / response letter,Quality_Check_Outputs/bad_twig_fwc_values.csv,"n_distinct(qc[[""bad_twig_fwc""]]$sample_id)"
qc__bad_twig_fwc__confidence_both,205,Methods / Usage Notes / response letter,Quality_Check_Outputs/bad_twig_fwc_values.csv,"sum(qc[[""bad_twig_fwc""]][[""confidence""]] == ""both"", na.rm = TRUE)"
qc__bad_twig_fwc__confidence_ratio_only,95,Methods / Usage Notes / response letter,Quality_Check_Outputs/bad_twig_fwc_values.csv,"sum(qc[[""bad_twig_fwc""]][[""confidence""]] == ""ratio_only"", na.rm = TRUE)"
qc__bad_twig_fwc__suspected_bad_twig_dry_g,170,Methods / Usage Notes / response letter,Quality_Check_Outputs/bad_twig_fwc_values.csv,"sum(qc[[""bad_twig_fwc""]][[""suspected_bad""]] == ""twig_dry_g"", na.rm = TRUE)"
qc__bad_twig_fwc__suspected_bad_twig_fresh_g,130,Methods / Usage Notes / response letter,Quality_Check_Outputs/bad_twig_fwc_values.csv,"sum(qc[[""bad_twig_fwc""]][[""suspected_bad""]] == ""twig_fresh_g"", na.rm = TRUE)"
qc__bad_thickness__rows,239,Methods / Usage Notes / response letter,Quality_Check_Outputs/bad_thickness_values.csv,"nrow(qc[[""bad_thickness""]])"
qc__bad_thickness__distinct_sample_replicates,239,Methods / Usage Notes / response letter,Quality_Check_Outputs/bad_thickness_values.csv,"n_distinct(paste(qc[[""bad_thickness""]]$sample_id, qc[[""bad_thickness""]]$replicate))"
qc__bad_thickness__distinct_samples,136,Methods / Usage Notes / response letter,Quality_Check_Outputs/bad_thickness_values.csv,"n_distinct(qc[[""bad_thickness""]]$sample_id)"
qc__bad_thickness__confidence_both,204,Methods / Usage Notes / response letter,Quality_Check_Outputs/bad_thickness_values.csv,"sum(qc[[""bad_thickness""]][[""confidence""]] == ""both"", na.rm = TRUE)"
qc__bad_thickness__confidence_ratio_only,35,Methods / Usage Notes / response letter,Quality_Check_Outputs/bad_thickness_values.csv,"sum(qc[[""bad_thickness""]][[""confidence""]] == ""ratio_only"", na.rm = TRUE)"
qc__flagged_struc__rows,187,Methods / Usage Notes / response letter,Quality_Check_Outputs/flagged_struc_values.csv,"nrow(qc[[""flagged_struc""]])"
qc__flagged_struc__distinct_sample_replicates,171,Methods / Usage Notes / response letter,Quality_Check_Outputs/flagged_struc_values.csv,"n_distinct(paste(qc[[""flagged_struc""]]$sample_id, qc[[""flagged_struc""]]$replicate))"
qc__flagged_struc__distinct_samples,100,Methods / Usage Notes / response letter,Quality_Check_Outputs/flagged_struc_values.csv,"n_distinct(qc[[""flagged_struc""]]$sample_id)"
qc__flagged_struc__trait_flagged_avg_leaf_width_cm,11,Methods / Usage Notes / response letter,Quality_Check_Outputs/flagged_struc_values.csv,"sum(qc[[""flagged_struc""]][[""trait_flagged""]] == ""avg_leaf_width_cm"", na.rm = TRUE)"
qc__flagged_struc__trait_flagged_fwc,76,Methods / Usage Notes / response letter,Quality_Check_Outputs/flagged_struc_values.csv,"sum(qc[[""flagged_struc""]][[""trait_flagged""]] == ""fwc"", na.rm = TRUE)"
qc__flagged_struc__trait_flagged_leaf_length_cm,16,Methods / Usage Notes / response letter,Quality_Check_Outputs/flagged_struc_values.csv,"sum(qc[[""flagged_struc""]][[""trait_flagged""]] == ""leaf_length_cm"", na.rm = TRUE)"
qc__flagged_struc__trait_flagged_leaf_thickness_mm,51,Methods / Usage Notes / response letter,Quality_Check_Outputs/flagged_struc_values.csv,"sum(qc[[""flagged_struc""]][[""trait_flagged""]] == ""leaf_thickness_mm"", na.rm = TRUE)"
qc__flagged_struc__trait_flagged_lma,33,Methods / Usage Notes / response letter,Quality_Check_Outputs/flagged_struc_values.csv,"sum(qc[[""flagged_struc""]][[""trait_flagged""]] == ""lma"", na.rm = TRUE)"
qc__bad_chemistry__rows,1,Methods / Usage Notes / response letter,Quality_Check_Outputs/bad_chemistry_values.csv,"nrow(qc[[""bad_chemistry""]])"
qc__bad_chemistry__distinct_samples,1,Methods / Usage Notes / response letter,Quality_Check_Outputs/bad_chemistry_values.csv,"n_distinct(qc[[""bad_chemistry""]]$sample_id)"
qc__bad_chemistry__trait_flagged_percent_C,1,Methods / Usage Notes / response letter,Quality_Check_Outputs/bad_chemistry_values.csv,"sum(qc[[""bad_chemistry""]][[""trait_flagged""]] == ""percent_C"", na.rm = TRUE)"
qc__bad_canopy_geometry__rows,0,Methods / Usage Notes / response letter,Quality_Check_Outputs/bad_canopy_geometry_values.csv,"nrow(qc[[""bad_canopy_geometry""]])"
qc__bad_canopy_geometry__distinct_samples,0,Methods / Usage Notes / response letter,Quality_Check_Outputs/bad_canopy_geometry_values.csv,"n_distinct(qc[[""bad_canopy_geometry""]]$sample_id)"
qc__bad_canopy_magnitude__rows,98,Methods / Usage Notes / response letter,Quality_Check_Outputs/bad_canopy_magnitude_values.csv,"nrow(qc[[""bad_canopy_magnitude""]])"
qc__bad_canopy_magnitude__distinct_samples,98,Methods / Usage Notes / response letter,Quality_Check_Outputs/bad_canopy_magnitude_values.csv,"n_distinct(qc[[""bad_canopy_magnitude""]]$sample_id)"
qc__bad_height_magnitude__rows,0,Methods / Usage Notes / response letter,Quality_Check_Outputs/bad_height_magnitude_values.csv,"nrow(qc[[""bad_height_magnitude""]])"
qc__bad_height_magnitude__distinct_samples,0,Methods / Usage Notes / response letter,Quality_Check_Outputs/bad_height_magnitude_values.csv,"n_distinct(qc[[""bad_height_magnitude""]]$sample_id)"
qc__bad_branch_order__rows,0,Methods / Usage Notes / response letter,Quality_Check_Outputs/bad_branch_order_values.csv,"nrow(qc[[""bad_branch_order""]])"
qc__bad_branch_order__distinct_samples,0,Methods / Usage Notes / response letter,Quality_Check_Outputs/bad_branch_order_values.csv,"n_distinct(qc[[""bad_branch_order""]]$sample_id)"
qc__n_lma_covariation__rows,58,Methods / Usage Notes / response letter,Quality_Check_Outputs/outlying_n_lma_covariation_values.csv,"nrow(qc[[""n_lma_covariation""]])"
qc__n_lma_covariation__distinct_sample_replicates,58,Methods / Usage Notes / response letter,Quality_Check_Outputs/outlying_n_lma_covariation_values.csv,"n_distinct(paste(qc[[""n_lma_covariation""]]$sample_id, qc[[""n_lma_covariation""]]$replicate))"
qc__n_lma_covariation__distinct_samples,26,Methods / Usage Notes / response letter,Quality_Check_Outputs/outlying_n_lma_covariation_values.csv,"n_distinct(qc[[""n_lma_covariation""]]$sample_id)"
qc__zero_cover_recode_log__rows,14,Methods / Usage Notes / response letter,Quality_Check_Outputs/zero_cover_recode_log.csv,"nrow(qc[[""zero_cover_recode_log""]])"
removal_map__avg_leaf_width_cm__sample_replicates,111,Methods / Usage Notes / response letter,Quality_Check_Outputs/bad_*_values.csv (rebuilt as in Workflow3_Data_Polish.R),"sum(removal_map$raw_col == ""avg_leaf_width_cm"")"
removal_map__avg_leaf_width_cm__still_present_in_release,0,check (expect 0),Data_Outputs/leaf_struct_water_traits.csv,"sum(!is.na(leafstruc[[""avg_leaf_width_cm""]][leaf_row_key %in% paste(removal_map$sample_ID[removal_map$raw_col == ""avg_leaf_width_cm""], removal_map$replicate[removal_map$raw_col == ""avg_leaf_width_cm""])]))"
removal_map__leaf_area_cm2__sample_replicates,111,Methods / Usage Notes / response letter,Quality_Check_Outputs/bad_*_values.csv (rebuilt as in Workflow3_Data_Polish.R),"sum(removal_map$raw_col == ""leaf_area_cm2"")"
removal_map__leaf_area_cm2__still_present_in_release,0,check (expect 0),Data_Outputs/leaf_struct_water_traits.csv,"sum(!is.na(leafstruc[[""leaf_area_cm2""]][leaf_row_key %in% paste(removal_map$sample_ID[removal_map$raw_col == ""leaf_area_cm2""], removal_map$replicate[removal_map$raw_col == ""leaf_area_cm2""])]))"
removal_map__leaf_dry_wgt_g__sample_replicates,172,Methods / Usage Notes / response letter,Quality_Check_Outputs/bad_*_values.csv (rebuilt as in Workflow3_Data_Polish.R),"sum(removal_map$raw_col == ""leaf_dry_wgt_g"")"
removal_map__leaf_dry_wgt_g__still_present_in_release,0,check (expect 0),Data_Outputs/leaf_struct_water_traits.csv,"sum(!is.na(leafstruc[[""leaf_dry_wgt_g""]][leaf_row_key %in% paste(removal_map$sample_ID[removal_map$raw_col == ""leaf_dry_wgt_g""], removal_map$replicate[removal_map$raw_col == ""leaf_dry_wgt_g""])]))"
removal_map__leaf_fresh_wgt_g__sample_replicates,202,Methods / Usage Notes / response letter,Quality_Check_Outputs/bad_*_values.csv (rebuilt as in Workflow3_Data_Polish.R),"sum(removal_map$raw_col == ""leaf_fresh_wgt_g"")"
removal_map__leaf_fresh_wgt_g__still_present_in_release,0,check (expect 0),Data_Outputs/leaf_struct_water_traits.csv,"sum(!is.na(leafstruc[[""leaf_fresh_wgt_g""]][leaf_row_key %in% paste(removal_map$sample_ID[removal_map$raw_col == ""leaf_fresh_wgt_g""], removal_map$replicate[removal_map$raw_col == ""leaf_fresh_wgt_g""])]))"
removal_map__leaf_length_cm__sample_replicates,111,Methods / Usage Notes / response letter,Quality_Check_Outputs/bad_*_values.csv (rebuilt as in Workflow3_Data_Polish.R),"sum(removal_map$raw_col == ""leaf_length_cm"")"
removal_map__leaf_length_cm__still_present_in_release,0,check (expect 0),Data_Outputs/leaf_struct_water_traits.csv,"sum(!is.na(leafstruc[[""leaf_length_cm""]][leaf_row_key %in% paste(removal_map$sample_ID[removal_map$raw_col == ""leaf_length_cm""], removal_map$replicate[removal_map$raw_col == ""leaf_length_cm""])]))"
removal_map__leaf_thickness_mm__sample_replicates,239,Methods / Usage Notes / response letter,Quality_Check_Outputs/bad_*_values.csv (rebuilt as in Workflow3_Data_Polish.R),"sum(removal_map$raw_col == ""leaf_thickness_mm"")"
removal_map__leaf_thickness_mm__still_present_in_release,0,check (expect 0),Data_Outputs/leaf_struct_water_traits.csv,"sum(!is.na(leafstruc[[""leaf_thickness_mm""]][leaf_row_key %in% paste(removal_map$sample_ID[removal_map$raw_col == ""leaf_thickness_mm""], removal_map$replicate[removal_map$raw_col == ""leaf_thickness_mm""])]))"
removal_map__max_leaf_width_cm__sample_replicates,111,Methods / Usage Notes / response letter,Quality_Check_Outputs/bad_*_values.csv (rebuilt as in Workflow3_Data_Polish.R),"sum(removal_map$raw_col == ""max_leaf_width_cm"")"
removal_map__max_leaf_width_cm__still_present_in_release,0,check (expect 0),Data_Outputs/leaf_struct_water_traits.csv,"sum(!is.na(leafstruc[[""max_leaf_width_cm""]][leaf_row_key %in% paste(removal_map$sample_ID[removal_map$raw_col == ""max_leaf_width_cm""], removal_map$replicate[removal_map$raw_col == ""max_leaf_width_cm""])]))"
removal_map__twig_dry_g__sample_replicates,170,Methods / Usage Notes / response letter,Quality_Check_Outputs/bad_*_values.csv (rebuilt as in Workflow3_Data_Polish.R),"sum(removal_map$raw_col == ""twig_dry_g"")"
removal_map__twig_dry_g__still_present_in_release,0,check (expect 0),Data_Outputs/leaf_struct_water_traits.csv,"sum(!is.na(leafstruc[[""twig_dry_g""]][leaf_row_key %in% paste(removal_map$sample_ID[removal_map$raw_col == ""twig_dry_g""], removal_map$replicate[removal_map$raw_col == ""twig_dry_g""])]))"
removal_map__twig_fresh_g__sample_replicates,130,Methods / Usage Notes / response letter,Quality_Check_Outputs/bad_*_values.csv (rebuilt as in Workflow3_Data_Polish.R),"sum(removal_map$raw_col == ""twig_fresh_g"")"
removal_map__twig_fresh_g__still_present_in_release,0,check (expect 0),Data_Outputs/leaf_struct_water_traits.csv,"sum(!is.na(leafstruc[[""twig_fresh_g""]][leaf_row_key %in% paste(removal_map$sample_ID[removal_map$raw_col == ""twig_fresh_g""], removal_map$replicate[removal_map$raw_col == ""twig_fresh_g""])]))"
release_leaf__rows_sharing_a_sample_replicate_key,0,check,Data_Outputs/leaf_struct_water_traits.csv,"sum(duplicated(leaf_row_key) | duplicated(leaf_row_key, fromLast = TRUE))"
release_leaf__sample_IDs_with_repeated_replicate_labels,0,check,Data_Outputs/leaf_struct_water_traits.csv,"n_distinct(leafstruc$sample_ID[duplicated(leaf_row_key) | duplicated(leaf_row_key, fromLast = TRUE)])"
removal_map__distinct_keys,848,check,Quality_Check_Outputs/bad_*_values.csv,"n_distinct(paste(removal_map$sample_ID, removal_map$replicate))"
removal_map__keys_matching_no_release_row,0,check,Quality_Check_Outputs/bad_*_values.csv; Data_Outputs/leaf_struct_water_traits.csv,"sum(!unique(paste(removal_map$sample_ID, removal_map$replicate)) %in% leaf_row_key)"
releve__surveys_releve_ID,1828,abstract / Table 1 / Results,Data_Outputs/releve.csv,n_distinct(releve$releve_ID)
releve__distinct_plot_ids,1684,Results / Methods,Data_Outputs/releve.csv,n_distinct(releve$plot)
releve__plots_with_total_cover,1666,Results / response letter,Data_Outputs/releve.csv,sum(!is.na(releve_plots$plot_percent_cover))
releve__plots_without_total_cover,162,Results / response letter,Data_Outputs/releve.csv,sum(is.na(releve_plots$plot_percent_cover))
releve__plots_cover_over_threshold,583,Results / response letter,Data_Outputs/releve.csv,"sum(releve_plots$plot_percent_cover > cover_threshold, na.rm = TRUE)"
releve__share_plots_cover_over_threshold_pct_all,31.8927789934354,Results / response letter,Data_Outputs/releve.csv,"100 * sum(releve_plots$plot_percent_cover > cover_threshold, na.rm = TRUE)/nrow(releve_plots)"
releve__share_plots_cover_over_threshold_pct_with_cover,34.9939975990396,Results / response letter,Data_Outputs/releve.csv,"100 * sum(releve_plots$plot_percent_cover > cover_threshold, na.rm = TRUE)/sum(!is.na(releve_plots$plot_percent_cover))"
releve__max_plot_percent_cover,585,Results / response letter,Data_Outputs/releve.csv,"max(releve_plots$plot_percent_cover, na.rm = TRUE)"
releve__plots_cover_method__condensed_Acocks_abundance_class_only,162,Methods / Data Records / DAAC doc,Data_Outputs/releve.csv,"sum(releve_plots$cover_method == ""condensed_Acocks_abundance_class_only"", na.rm = TRUE)"
releve__plots_cover_method__percent_cover_class_derived_from_Braun_Blanquet,745,Methods / Data Records / DAAC doc,Data_Outputs/releve.csv,"sum(releve_plots$cover_method == ""percent_cover_class_derived_from_Braun_Blanquet"", na.rm = TRUE)"
releve__plots_cover_method__percent_cover_class_from_Braun_Blanquet_Werger,486,Methods / Data Records / DAAC doc,Data_Outputs/releve.csv,"sum(releve_plots$cover_method == ""percent_cover_class_from_Braun_Blanquet_Werger"", na.rm = TRUE)"
releve__plots_cover_method__percent_cover_continuous,435,Methods / Data Records / DAAC doc,Data_Outputs/releve.csv,"sum(releve_plots$cover_method == ""percent_cover_continuous"", na.rm = TRUE)"
releve__abundance_class_values,"1, 2, 3, 4, 5",Methods / DAAC doc,Data_Outputs/releve.csv,"paste(sort(unique(na.omit(releve$abundance_class))), collapse = "", "")"
releve__records_with_abundance_class,6066,Methods / DAAC doc,Data_Outputs/releve.csv,sum(!is.na(releve$abundance_class))
releve__records_with_percent_cover,38094,Methods / DAAC doc,Data_Outputs/releve.csv,sum(!is.na(releve$percent_cover))
releve__cape_point__1966__surveys,81,Results / response letter,Data_Outputs/releve.csv,n_distinct(cape_point$releve_ID[cape_point$year == 1966])
releve__cape_point__1966__species_records,3110,Results / response letter,Data_Outputs/releve.csv,sum(cape_point$year == 1966)
releve__cape_point__1966__records_with_percent_cover,0,Results / response letter,Data_Outputs/releve.csv,sum(!is.na(cape_point$percent_cover[cape_point$year == 1966]))
releve__cape_point__1966__cover_method,condensed_Acocks_abundance_class_only,Methods / response letter,Data_Outputs/releve.csv,"paste(sort(unique(cape_point$cover_method[cape_point$year == 1966])), collapse = "" + "")"
releve__cape_point__1996__surveys,81,Results / response letter,Data_Outputs/releve.csv,n_distinct(cape_point$releve_ID[cape_point$year == 1996])
releve__cape_point__1996__species_records,2956,Results / response letter,Data_Outputs/releve.csv,sum(cape_point$year == 1996)
releve__cape_point__1996__records_with_percent_cover,0,Results / response letter,Data_Outputs/releve.csv,sum(!is.na(cape_point$percent_cover[cape_point$year == 1996]))
releve__cape_point__1996__cover_method,condensed_Acocks_abundance_class_only,Methods / response letter,Data_Outputs/releve.csv,"paste(sort(unique(cape_point$cover_method[cape_point$year == 1996])), collapse = "" + "")"
releve__cape_point__2010__surveys,67,Results / response letter,Data_Outputs/releve.csv,n_distinct(cape_point$releve_ID[cape_point$year == 2010])
releve__cape_point__2010__species_records,2455,Results / response letter,Data_Outputs/releve.csv,sum(cape_point$year == 2010)
releve__cape_point__2010__records_with_percent_cover,2455,Results / response letter,Data_Outputs/releve.csv,sum(!is.na(cape_point$percent_cover[cape_point$year == 2010]))
releve__cape_point__2010__cover_method,percent_cover_continuous,Methods / response letter,Data_Outputs/releve.csv,"paste(sort(unique(cape_point$cover_method[cape_point$year == 2010])), collapse = "" + "")"
releve__records_percent_cover_below_0.1,304,response letter,Data_Outputs/releve.csv,"sum(releve$percent_cover < 0.1, na.rm = TRUE)"
releve__records_percent_cover_equal_0.1,8769,response letter,Data_Outputs/releve.csv,"sum(releve$percent_cover == 0.1, na.rm = TRUE)"
releve__min_percent_cover,0.01,response letter,Data_Outputs/releve.csv,"min(releve$percent_cover, na.rm = TRUE)"
releve__surveys__baviaanskloof__1992,120,Methods / Results,Data_Outputs/releve.csv,"sum(releve_plots$subregion == ""baviaanskloof"" & releve_plots$year == 1992)"
releve__surveys__baviaanskloof__2011,240,Methods / Results,Data_Outputs/releve.csv,"sum(releve_plots$subregion == ""baviaanskloof"" & releve_plots$year == 2011)"
releve__surveys__cape_point__1966,81,Methods / Results,Data_Outputs/releve.csv,"sum(releve_plots$subregion == ""cape_point"" & releve_plots$year == 1966)"
releve__surveys__cape_point__1996,81,Methods / Results,Data_Outputs/releve.csv,"sum(releve_plots$subregion == ""cape_point"" & releve_plots$year == 1996)"
releve__surveys__cape_point__2010,67,Methods / Results,Data_Outputs/releve.csv,"sum(releve_plots$subregion == ""cape_point"" & releve_plots$year == 2010)"
releve__surveys__cederberg__1996,190,Methods / Results,Data_Outputs/releve.csv,"sum(releve_plots$subregion == ""cederberg"" & releve_plots$year == 1996)"
releve__surveys__hangklip__1978,251,Methods / Results,Data_Outputs/releve.csv,"sum(releve_plots$subregion == ""hangklip"" & releve_plots$year == 1978)"
releve__surveys__htr__2004,386,Methods / Results,Data_Outputs/releve.csv,"sum(releve_plots$subregion == ""htr"" & releve_plots$year == 2004)"
releve__surveys__htr__2013,100,Methods / Results,Data_Outputs/releve.csv,"sum(releve_plots$subregion == ""htr"" & releve_plots$year == 2013)"
releve__surveys__htr__2014,8,Methods / Results,Data_Outputs/releve.csv,"sum(releve_plots$subregion == ""htr"" & releve_plots$year == 2014)"
releve__surveys__langeberg__1993,304,Methods / Results,Data_Outputs/releve.csv,"sum(releve_plots$subregion == ""langeberg"" & releve_plots$year == 1993)"
releve__cape_point__max_percent_cover,75.5,Results / response letter,Data_Outputs/releve.csv,"max(cape_point$percent_cover, na.rm = TRUE)"
releve__cape_point__max_plot_percent_cover,149.22,Results / response letter,Data_Outputs/releve.csv,"max(cape_point$plot_percent_cover, na.rm = TRUE)"
vnir__spectra__baviaanskloof,1243,Table 1 / Data Records / DAAC doc,Data_Outputs/vnir_spectra.csv,"sum(vnir$subregion == ""baviaanskloof"")"
vnir__spectra__cape_point,462,Table 1 / Data Records / DAAC doc,Data_Outputs/vnir_spectra.csv,"sum(vnir$subregion == ""cape_point"")"
vnir__spectra__cederberg,280,Table 1 / Data Records / DAAC doc,Data_Outputs/vnir_spectra.csv,"sum(vnir$subregion == ""cederberg"")"
vnir__spectra__hangklip,350,Table 1 / Data Records / DAAC doc,Data_Outputs/vnir_spectra.csv,"sum(vnir$subregion == ""hangklip"")"
vnir__spectra__htr,445,Table 1 / Data Records / DAAC doc,Data_Outputs/vnir_spectra.csv,"sum(vnir$subregion == ""htr"")"
vnir__spectra__langeberg,296,Table 1 / Data Records / DAAC doc,Data_Outputs/vnir_spectra.csv,"sum(vnir$subregion == ""langeberg"")"
vnir__distinct_sample_ID,1906,Data Records / DAAC doc,Data_Outputs/vnir_spectra.csv,n_distinct(vnir$sample_ID)
vnir__sample_ID_range_first,619_1_hangklip,DAAC doc,Data_Outputs/vnir_spectra.csv,range(vnir$sample_ID)[1]
vnir__sample_ID_range_last,825_9_htr,DAAC doc,Data_Outputs/vnir_spectra.csv,range(vnir$sample_ID)[2]
vnir__wavelength_first_col,X450,Methods / DAAC doc,Data_Outputs/vnir_spectra.csv,"grep(""^X[0-9]+$"", names(vnir), value = TRUE)[1]"
vnir__wavelength_last_col,X949,Methods / DAAC doc,Data_Outputs/vnir_spectra.csv,"rev(grep(""^X[0-9]+$"", names(vnir), value = TRUE))[1]"
vnir__link_canopy__no_trait_sample,0,Data Records / response letter,Data_Outputs/vnir_spectra.csv; Data_Outputs/canopy_leaf_chemistry.csv,sum(vnir_link_canopy$n_trait_samples == 0)
vnir__link_canopy__one_trait_sample,2836,Data Records / response letter,Data_Outputs/vnir_spectra.csv; Data_Outputs/canopy_leaf_chemistry.csv,sum(vnir_link_canopy$n_trait_samples == 1)
vnir__link_canopy__two_trait_samples,240,Data Records / response letter,Data_Outputs/vnir_spectra.csv; Data_Outputs/canopy_leaf_chemistry.csv,sum(vnir_link_canopy$n_trait_samples == 2)
vnir__link_canopy__more_than_two_trait_samples,0,Data Records / response letter,Data_Outputs/vnir_spectra.csv; Data_Outputs/canopy_leaf_chemistry.csv,sum(vnir_link_canopy$n_trait_samples > 2)
vnir__link_leaf__no_trait_sample,0,Data Records / response letter,Data_Outputs/vnir_spectra.csv; Data_Outputs/leaf_struct_water_traits.csv,sum(vnir_link_leaf$n_trait_samples == 0)
vnir__link_leaf__one_trait_sample,2836,Data Records / response letter,Data_Outputs/vnir_spectra.csv; Data_Outputs/leaf_struct_water_traits.csv,sum(vnir_link_leaf$n_trait_samples == 1)
vnir__link_leaf__two_trait_samples,240,Data Records / response letter,Data_Outputs/vnir_spectra.csv; Data_Outputs/leaf_struct_water_traits.csv,sum(vnir_link_leaf$n_trait_samples == 2)
vnir__link_leaf__more_than_two_trait_samples,0,Data Records / response letter,Data_Outputs/vnir_spectra.csv; Data_Outputs/leaf_struct_water_traits.csv,sum(vnir_link_leaf$n_trait_samples > 2)
vnir__link_canopy__one_trait_sample_species_agree,2777,Usage Notes / response letter,Data_Outputs/vnir_spectra.csv; canopy_leaf_chemistry.csv,"sum(vnir_species_check$vnir_species == vnir_species_check$trait_species, na.rm = TRUE)"
vnir__link_canopy__one_trait_sample_species_differ,59,Usage Notes / response letter,Data_Outputs/vnir_spectra.csv; canopy_leaf_chemistry.csv,"sum(vnir_species_check$vnir_species != vnir_species_check$trait_species, na.rm = TRUE)"
leaf_type_archived__cladode,18,Methods / response letter,Provenance/leaf_type_full_archive_and_removal_log.csv,"sum(prov$leaf_type_archive$leaf_type == ""cladode"", na.rm = TRUE)"
leaf_type_archived__frond,19,Methods / response letter,Provenance/leaf_type_full_archive_and_removal_log.csv,"sum(prov$leaf_type_archive$leaf_type == ""frond"", na.rm = TRUE)"
leaf_type_archived__leaf,2180,Methods / response letter,Provenance/leaf_type_full_archive_and_removal_log.csv,"sum(prov$leaf_type_archive$leaf_type == ""leaf"", na.rm = TRUE)"
leaf_type_archived__microphyll,1,Methods / response letter,Provenance/leaf_type_full_archive_and_removal_log.csv,"sum(prov$leaf_type_archive$leaf_type == ""microphyll"", na.rm = TRUE)"
leaf_type_archived__none,4,Methods / response letter,Provenance/leaf_type_full_archive_and_removal_log.csv,"sum(prov$leaf_type_archive$leaf_type == ""none"", na.rm = TRUE)"
leaf_type_archived__phyllode,2,Methods / response letter,Provenance/leaf_type_full_archive_and_removal_log.csv,"sum(prov$leaf_type_archive$leaf_type == ""phyllode"", na.rm = TRUE)"
leaf_type_archived__rows,2225,Methods / response letter,Provenance/leaf_type_full_archive_and_removal_log.csv,nrow(prov$leaf_type_archive)
functional_leaf__culm_stem,163,Methods / Table 4 / DAAC doc,Data_Outputs/species_traits.csv,"sum(species$functional_leaf == ""culm_stem"", na.rm = TRUE)"
functional_leaf__leaf,1884,Methods / Table 4 / DAAC doc,Data_Outputs/species_traits.csv,"sum(species$functional_leaf == ""leaf"", na.rm = TRUE)"
functional_leaf__mixed,174,Methods / Table 4 / DAAC doc,Data_Outputs/species_traits.csv,"sum(species$functional_leaf == ""mixed"", na.rm = TRUE)"
functional_leaf__none,4,Methods / Table 4 / DAAC doc,Data_Outputs/species_traits.csv,"sum(species$functional_leaf == ""none"", na.rm = TRUE)"
functional_leaf__blank,0,Methods / Table 4 / DAAC doc,Data_Outputs/species_traits.csv,sum(is.na(species$functional_leaf))
species_traits__lvs_frond__n_1,19,Methods / Table 4 / DAAC doc,Data_Outputs/species_traits.csv,"sum(species[[""lvs_frond""]] == 1, na.rm = TRUE)"
species_traits__lvs_cladode__n_1,18,Methods / Table 4 / DAAC doc,Data_Outputs/species_traits.csv,"sum(species[[""lvs_cladode""]] == 1, na.rm = TRUE)"
species_traits__lvs_phyllode__n_1,2,Methods / Table 4 / DAAC doc,Data_Outputs/species_traits.csv,"sum(species[[""lvs_phyllode""]] == 1, na.rm = TRUE)"
species_traits__lvs_microphyll__n_1,1,Methods / Table 4 / DAAC doc,Data_Outputs/species_traits.csv,"sum(species[[""lvs_microphyll""]] == 1, na.rm = TRUE)"
species_traits__virtually_no_leaves__n_1,191,Methods / Table 4 / DAAC doc,Data_Outputs/species_traits.csv,"sum(species[[""virtually_no_leaves""]] == 1, na.rm = TRUE)"
species_traits__evergreen_1,1953,Methods / response letter,Data_Outputs/species_traits.csv,"sum(species$evergreen == 1, na.rm = TRUE)"
species_traits__deciduous_1,171,Methods / response letter,Data_Outputs/species_traits.csv,"sum(species$deciduous == 1, na.rm = TRUE)"
species_traits__evergreen_and_deciduous_both_1,0,Methods / response letter,Data_Outputs/species_traits.csv,"sum(species$evergreen == 1 & species$deciduous == 1, na.rm = TRUE)"
species_traits__evergreen_and_deciduous_both_0,0,Methods / response letter,Data_Outputs/species_traits.csv,"sum(species$evergreen == 0 & species$deciduous == 0, na.rm = TRUE)"
species_traits__evergreen_and_deciduous_both_blank,101,Methods / response letter,Data_Outputs/species_traits.csv,sum(is.na(species$evergreen) & is.na(species$deciduous))
evergreen_deciduous__recoded_0_0_to_blank,101,Methods / response letter,Provenance/evergreen_deciduous_na_recode_log.csv,nrow(prov$evergreen_deciduous_na)
evergreen_deciduous__conflict_1_1_recoded,21,Methods / response letter,Provenance/evergreen_deciduous_conflict_recode_log.csv,nrow(prov$evergreen_deciduous_conflict)
