NewUID,sample_id,replicate,ScientificName_WFO,ldmc,trait_ratio,leaf_fresh_wgt_g,comp1_dev,leaf_dry_wgt_g,comp2_dev,suspected_bad,cv,flag_high_cv,confidence
723_8_cape_point,723_8_cape_point_c,2,Pelargonium gibbosum,0.889830508,9.191281829926222,0.472,0.5163208351160253,0.42,3.691877704637668,leaf_dry_wgt_g,1.267924861303328,TRUE,both
726_10_baviaanskloof,726_10_baviaanskloof_ASH,4,Cotyledon woodii,0.4,6.60810814539034,1.105,1.145788095560802,0.442,1.578449193762482,leaf_dry_wgt_g,1.1811515133313575,TRUE,both
721_10_baviaanskloof,721_10_baviaanskloof_HK,1,Crassula biplanata,0.382716049,5.615350780339264,0.162,3.1949392085956423,0.062,0.6504155622097723,leaf_fresh_wgt_g,1.0924905029774568,TRUE,both
805_8_htr,805_8_htr_MAL,3,Pteronia glabrata,0.101208459,3.218481795393853,0.662,1.7309600432235486,0.067,0.042435266320396646,leaf_fresh_wgt_g,0.737304817559987,TRUE,both
729_8_cederberg,729_8_cederberg_DEB,10,Ruschia aspera,0.531330472,3.06603812546613,1.165,0.001237833658853792,0.619,1.5256027496248044,leaf_dry_wgt_g,0.5470881417640407,TRUE,both
729_8_cederberg,729_8_cederberg_DEB,5,Ruschia aspera,0.523809524,3.0226385567930794,0.273,2.0945949322806436,0.143,0.7043148078758908,leaf_fresh_wgt_g,0.5470881417640407,TRUE,both
729_8_cederberg,729_8_cederberg_DEB,8,Ruschia aspera,0.508407517,2.933761401878659,1.011,0.20578479129748187,0.514,1.257431699604418,leaf_dry_wgt_g,0.5470881417640407,TRUE,both
729_8_cederberg,729_8_cederberg_DEB,6,Ruschia aspera,0.496368039,2.8642876929461307,0.826,0.497354101781051,0.41,0.9312872499159857,leaf_dry_wgt_g,0.5470881417640407,TRUE,both
620_4_hangklip,620_4_hangklip_HKM,2,Ficinia ramosissima,0.933333333,2.488115943171046,0.015,1.432959407276106,0.014,0.0995356735509144,leaf_fresh_wgt_g,0.5074495375091267,TRUE,both
820_13_htr,820_13_htr_MAL,1,Arctotheca calendula,0.232600733,2.428534165410971,0.546,1.869054267167311,0.127,0.47074693186513145,leaf_fresh_wgt_g,0.564468567229184,TRUE,both
818_41_htr,818_41_htr_EPO,3,Gymnodiscus capillaris,0.113636364,2.267239788849456,0.044,1.288761230952163,0.005,0,leaf_fresh_wgt_g,0.5316305901000272,TRUE,both
804_18_cape_point,804_18_cape_point_a,3,Pentameris curvifolia,0.731707317,2.2391043599904736,0.041,3.4941970367979738,0.03,0.7224660244710913,leaf_fresh_wgt_g,0.7709168707905295,TRUE,both
721_42_cape_point,721_42_cape_point_b,3,Metalasia muricata,0.515151515,2.183059166585935,0.132,2.4791678366985592,0.068,0.3459958548491926,leaf_fresh_wgt_g,0.7632671604418163,TRUE,both
729_22_cape_point,729_22_cape_point_b,1,Leucadendron coniferum,0.465,2.179436759206223,0.2,1.7420062108667362,0.093,1.031364170909335,leaf_fresh_wgt_g,0.7690243254173456,TRUE,both
729_8_cederberg,729_8_cederberg_DEB,9,Ruschia aspera,0.374663073,2.161990186066911,0.371,1.6520766965796931,0.139,0.7452450719307726,leaf_fresh_wgt_g,0.5470881417640407,TRUE,both
725_48_cape_point,725_48_cape_point_c,2,Lobelia pinifolia,0.343137255,2.160493826577503,0.102,1.906890595608519,0.035,0.5443205162238104,leaf_fresh_wgt_g,0.7402297056081633,TRUE,both
721_28_cape_point,721_28_cape_point_b,3,Tetraria flexuosa,0.404255319,2.160392799294182,0.235,1.1347103088582544,0.095,1.3410369178350672,leaf_dry_wgt_g,0.7645872181797506,TRUE,both
620_9_hangklip,620_9_hangklip_HKM,3,Carpobrotus acinaciformis,0.429405738,2.0940822035029347,9.76,1.1220948696448219,4.191,2.1001259139359045,leaf_dry_wgt_g,0.587298920018127,TRUE,both
701_13_baviaanskloof,701_13_baviaanskloof_KE,2,Aristida congesta,0.585365854,2.0610486352211037,0.041,1.2349050326499966,0.024,0.5405683813627028,leaf_fresh_wgt_g,0.7213846435047412,TRUE,both
724_15_cederberg,724_15_cederberg_SM,4,Aspalathus polycephala,0.574712644,2.055033090293024,0.087,3.0246620542342693,0.05,1.6780719051126376,leaf_fresh_wgt_g,0.42512373357798605,TRUE,both
723_15_cape_point,723_15_cape_point_c,1,Diastella divaricata,0.42,2.0481218268116326,0.05,1.713695814843359,0.021,0.36257007938470803,leaf_fresh_wgt_g,0.5107856560253987,TRUE,both
806_22_htr,806_22_htr_EPO,4,Cephalophyllum framesii,0.365935919,2.033064885105496,0.593,0.1921888416952302,0.217,0.778557657750169,leaf_dry_wgt_g,0.3910772288249725,TRUE,both
724_15_cederberg,724_15_cederberg_SM,5,Aspalathus polycephala,0.5625,2.0113636359979337,0.08,3.145677455195635,0.045,1.8300749985576876,leaf_fresh_wgt_g,0.42512373357798605,TRUE,both
802_1_cederberg,802_1_cederberg_JL,4,Asparagus retrofractus,0.673815461,2.0090419093312524,0.401,0.7226459228491395,0.2702,1.7273866173541887,leaf_dry_wgt_g,0.365996649899425,TRUE,both
724_15_cederberg,724_15_cederberg_SM,2,Aspalathus polycephala,0.560747664,2.0050977072718004,0.107,2.7261385636818507,0.06,1.415037499278844,leaf_fresh_wgt_g,0.42512373357798605,TRUE,both
724_15_cederberg,724_15_cederberg_SM,1,Aspalathus polycephala,0.56043956,2.0039960020598793,0.091,2.9598109098843013,0.051,1.6495027529158668,leaf_fresh_wgt_g,0.42512373357798605,TRUE,both
625_7_hangklip,625_7_hangklip_EFG,4,Crassula capensis,0.150887574,2.0022224641865756,0.338,0.4256690510087304,0.051,0.5639008851933263,leaf_dry_wgt_g,0.3954467892382726,TRUE,both
820_13_htr,820_13_htr_MAL,3,Arctotheca calendula,0.084413627,0.49692550196458457,3.317,2.4453648788816897,0.28,1.4926583964013178,leaf_fresh_wgt_g,0.564468567229184,TRUE,both
625_11_hangklip,625_11_hangklip_ET,6,Gnidia oppositifolia,0.208588957,0.49038461549764234,0.163,0.860725211397872,0.034,1.9012218455218264,leaf_dry_wgt_g,0.3255794208777926,TRUE,both
620_10_hangklip,620_10_hangklip_HKM,3,Othonna quinquedentata,0.070446735,0.48942064766608284,0.582,1.2647891955679078,0.041,2.407319586118007,leaf_dry_wgt_g,0.32332239519153394,TRUE,both
724_9_cederberg,724_9_cederberg_SM,5,Solanum tomentosum,0.280748663,0.48835778799284313,0.748,0.415037499278844,0.21,0.5572175102382518,leaf_dry_wgt_g,0.358914158239017,TRUE,both
723_1_cape_point,723_1_cape_point_c,1,Struthiola ciliata,0.290322581,0.47479303510027504,0.062,0.19930880822340638,0.018,0.8073549220576042,leaf_dry_wgt_g,0.445117553819903,TRUE,both
724_14_cederberg,724_14_cederberg_SM,3,Othonna quinquedentata,0.189414115,0.4743401633051515,3.004,1.7118911739192173,0.569,0.47280474280113577,leaf_fresh_wgt_g,0.3748673412554106,TRUE,both
625_11_hangklip,625_11_hangklip_ET,1,Gnidia oppositifolia,0.201149425,0.4728945618928276,0.174,0.7665098697802215,0.035,1.8594016698271993,leaf_dry_wgt_g,0.3255794208777926,TRUE,both
724_14_cederberg,724_14_cederberg_SM,8,Othonna quinquedentata,0.188209607,0.4713237749994418,2.29,1.3203539593892517,0.431,0.07206395958365215,leaf_fresh_wgt_g,0.3748673412554106,TRUE,both
708_17_baviaanskloof,708_17_baviaanskloof_KE,1,Andropogon appendiculatus,0.185628743,0.47106564787458977,0.167,0.40093055308346837,0.031,1.505235308250422,leaf_dry_wgt_g,0.3802326584065097,TRUE,both
704_31_langeberg,704_31_langeberg_TEM,3,Ocotea bullata,0.20042796,0.46794169129429536,1.402,0.23410211354846133,0.281,0.8641641095244024,leaf_dry_wgt_g,0.26917640479409155,TRUE,both
818_41_htr,818_41_htr_EPO,1,Gymnodiscus capillaris,0.040540541,0.467763265355242,0.148,1.4150374992788437,0.006,0.41503749927884376,leaf_fresh_wgt_g,0.5316305901000272,TRUE,both
729_8_cederberg,729_8_cederberg_DEB,1,Ruschia aspera,0.173295455,0.4625367896878377,1.408,0.27331737909565457,0.244,0.1825444879734259,leaf_fresh_wgt_g,0.5470881417640407,TRUE,both
625_11_hangklip,625_11_hangklip_ET,4,Gnidia oppositifolia,0.196202532,0.46126460670918396,0.158,0.9056726174518469,0.031,2.0344883763852906,leaf_dry_wgt_g,0.3255794208777926,TRUE,both
702_17_baviaanskloof,702_17_baviaanskloof_DEB,3,Anthospermum galioides,0.148760331,0.45172994686110157,0.121,0.6318835481086488,0.018,1.7725895038969277,leaf_dry_wgt_g,0.38989128160138325,TRUE,both
729_8_cederberg,729_8_cederberg_DEB,3,Ruschia aspera,0.16872428,0.4503360276447634,1.215,0.06062635895150064,0.205,0.18470604514883435,leaf_dry_wgt_g,0.5470881417640407,TRUE,both
724_9_cederberg,724_9_cederberg_SM,3,Solanum tomentosum,0.256564141,0.446289200590223,1.333,1.2486041044801806,0.342,0.2108381947083656,leaf_fresh_wgt_g,0.358914158239017,TRUE,both
729_8_cederberg,729_8_cederberg_DEB,2,Ruschia aspera,0.166380789,0.44408109843267096,1.166,0.0012378336588536195,0.194,0.26427330246715264,leaf_dry_wgt_g,0.5470881417640407,TRUE,both
703_18_langeberg,703_18_langeberg_EFG,5,Restio stokoei,0.229998072,0.4361400566155877,5.187,2.3959725933199523,1.193,1.21475377850135,leaf_fresh_wgt_g,0.5291871394258076,TRUE,both
805_8_htr,805_8_htr_MAL,2,Pteronia glabrata,0.029372497,0.43602657775429804,2.247,0.6774299940716187,0.066,0.07454695336505403,leaf_fresh_wgt_g,0.737304817559987,TRUE,both
724_9_cederberg,724_9_cederberg_SM,6,Solanum tomentosum,0.250322581,0.43543210726463655,0.775,0.4661955395528072,0.194,0.6715501857172469,leaf_dry_wgt_g,0.358914158239017,TRUE,both
625_17_hangklip,625_17_hangklip_EFG,5,Edmondia sesamoides,0.208333333,0.43402777708333334,0.168,1.1634987322828796,0.035,0.08017034868398316,leaf_fresh_wgt_g,0.3363116268415502,TRUE,both
724_15_cederberg,724_15_cederberg_SM,10,Aspalathus polycephala,0.220172202,0.42739309812570386,0.813,2.925644555673881,0.179,1.576925181655738,leaf_fresh_wgt_g,0.42512373357798605,TRUE,both
814_10_cape_point,814_10_cape_point_a,2,Myrica cordifolia,0.156970362,0.4202602723667961,0.911,1.0631229190251243,0.143,0.2913397750539393,leaf_fresh_wgt_g,0.3460604223457937,TRUE,both
724_15_cederberg,724_15_cederberg_SM,9,Aspalathus polycephala,0.215367965,0.41806722629943155,0.924,3.1102820550149106,0.199,1.7297340249351305,leaf_fresh_wgt_g,0.42512373357798605,TRUE,both
724_15_cederberg,724_15_cederberg_SM,8,Aspalathus polycephala,0.213618158,0.4146705421219619,0.749,2.807354922057604,0.16,1.415037499278844,leaf_fresh_wgt_g,0.42512373357798605,TRUE,both
716_4_baviaanskloof,716_4_baviaanskloof_DEB,1,Smelophyllum capense,0.236660929,0.40844830847331104,1.162,0.42583803088044175,0.275,0.8639384504239711,leaf_dry_wgt_g,0.42622180763197226,TRUE,both
723_15_cape_point,723_15_cape_point_c,2,Diastella divaricata,0.13740458,0.3967061363267561,0.262,2.1754420064098783,0.036,0.8845227825800639,leaf_fresh_wgt_g,0.5107856560253987,TRUE,both
628_19_hangklip,628_19_hangklip_HKM,3,Merciera tenuifolia,0.197530864,0.396447051565296,0.162,0.4091126653217386,0.032,0.9772799234999165,leaf_dry_wgt_g,0.3155933687875102,TRUE,both
729_8_cederberg,729_8_cederberg_DEB,4,Ruschia aspera,0.148275862,0.39575787603706547,1.45,0.31572294536065404,0.215,0.11599329506482013,leaf_fresh_wgt_g,0.5470881417640407,TRUE,both
729_8_cederberg,729_8_cederberg_DEB,7,Ruschia aspera,0.148124603,0.3953541559725583,1.573,0.43318871587404395,0.233,0.11599329506481991,leaf_fresh_wgt_g,0.5470881417640407,TRUE,both
816_21_cape_point,816_21_cape_point_c,3,Erica axillaris,0.192622951,0.3899846787587322,0.244,0.0944022247156221,0.047,1.4340958350945285,leaf_dry_wgt_g,0.4506354345384971,TRUE,both
620_9_hangklip,620_9_hangklip_HKM,4,Carpobrotus acinaciformis,0.132837812,0.38895304217953974,5.247,0.2267065118373821,0.697,1.1324139821673258,leaf_dry_wgt_g,0.587298920018127,TRUE,both
625_12_hangklip,625_12_hangklip_ET,4,Schoenus gracillimus,0.255555556,0.3790740749418241,0.36,0.914424268293926,0.092,0.3953012812175816,leaf_fresh_wgt_g,0.36775662444450863,TRUE,both
625_12_hangklip,625_12_hangklip_EFG,5,Restio debilis,0.181196581,0.3775914850996671,0.585,1.649260994215529,0.106,0.26031490448020184,leaf_fresh_wgt_g,0.34959942000742805,TRUE,both
724_13_cederberg,724_13_cederberg_SM,7,Diosma acmaephylla,0.182232346,0.3766135148658061,0.439,0.09157660235213991,0.08,1.1699250014423124,leaf_dry_wgt_g,0.3656931707092335,TRUE,both
705_24_langeberg,705_24_langeberg_CM,2,Corymbium glabrum,0.184831461,0.3722537024210527,1.78,0.6066023113221037,0.329,0.8919037112521617,leaf_dry_wgt_g,0.39608284358822127,TRUE,both
622_26_hangklip,622_26_hangklip_TEM,4,Syncarpha canescens,0.116216216,0.31550565323597324,0.37,1.2094533656289501,0.043,0.4440999648813067,leaf_fresh_wgt_g,0.38905297633181507,TRUE,both
620_9_hangklip,620_9_hangklip_HKM,5,Carpobrotus acinaciformis,0.08342246,0.24426343007743131,2.805,0.8024236330312312,0.234,2.707064108452344,leaf_dry_wgt_g,0.587298920018127,TRUE,both
703_18_langeberg,703_18_langeberg_EFG,3,Restio stokoei,0.118301195,0.22433183650770638,8.453,3.1005356735347642,1,0.9601597354682089,leaf_fresh_wgt_g,0.5291871394258076,TRUE,both
819_93_htr,819_93_htr_RDG,3,Anthospermum aethiopicum,0.087301587,0.22053806535657866,0.126,0.457348304136808,0.011,2.6280312226130422,leaf_dry_wgt_g,0.6099236817221062,TRUE,both
723_8_cape_point,723_8_cape_point_c,1,Pelargonium gibbosum,0.104477612,0.2134422507509478,0.402,0.13929903741154923,0.042,2.3988454657762577,leaf_dry_wgt_g,1.267924861303328,TRUE,both
723_8_cape_point,723_8_cape_point_c,3,Pelargonium gibbosum,0.089147287,0.17931521468415648,0.258,0.7602622140773443,0.023,3.3281870853590445,leaf_dry_wgt_g,1.267924861303328,TRUE,both
723_42_cederberg,723_42_cederberg_JS,3,Pentameris curvifolia,0.094660194,0.16619708171918782,3.296,3.128079813914554,0.312,0.5814986454175846,leaf_fresh_wgt_g,0.4494265363943498,TRUE,both
621_23_hangklip,621_23_hangklip_CC,5,Restio tenuissimus,0.080937973,0.1370815910781286,1.322,1.7519576177287026,0.107,1.1319771261142295,leaf_fresh_wgt_g,0.4669507476691066,TRUE,both
723_14_cape_point,723_14_cape_point_c,1,Penaea mucronata,0.069343066,0.13556457916181308,0.548,3.383786565294404,0.038,0.493040011280117,leaf_fresh_wgt_g,0.7067063197489623,TRUE,both
709_22_baviaanskloof,709_22_baviaanskloof_TEM,2,Senecio linifolius,0.012162563,0.1279016985604616,3.371,2.4533458654997533,0.041,0.5128127149653207,leaf_fresh_wgt_g,0.7109000114762174,TRUE,both
701_13_baviaanskloof,701_13_baviaanskloof_KE,1,Aristida congesta,0.068027211,0.12535351236505735,0.147,1.756728848987636,0.01,1.232660756790275,leaf_fresh_wgt_g,0.7213846435047412,TRUE,both
721_44_cape_point,721_44_cape_point_b,2,Tetraria microstachys,0.057777778,0.11777777816735044,0.45,3.0858607366538378,0.026,0.10691520391651207,leaf_fresh_wgt_g,0.5721070384895763,TRUE,both
725_48_cape_point,725_48_cape_point_c,1,Lobelia pinifolia,0.035294118,0.11285266571947995,0.68,2.8624964762500653,0.024,0.29768054864068516,leaf_fresh_wgt_g,0.7402297056081633,TRUE,both
725_12_cederberg,725_12_cederberg_JL,1,Macrostylis squarrosa,0.054565702,0.10805089504950495,0.898,2.359360522908818,0.049,0.8771432522144663,leaf_fresh_wgt_g,0.48731288587755134,TRUE,both
813_8_htr,813_8_htr_MAL,3,Asparagus capensis,0.049019608,0.10741714196794695,0.204,0.0912247600465385,0.01,3.1210154009613658,leaf_dry_wgt_g,0.7346182611739576,TRUE,both
711_28_langeberg,711_28_langeberg_HKM,4,Erica madida,0.057666667,0.10245698344685292,0.3,2.1098776177723733,0.0173,1.127614196584348,leaf_fresh_wgt_g,0.49507732651036995,TRUE,both
702_45_baviaanskloof,702_45_baviaanskloof_DEB,2,Dodonaea viscosa,0.037978142,0.09930334640776312,3.66,3.413461644353305,0.139,0.058245141035953636,leaf_fresh_wgt_g,0.7457455066626525,TRUE,both
710_17_langeberg,710_17_langeberg_CM,1,Erica,0.045901639,0.09736372955218862,1.22,3.6677029317290923,0.056,0.2527660703799667,leaf_fresh_wgt_g,0.5019195253393154,TRUE,both
806_22_cape_point,806_22_cape_point_b,1,Roepera spinosa,0.017,0.09411001900216914,6,3.476605322630738,0.102,0.07996830470341515,leaf_fresh_wgt_g,0.5632754044184947,TRUE,both
721_42_cape_point,721_42_cape_point_b,1,Metalasia muricata,0.043382353,0.09193874807392624,1.36,3.4786535985748155,0.059,0.02466205423426903,leaf_fresh_wgt_g,0.7632671604418163,TRUE,both
721_28_cape_point,721_28_cape_point_b,1,Tetraria flexuosa,0.033333333,0.08946571401605184,0.9,2.2941449383738246,0.03,1.222392421336448,leaf_fresh_wgt_g,0.7645872181797506,TRUE,both
804_18_cape_point,804_18_cape_point_a,1,Pentameris curvifolia,0.058333333,0.08792122490114913,0.84,3.7484612330040354,0.049,0.29278174922784594,leaf_fresh_wgt_g,0.7709168707905295,TRUE,both
729_22_cape_point,729_22_cape_point_b,2,Leucadendron coniferum,0.036885245999999997,0.08629838466176969,1.22,2.939782477165893,0.045,0.6270879763938327,leaf_fresh_wgt_g,0.7690243254173456,TRUE,both
804_16_cape_point,804_16_cape_point_a,3,Roella triflora,0.0325,0.0682500000273,1.6,4.6665762662748085,0.052,0.7935491225325737,leaf_fresh_wgt_g,0.6996846868315871,TRUE,both
619_20_hangklip,619_20_hangklip_JS,4l,Schoenus bolusii,0.029135338,0.06621667727272727,1.064,3.4703199347800333,0.031,0.3677317845004871,leaf_fresh_wgt_g,0.5071902678863556,TRUE,both
721_10_baviaanskloof,721_10_baviaanskloof_HK,2,Crassula biplanata,0.015789474,0.06275161418803,2.66,3.5037664178731753,0.042,0.2370391973008493,leaf_fresh_wgt_g,1.0924905029774568,TRUE,both
619_20_hangklip,619_20_hangklip_JS,5c,Schoenus bolusii,0.011639185,0.02645269318181818,1.031,3.424866116646952,0.012,1.7369655941662063,leaf_fresh_wgt_g,0.5071902678863556,TRUE,both
705_17_langeberg,705_17_langeberg_CM,4L,Tetraria fimbriolata,0.233333333,0.4643678149893664,0.06,1.9132883668066694,0.014,3.0255350921071376,leaf_dry_wgt_g,0.19173440518496826,FALSE,ratio_only
