sample_id,NewUID,ScientificName_WFO,Family_WFO,canopy_area_cm2,group_median,log10_dev
815_32_htr_BHR,815_32_htr,Ursinia anthemoides,Asteraceae,9.62112750161874,1418.6254326366409,2.168641771400072
815_8_htr_BHR,815_8_htr,Passerina truncata,Thymelaeaceae,9.62112750161874,1104.4661672776617,2.0599264467548863
826_10_htr_BHR,826_10_htr,Schismus barbatus,Poaceae,4.908738521234052,1104.4661672776617,2.3521825181113627
826_7_htr_BHR,826_7_htr,Lasiopogon muscoides,Asteraceae,7.0685834705770345,1418.6254326366409,2.302535350661298
826_9_htr_BHR,826_9_htr,Tribolium tenellum,Poaceae,0.44178646691106466,1104.4661672776617,3.3979400086720375
621_27_hangklip_CC,621_27_hangklip,Erica fascicularis,Ericaceae,3.141592653589793,1256.6370614359173,2.6020599913279625
717_30_baviaanskloof_DEB,717_30_baviaanskloof,Searsia rosmarinifolia,Anacardiaceae,490.8738521234052,51090.15052900401,2.0173672835535297
726_16_cederberg_EFG,726_16_cederberg,Aristea capitata,Iridaceae,11309.733552923255,61.35923151542565,2.265572461743118
808_13_htr_EPO,808_13_htr,Lachenalia obscura,Asparagaceae,0.7853981633974483,1046.3467031862506,3.1245857289129493
808_15_htr_EPO,808_15_htr,Foveolina dichotoma,Asteraceae,12.566370614359172,1418.6254326366409,2.052657877444698
808_22_htr_EPO,808_22_htr,Zaluzianskya violacea,Scrophulariaceae,0.7853981633974483,706.8583470577034,2.9542425094393248
808_5_htr_EPO,808_5_htr,Ifloga glomerata,Asteraceae,12.566370614359172,1418.6254326366409,2.052657877444698
818_41_htr_EPO,818_41_htr,Gymnodiscus capillaris,Asteraceae,1.227184630308513,1418.6254326366409,3.0629578340845103
818_64_htr_EPO,818_64_htr,Cleretum bellidiforme,Aizoaceae,3.141592653589793,1590.4312808798327,2.704365036222725
818_75_htr_EPO,818_75_htr,Zaluzianskya pusilla,Scrophulariaceae,0.7853981633974483,706.8583470577034,2.9542425094393248
818_76_htr_EPO,818_76_htr,Cotula nudicaulis,Asteraceae,7.0685834705770345,1418.6254326366409,2.302535350661298
703_2_baviaanskloof_HK,703_2_baviaanskloof,Osyris compressa,Santalaceae,384845.10006474965,1194.7869560683682,2.5079954887903924
620_13_hangklip_HKM,620_13_hangklip,Osyris compressa,Santalaceae,166190.25137490005,1194.7869560683682,2.1433150721250267
711_27_langeberg_HKM,711_27_langeberg,Virgilia oroboides,Fabaceae,636172.512351933,4717.297718905924,2.1298816138660293
807_13_htr_HKM,807_13_htr,Fusifilum physodes,Asparagaceae,9.62112750161874,1046.3467031862506,2.0364496402123984
811_2_htr_HKM,811_2_htr,Polycarena aurea,Scrophulariaceae,1.7671458676442586,706.8583470577034,2.6020599913279625
811_3_htr_HKM,811_3_htr,Zaluzianskya cohabitans,Scrophulariaceae,0.7853981633974483,706.8583470577034,2.9542425094393248
719_24_baviaanskloof_JAS,719_24_baviaanskloof,Bobartia indica,Iridaceae,7466.191290796993,61.35923151542565,2.085219201044942
703_8_baviaanskloof_JL,703_8_baviaanskloof,Schotia latifolia,Fabaceae,502654.8245743669,4717.297718905924,2.0275765689712664
718_2_baviaanskloof_JL,718_2_baviaanskloof,Vachellia karroo,Fabaceae,950331.7777109124,4717.297718905924,2.3041819653038296
718_28_baviaanskloof_JL,718_28_baviaanskloof,Lobostemon echioides,Boraginaceae,9.62112750161874,4868.094166278233,2.7041330003745174
802_3_cederberg_JL,802_3_cederberg,Freylinia lanceolata,Scrophulariaceae,75476.76350249478,706.8583470577034,2.0284808782292205
802_9_cederberg_JL,802_9_cederberg,Conophytum minusculum,Aizoaceae,3.9760782021995817,1590.4312808798327,2.6020599913279625
801_3_htr_MAL,801_3_htr,Coilonox concordianum,Asparagaceae,4.908738521234052,1046.3467031862506,2.3287057115688743
805_30_htr_MAL,805_30_htr,Othonna undulosa,Asteraceae,9.62112750161874,1418.6254326366409,2.168641771400072
813_9_htr_MAL,813_9_htr,Cotula nudicaulis,Asteraceae,3.141592653589793,1418.6254326366409,2.6547178687726607
820_4_htr_MAL,820_4_htr,Felicia bergeriana,Asteraceae,3.141592653589793,1418.6254326366409,2.6547178687726607
825_13_htr_NRS,825_13_htr,Gazania lichtensteinii,Asteraceae,3.141592653589793,1418.6254326366409,2.6547178687726607
804_23_htr_RDG,804_23_htr,Pelargonium moniliforme,Geraniaceae,4.908738521234052,948.8591561545422,2.286231854028553
814_4_htr_RDG,814_4_htr,Dimorphotheca pluvialis,Asteraceae,12.566370614359172,1418.6254326366409,2.052657877444698
819_79_htr_RDG,819_79_htr,Pelargonium reflexum,Geraniaceae,4.908738521234052,948.8591561545422,2.286231854028553
819_82_htr_RDG,819_82_htr,Othonna hederifolia,Asteraceae,9.62112750161874,1418.6254326366409,2.168641771400072
821_6_htr_RDG,821_6_htr,Lachenalia obscura,Asparagaceae,0.7853981633974483,1046.3467031862506,3.1245857289129493
724_5_cederberg_SM,724_5_cederberg,Gymnodiscus capillaris,Asteraceae,3.141592653589793,1418.6254326366409,2.6547178687726607
731_1_cederberg_SM,731_1_cederberg,Brabejum stellatifolium,Proteaceae,1431388.1527918496,8373.227994750621,2.2328645015759303
622_17_hangklip_TEM,622_17_hangklip,Bobartia indica,Iridaceae,7853.981633974483,61.35923151542565,2.1072099696478683
704_23_langeberg_TEM,704_23_langeberg,Bobartia macrospatha,Iridaceae,18869.190875623695,61.35923151542565,2.487873365988451
704_32_langeberg_TEM,704_32_langeberg,Olinia ventosa,Penaeaceae,950331.7777109124,3318.307240354219,2.456958657030739
709_10_baviaanskloof_TEM,709_10_baviaanskloof,Aloe speciosa,Asphodelaceae,31415.926535897932,240.52818754046854,2.1159838939553737
709_11_baviaanskloof_TEM,709_11_baviaanskloof,Pelargonium peltatum,Geraniaceae,133640.40624059705,948.8591561545422,2.1487360343992594
723_14_cape_point_a,723_14_cape_point,Pelargonium grossularioides,Geraniaceae,4.908738521234052,948.8591561545422,2.286231854028553
725_11_cape_point_c,725_11_cape_point,Muraltia thunbergii,Polygalaceae,4.908738521234052,1225.4174844408687,2.3973141739088453
725_33_cape_point_c,725_33_cape_point,Cliffortia filifolia,Rosaceae,3.141592653589793,3634.822700203391,3.0633333589517497
725_43_cape_point_c,725_43_cape_point,Searsia rosmarinifolia,Anacardiaceae,240.52818754046854,51090.15052900401,2.3271712035250163
727_6_cape_point_b,727_6_cape_point,Ficinia bulbosa,Cyperaceae,7.0685834705770345,962.1127501618741,2.1338935792612266
729_11_cape_point_b,729_11_cape_point,Agathosma lanceolata,Rutaceae,4.908738521234052,842.4377050141879,2.234567897635686
729_15_cape_point_b,729_15_cape_point,Chironia baccifera,Gentianaceae,19.634954084936208,2164.7536878642168,2.042378598139876
729_16_cape_point_b,729_16_cape_point,Polygala garcinii,Polygalaceae,0.7853981633974483,1225.4174844408687,3.1931941912529207
729_19_cape_point_b,729_19_cape_point,Indigofera glomerata,Fabaceae,15.904312808798327,4717.297718905924,2.4721783774619333
729_29_cape_point_b,729_29_cape_point,Searsia laevigata,Anacardiaceae,44.178646691106465,51090.15052900401,3.063124774114205
729_30_cape_point_b,729_30_cape_point,Anthospermum bergianum,Rubiaceae,9.62112750161874,1256.6370614359173,2.1159838939553737
729_9_cape_point_b,729_9_cape_point,Muraltia ericoides,Polygalaceae,3.141592653589793,1225.4174844408687,2.591134199924958
802_4_cape_point_b,802_4_cape_point,Erica obliqua,Ericaceae,3.141592653589793,1256.6370614359173,2.6020599913279625
802_6_cape_point_b,802_6_cape_point,Erica lasciva,Ericaceae,3.141592653589793,1256.6370614359173,2.6020599913279625
803_21_cape_point_b,803_21_cape_point,Euryops abrotanifolius,Asteraceae,7.0685834705770345,1418.6254326366409,2.302535350661298
803_4_cape_point_b,803_4_cape_point,Ehrharta ramosa,Poaceae,7.0685834705770345,1104.4661672776617,2.193820026016113
803_5_cape_point_b,803_5_cape_point,Searsia laevigata,Anacardiaceae,176.71458676442586,51090.15052900401,2.4610647827862424
804_10_cape_point_a,804_10_cape_point,Muraltia rosmarinifolia,Polygalaceae,0.7853981633974483,1225.4174844408687,3.1931941912529207
804_6_cape_point_a,804_6_cape_point,Leucadendron laureolum,Proteaceae,28.274333882308138,8373.227994750621,2.4715005346467946
806_1_cape_point_b,806_1_cape_point,Trachyandra revoluta,Asphodelaceae,0.7853981633974483,240.52818754046854,2.486076097372589
806_28_cape_point_b,806_28_cape_point,Euphorbia tuberosa,Euphorbiaceae,28.274333882308138,7088.218424661971,2.3991447098104084
806_29_cape_point_b,806_29_cape_point,Erepsia anceps,Aizoaceae,12.566370614359172,1590.4312808798327,2.1023050448947624
810_22_cape_point_b,810_22_cape_point,Trachyandra hirsutiflora,Asphodelaceae,0.7853981633974483,240.52818754046854,2.486076097372589
810_23_cape_point_b,810_23_cape_point,Clutia ericoides,Peraceae,12.566370614359172,1983.130362578557,2.1981413997987556
810_9_cape_point_b,810_9_cape_point,Euclea racemosa,Ebenaceae,78.53981633974483,20106.192982974677,2.4082399653118496
811_11_cape_point_c,811_11_cape_point,Euphorbia tuberosa,Euphorbiaceae,19.634954084936208,7088.218424661971,2.5575072019056577
811_12_cape_point_c,811_12_cape_point,Trachyandra hirsutiflora,Asphodelaceae,0.7853981633974483,240.52818754046854,2.486076097372589
811_14_cape_point_c,811_14_cape_point,Bulbine abyssinica,Asphodelaceae,0.7853981633974483,240.52818754046854,2.486076097372589
811_23_cape_point_c,811_23_cape_point,Elegia vaginulata,Restionaceae,0.7853981633974483,1590.4312808798327,3.3064250275506875
811_2_cape_point_c,811_2_cape_point,Erica subcapitata,Ericaceae,4.908738521234052,1256.6370614359173,2.4082399653118496
811_5_cape_point_c,811_5_cape_point,Polygala garcinii,Polygalaceae,7.0685834705770345,1225.4174844408687,2.2389516818135955
812_24_cape_point_a,812_24_cape_point,Schoenus crassus,Cyperaceae,0.7853981633974483,962.1127501618741,3.0881360887005513
812_27_cape_point_a,812_27_cape_point,Restio saroclados,Restionaceae,4.908738521234052,1590.4312808798327,2.510545010206612
812_29_cape_point_a,812_29_cape_point,Erica hirtiflora,Ericaceae,7.0685834705770345,1256.6370614359173,2.2498774732166
812_2_cape_point_a,812_2_cape_point,Bulbine alooides,Asphodelaceae,0.7853981633974483,240.52818754046854,2.486076097372589
812_32_cape_point_a,812_32_cape_point,Erica palliiflora,Ericaceae,0.7853981633974483,1256.6370614359173,3.2041199826559246
812_4_cape_point_a,812_4_cape_point,Schoenus exilis,Cyperaceae,7.0685834705770345,962.1127501618741,2.1338935792612266
812_5_cape_point_a,812_5_cape_point,Adenandra villosa,Rutaceae,0.7853981633974483,842.4377050141879,3.030447914979761
812_7_cape_point_a,812_7_cape_point,Pentameris colorata,Poaceae,7.0685834705770345,1104.4661672776617,2.193820026016113
814_17_cape_point_a,814_17_cape_point,Thamnochortus fruticosus,Restionaceae,12.566370614359172,1590.4312808798327,2.1023050448947624
816_10_cape_point_c,816_10_cape_point,Erica laeta,Ericaceae,9.62112750161874,1256.6370614359173,2.1159838939553737
816_11_cape_point_c,816_11_cape_point,Ficinia nodosa,Cyperaceae,7.0685834705770345,962.1127501618741,2.1338935792612266
816_12_cape_point_c,816_12_cape_point,Erica obliqua,Ericaceae,3.141592653589793,1256.6370614359173,2.6020599913279625
816_13_cape_point_c,816_13_cape_point,Muraltia ericoides,Polygalaceae,0.7853981633974483,1225.4174844408687,3.1931941912529207
816_1_cape_point_c,816_1_cape_point,Restio bifurcus,Restionaceae,7.0685834705770345,1590.4312808798327,2.3521825181113627
816_2_cape_point_c,816_2_cape_point,Erica lasciva,Ericaceae,3.141592653589793,1256.6370614359173,2.6020599913279625
824_10_cape_point_a,824_10_cape_point,Gnidia imbricata,Thymelaeaceae,3.141592653589793,1104.4661672776617,2.546002544127475
824_17_cape_point_a,824_17_cape_point,Pelargonium longifolium,Geraniaceae,4.908738521234052,948.8591561545422,2.286231854028553
824_7_cape_point_a,824_7_cape_point,Ficinia stolonifera,Cyperaceae,7.0685834705770345,962.1127501618741,2.1338935792612266
824_9_cape_point_a,824_9_cape_point,Muraltia pageae,Polygalaceae,4.908738521234052,1225.4174844408687,2.3973141739088453
825_16_cape_point_a,825_16_cape_point,Cynodon dactylon,Poaceae,0.7853981633974483,1104.4661672776617,3.1480625354554377
825_2_cape_point_a,825_2_cape_point,Bulbine abyssinica,Asphodelaceae,0.7853981633974483,240.52818754046854,2.486076097372589
825_4_cape_point_a,825_4_cape_point,Gnidia imbricata,Thymelaeaceae,9.62112750161874,1104.4661672776617,2.0599264467548863
