NewUID,sample_id,replicate,ScientificName_WFO,succulence,trait_ratio,leaf_fresh_wgt_g,comp1_dev,leaf_area_cm2,comp2_dev,suspected_bad,cv,flag_high_cv,confidence
725_23_cape_point,725_23_cape_point_c,1,Petalacte coronata,0.002941176,Inf,0.025,0.9434164716336327,0.68,1,leaf_area_cm2,1.4142135623730951,TRUE,both
619_20_hangklip,619_20_hangklip_JS,5c,Schoenus bolusii,1.922641509,74.72084090494133,1.031,3.424866116646952,0.53,1.8495083734725495,leaf_fresh_wgt_g,2.1497635854144916,TRUE,both
804_18_cape_point,804_18_cape_point_a,1,Pentameris curvifolia,0.599242424,31.102754054581368,0.84,3.7484612330040354,1.32,0.2696070597572802,leaf_fresh_wgt_g,1.5751690390053121,TRUE,both
619_20_hangklip,619_20_hangklip_JS,4l,Schoenus bolusii,0.727464789,28.271927194106844,1.064,3.4703199347800333,1.42,0.42768170853106663,leaf_fresh_wgt_g,2.1497635854144916,TRUE,both
804_16_cape_point,804_16_cape_point_a,3,Roella triflora,0.407368421,24.071770222401042,1.6,4.6665762662748085,3.8,0.9625252945813372,leaf_fresh_wgt_g,1.7428127018932014,TRUE,both
721_42_cape_point,721_42_cape_point_b,1,Metalasia muricata,0.551271186,20.984233138831723,1.36,3.4786535985748155,2.36,0.05693616495285189,leaf_fresh_wgt_g,1.5060195405607106,TRUE,both
711_28_langeberg,711_28_langeberg_HKM,4,Erica madida,0.1028,17.372506420053686,0.3,2.1098776177723733,2.75,0.9037394584819464,leaf_fresh_wgt_g,1.7293754373692924,TRUE,both
725_45_cape_point,725_45_cape_point_c,3,Macrostylis villosa,0.512578616,17.28926700197641,0.311,0.534612525682936,0.318,4.78547817204774,leaf_area_cm2,1.4626747260139359,TRUE,both
729_8_htr,729_8_htr_BHR,1S,Euphorbia mauritanica,0.546596859,17.260953260411018,3.829,4.527712513503236,5.73,0.3486101375398679,leaf_fresh_wgt_g,1.0044727839546634,TRUE,both
729_8_htr,729_8_htr_BHR,2S,Euphorbia mauritanica,0.501069519,15.823247801860546,3.22,4.277805541655055,5.61,0.31807576939175597,leaf_fresh_wgt_g,1.0044727839546634,TRUE,both
710_17_langeberg,710_17_langeberg_CM,1,Erica,0.248187633,15.67195665761885,1.22,3.6677029317290923,4.69,0.5335941096307518,leaf_fresh_wgt_g,1.6741673914624884,TRUE,both
723_14_cape_point,723_14_cape_point_c,1,Penaea mucronata,0.344594595,15.471353213301409,0.548,3.383786565294404,1.48,0.3702495775320057,leaf_fresh_wgt_g,1.4346468695548713,TRUE,both
725_12_cederberg,725_12_cederberg_JL,1,Macrostylis squarrosa,0.245375723,15.329720496677105,0.898,2.359360522908818,3.46,0.6233634951224513,leaf_fresh_wgt_g,1.6590348430664885,TRUE,both
729_22_cape_point,729_22_cape_point_b,2,Leucadendron coniferum,0.464426877,14.632923817921007,1.22,2.939782477165893,2.53,0.1539975373859196,leaf_fresh_wgt_g,1.4196501892440778,TRUE,both
721_10_baviaanskloof,721_10_baviaanskloof_HK,2,Crassula biplanata,0.931672598,14.282782561955692,2.66,3.5037664178731753,2.81,0.06833712976315363,leaf_fresh_wgt_g,1.4134805291576729,TRUE,both
721_28_cape_point,721_28_cape_point_b,1,Tetraria flexuosa,0.737288136,14.080683192831872,0.9,2.2941449383738246,1.18,0.868901009727257,leaf_fresh_wgt_g,1.4089306564946213,TRUE,both
702_45_baviaanskloof,702_45_baviaanskloof_DEB,2,Dodonaea viscosa,0.28213141,13.9688080199857,3.66,3.413461644353305,12.48,0.27277767999718877,leaf_fresh_wgt_g,1.4066618358004057,TRUE,both
721_44_cape_point,721_44_cape_point_b,2,Tetraria microstachys,0.504761905,12.525573341960285,0.45,3.0858607366538378,0.84,0.017073513358941406,leaf_fresh_wgt_g,1.532234545807554,TRUE,both
725_48_cape_point,725_48_cape_point_c,1,Lobelia pinifolia,0.34893617,11.749381137975444,0.68,2.8624964762500653,1.88,0.20363436304908758,leaf_fresh_wgt_g,1.3542909681472497,TRUE,both
806_22_cape_point,806_22_cape_point_b,1,Roepera spinosa,1.106566604,11.53569118016471,6,3.476605322630738,5.33,0.20624268134311827,leaf_fresh_wgt_g,1.5092606264463557,TRUE,both
701_13_baviaanskloof,701_13_baviaanskloof_KE,1,Aristida congesta,0.10620155,11.455919301453694,0.147,1.756728848987636,1.29,0.7929037657600635,leaf_fresh_wgt_g,1.3472583219408958,TRUE,both
729_8_htr,729_8_htr_BHR,3S,Euphorbia mauritanica,0.3625,11.447368300554016,2.115,3.6714025166603874,5.12,0.18621880878296293,leaf_fresh_wgt_g,1.0044727839546634,TRUE,both
813_7_htr,813_7_htr_MAL,2,Hermannia cuneifolia,0.270886076,10.947577101688719,0.304,0.1953594626394321,0.79,3.229548984128731,leaf_area_cm2,1.3310836455184911,TRUE,both
719_22_baviaanskloof,719_22_baviaanskloof_JAS,1,Pelargonium ovale,0.243494424,10.27634154116705,0.185,0.1694376867810705,0.538,3.2893847216230405,leaf_area_cm2,1.3088274474163202,TRUE,both
723_42_cederberg,723_42_cederberg_JS,3,Pentameris curvifolia,0.185803238,9.515894865329516,3.296,3.128079813914554,16.06,0.7881692715219205,leaf_fresh_wgt_g,1.4703979146786559,TRUE,both
703_18_langeberg,703_18_langeberg_EFG,3,Restio stokoei,0.43559322,9.452400423021032,8.453,3.1005356735347642,17.11,0.7849741369610395,leaf_fresh_wgt_g,1.134889519369852,TRUE,both
621_23_hangklip,621_23_hangklip_CC,5,Restio tenuissimus,0.19724026,8.060064647158098,1.322,1.7519576177287026,6.16,0.0427848664967963,leaf_fresh_wgt_g,1.3070600732289315,TRUE,both
709_22_baviaanskloof,709_22_baviaanskloof_TEM,2,Senecio linifolius,0.802409639,7.916063809021691,3.371,2.4533458654997533,4.15,0.41547198054726503,leaf_fresh_wgt_g,1.2083889459162007,TRUE,both
811_10_cape_point,811_10_cape_point_c,2,Cliffortia atrata,0.161290323,7.793808913864185,0.101,0.5167141997488842,0.279,3.6956586200092927,leaf_area_cm2,1.204012933273193,TRUE,both
729_8_cederberg,729_8_cederberg_DEB,1,Ruschia aspera,0.166523605,6.352301375766846,1.408,0.27331737909565457,6.99,0.3468909634543336,leaf_area_cm2,0.7785419178934536,TRUE,both
818_47_htr,818_47_htr_EPO,3,Stipagrostis zeyheri,0.211320755,6.199096842457067,0.28,0.34847524949892167,0.53,3.023623604525899,leaf_area_cm2,1.0983046563380785,TRUE,both
729_8_cederberg,729_8_cederberg_DEB,3,Ruschia aspera,0.146376812,5.5837706867321595,1.215,0.06062635895150064,6.9,0.36558705716423867,leaf_area_cm2,0.7785419178934536,TRUE,both
729_8_cederberg,729_8_cederberg_DEB,4,Ruschia aspera,0.138920135,5.299324168980223,1.45,0.31572294536065404,8.89,0.006505963859410177,leaf_fresh_wgt_g,0.7785419178934536,TRUE,both
729_8_cederberg,729_8_cederberg_DEB,7,Ruschia aspera,0.135216953,5.158060543842423,1.573,0.43318871587404395,9.91,0.16320760221612834,leaf_fresh_wgt_g,0.7785419178934536,TRUE,both
625_12_hangklip,625_12_hangklip_ET,4,Schoenus gracillimus,0.120884078,5.1336484226008645,0.36,0.914424268293926,2.217,0.3254378291140855,leaf_fresh_wgt_g,1.009022638580226,TRUE,both
814_8_cape_point,814_8_cape_point_a,4,Searsia lucens,0.138257576,5.114419989320788,0.605,0.398440988748149,2.64,1.857227038987659,leaf_area_cm2,0.9879826068221381,TRUE,both
729_8_cederberg,729_8_cederberg_DEB,2,Ruschia aspera,0.131529093,5.017381400176062,1.166,0.0012378336588536195,7.39,0.2666090546836191,leaf_area_cm2,0.7785419178934536,TRUE,both
729_11_cederberg,729_11_cederberg_DEB,1,Protea glabra,0.236956522,4.909396357073328,1.323,0.4923132127554817,2.3,1.8883726687341675,leaf_area_cm2,0.9608447217880788,TRUE,both
723_15_cape_point,723_15_cape_point_c,2,Diastella divaricata,0.103196347,4.57802956451527,0.262,2.1754420064098783,2.19,0.37818227841931495,leaf_fresh_wgt_g,0.9453100224162234,TRUE,both
706_14_langeberg,706_14_langeberg_EFG,2,Syncarpha gnaphaloides,0.337894737,4.381315226484914,0.727,0.46415240228237964,1.9,1.6553518286125541,leaf_area_cm2,0.8888533532917302,TRUE,both
628_19_hangklip,628_19_hangklip_HKM,3,Merciera tenuifolia,0.055084746,4.3377738530134,0.162,0.4091126653217386,2.36,1.0212387963743392,leaf_area_cm2,0.8984070722164631,TRUE,both
703_18_langeberg,703_18_langeberg_EFG,5,Restio stokoei,0.197722772,4.290596657343958,5.187,2.3959725933199523,20.2,1.0244896701107833,leaf_fresh_wgt_g,1.134889519369852,TRUE,both
725_25_cape_point,725_25_cape_point_c,2,Pentameris scabra,0.121212121,4.278074909153823,0.031,0.04730571477835682,0.165,1.8624964762500649,leaf_area_cm2,0.8783312239392812,TRUE,both
716_4_baviaanskloof,716_4_baviaanskloof_DEB,1,Smelophyllum capense,0.055093168,4.226783469247795,1.162,0.42583803088044175,16.1,0.7973352741627739,leaf_area_cm2,0.8975704807638257,TRUE,both
622_26_hangklip,622_26_hangklip_TEM,4,Syncarpha canescens,0.072828508,4.094234996082345,0.37,1.2094533656289501,4.49,0.44917162894963464,leaf_fresh_wgt_g,0.8598316998152911,TRUE,both
724_15_cederberg,724_15_cederberg_SM,9,Aspalathus polycephala,0.056952082,4.034105825142108,0.924,3.1102820550149106,12.73,1.6240187324819126,leaf_fresh_wgt_g,0.6085174316754627,TRUE,both
705_24_langeberg,705_24_langeberg_CM,2,Corymbium glabrum,0.15403397,3.9097195590311444,1.78,0.6066023113221037,9.42,0.7388022526458234,leaf_area_cm2,0.8708073411163472,TRUE,both
814_10_cape_point,814_10_cape_point_a,2,Myrica cordifolia,0.082139037,3.6616339932361064,0.911,1.0631229190251243,9.35,0.31852951842549754,leaf_fresh_wgt_g,0.7464797989857446,TRUE,both
729_2_htr,729_2_htr_MAL,2,Eriocephalus decussatus,0.031399317,3.575658595979142,0.168,0.7412657315998317,2.93,1.1627951501958358,leaf_area_cm2,0.8449738212242947,TRUE,both
625_10_hangklip,625_10_hangklip_EFG,4,Erica ericoides,0.046319018000000003,3.250927248046832,0.438,0.5507853854030685,6.52,0.5886456659610716,leaf_area_cm2,0.6976862498838671,TRUE,both
731_17_htr,731_17_htr_HKM,2,Pentameris rupestris,0.063829787,3.202178702836875,0.484,1,4.23,0.6494388022502433,leaf_fresh_wgt_g,0.7515988831418455,TRUE,both
726_22_cederberg,726_22_cederberg_EFG,2,Willdenowia arescens,0.211872639,3.199642545165468,5.667,0.2501089883122214,18.53,0.7784832070660601,leaf_area_cm2,0.6579803389126239,TRUE,both
724_15_cederberg,724_15_cederberg_SM,3,Aspalathus polycephala,0.044921875,3.1819661590915254,0.781,2.8677117517408326,12.8,1.631930123467917,leaf_fresh_wgt_g,0.6085174316754627,TRUE,both
712_9_baviaanskloof,712_9_baviaanskloof_JL,2,Freylinia undulata,0.053896104,3.131878769748606,0.263,0.7674559613879278,3.08,0.1823621046805351,leaf_fresh_wgt_g,0.7203279799492381,TRUE,both
724_15_cederberg,724_15_cederberg_SM,8,Aspalathus polycephala,0.043889717,3.1088549671202292,0.749,2.807354922057604,13.42,1.7001709847807382,leaf_fresh_wgt_g,0.6085174316754627,TRUE,both
620_42_hangklip,620_42_hangklip_CM,1C,Ficinia nigrescens,0.090644491,3.0970200756156157,0.6,1.8365012677171204,4.81,0.31370332762563147,leaf_fresh_wgt_g,0.557623436865216,TRUE,both
724_15_cederberg,724_15_cederberg_SM,10,Aspalathus polycephala,0.041875826,2.966204354025851,0.813,2.925644555673881,15.14,1.8741515185662863,leaf_fresh_wgt_g,0.6085174316754627,TRUE,both
625_17_hangklip,625_17_hangklip_EFG,5,Edmondia sesamoides,0.061574074,2.9208214702082875,0.168,1.1634987322828796,2.16,0.019899557437704784,leaf_fresh_wgt_g,0.6792435539341433,TRUE,both
712_7_langeberg,712_7_langeberg_EFG,2C,Ficinia nigrescens,0.076957494,2.858421197547368,0.516,1.8716759030244607,4.47,0.5657262818582387,leaf_fresh_wgt_g,0.5364676685078137,TRUE,both
712_7_langeberg,712_7_langeberg_EFG,1C,Ficinia nigrescens,0.075283843,2.79625701772498,0.511,1.8576281285388279,4.58,0.600799048771865,leaf_fresh_wgt_g,0.5364676685078137,TRUE,both
719_38_baviaanskloof,719_38_baviaanskloof_JAS,2,Themeda triandra,0.016693164,2.782194,0.211,0.7381056140128749,6.29,0.4624451568950673,leaf_fresh_wgt_g,0.9001080711528079,TRUE,both
712_7_langeberg,712_7_langeberg_EFG,4C,Ficinia nigrescens,0.074559585,2.7693560063732683,0.66,2.2267708618470223,5.79,0.9390147986641576,leaf_fresh_wgt_g,0.5364676685078137,TRUE,both
724_15_cederberg,724_15_cederberg_SM,6,Aspalathus polycephala,0.039020658,2.7639632865165136,0.708,2.7261385636818503,13.07,1.6620454543759877,leaf_fresh_wgt_g,0.6085174316754627,TRUE,both
703_15_langeberg,703_15_langeberg_EFG,5,Ficinia acuminata,0.037234043,2.7177926270562387,0.249,0.4964775587969007,2.82,1.1913655257158235,leaf_area_cm2,0.6235409389580193,TRUE,both
807_25_htr,807_25_htr_HKM,3,Schismus schismoides,0.084615385,2.627718281684093,0.105,0.23851208669972487,0.78,1.1408625358398496,leaf_area_cm2,0.6095191355094316,TRUE,both
804_23_htr,804_23_htr_RDG,1,Pelargonium moniliforme,0.085856574,2.5468290401711124,0.956,3.4414351893434514,10.04,2.3349189334071228,leaf_fresh_wgt_g,0.5181813849663868,TRUE,both
725_41_cape_point,725_41_cape_point_c,3,Struthiola ciliata,0.081128748,2.5120168093766893,0.067,0.2847294769331129,0.567,1.0512401165101333,leaf_area_cm2,0.6076108490571521,TRUE,both
711_32_baviaanskloof,711_32_baviaanskloof_TEM,2,Chironia linoides,0.061488673,2.5053350241823624,0.24,0.7827692837793307,3.09,0.15689714479991695,leaf_fresh_wgt_g,0.5790111430011127,TRUE,both
621_15_hangklip,621_15_hangklip_CC,3,Capeochloa cincta,0.044102179,2.430980460788596,0.962,0.2245332364508844,13.31,1.0664612337831376,leaf_area_cm2,0.5567394797379546,TRUE,both
724_14_cederberg,724_14_cederberg_SM,5,Othonna quinquedentata,0.069505658,2.4294500739017,2.957,1.6891406045252697,33.58,0.483366079231396,leaf_fresh_wgt_g,0.4512412328250925,TRUE,both
724_13_cederberg,724_13_cederberg_SM,4,Diosma acmaephylla,0.07448037,2.4280600323776675,1.711,2.054123517306195,17.32,1.4984799510359434,leaf_fresh_wgt_g,0.39144277526325033,TRUE,both
801_17_cederberg,801_17_cederberg_EFG,3,Rafnia capensis,0.093924051,2.427290473742887,0.7,0.6797216423317304,5.53,0.04494740605397453,leaf_fresh_wgt_g,0.49751632466506285,TRUE,both
803_15_cape_point,803_15_cape_point_b,3,Robsonodendron maritimum,0.064765625,2.42149427917449,1.214,0.46994242549614396,12.8,0.38111029409905456,leaf_fresh_wgt_g,0.5897835042640429,TRUE,both
702_10_baviaanskloof,702_10_baviaanskloof_DEB,2,Stoebe rhinocerotis,0.0025,2.4000003840000614,0.027,0.20029865048583104,2,0.10469737866669351,leaf_fresh_wgt_g,0.8766955422375148,TRUE,both
625_15_hangklip,625_15_hangklip_EFG,4,Pseudopentameris macrantha,0.044904459,2.395008646909416,0.31,0.5966443057687913,3.14,0.12323176599427084,leaf_fresh_wgt_g,0.5002009741718485,TRUE,both
812_29_cape_point,812_29_cape_point_a,1,Erica hirtiflora,0.038977636,2.390628315833298,0.573,2.8956047880620033,6.26,1.2239296564748456,leaf_fresh_wgt_g,0.47770367124850344,TRUE,both
622_1_hangklip,622_1_hangklip_TEM,5,Erica cristata,0.019872611,2.3333183435076283,0.301,0.3357742207541905,7.85,0.20442784884225174,leaf_fresh_wgt_g,0.510060840662005,TRUE,both
731_7_cederberg,731_7_cederberg_SM,2,Secamone alpini,0.065154321,2.3305199640776766,0.747,0.38257310403233247,6.48,0.8817371183801802,leaf_area_cm2,0.5004536693595096,TRUE,both
620_46_hangklip,620_46_hangklip_CM,4,Pterocelastrus tricuspidatus,0.098036649,2.3159331334367153,1.221,1.2981975774590295,7.64,0.031499058950281225,leaf_fresh_wgt_g,0.5559805259788867,TRUE,both
724_14_cederberg,724_14_cederberg_SM,8,Othonna quinquedentata,0.066086029,2.309922856034539,2.29,1.3203539593892517,28.13,0.22787340160906575,leaf_fresh_wgt_g,0.4512412328250925,TRUE,both
708_17_baviaanskloof,708_17_baviaanskloof_KE,1,Andropogon appendiculatus,0.123636364,2.307268122321838,0.167,0.40093055308346837,1.1,1.1987798641144973,leaf_area_cm2,0.5294889203667096,TRUE,both
706_13_langeberg,706_13_langeberg_EFG,3,Elegia galpinii,0.49937799,2.27552486583449,15.557,0.43561642249424776,20.9,0.7312248243891013,leaf_area_cm2,0.4906642879780324,TRUE,both
725_28_cape_point,725_28_cape_point_c,4,Erica corifolia,0.041851852,2.2571784942529707,0.233,0.30194372043320755,2.7,0.8240512109299177,leaf_area_cm2,0.48652178518182215,TRUE,both
724_14_cederberg,724_14_cederberg_SM,3,Othonna quinquedentata,0.063676778,2.2257116538328745,3.004,1.7118911739192173,38.24,0.6708463722751147,leaf_fresh_wgt_g,0.4512412328250925,TRUE,both
806_9_cape_point,806_9_cape_point_b,1,Agathosma serpyllacea,0.050414747,2.213168508703911,0.8,1.0273073459957356,10.85,0.2721046338219,leaf_fresh_wgt_g,0.4992017073308113,TRUE,both
703_28_baviaanskloof,703_28_baviaanskloof_JL,2,Pelargonium peltatum,0.079498747,2.202695543361327,1.757,0.20761985749378004,19.95,0.7935491225325735,leaf_area_cm2,0.5163920016368563,TRUE,both
801_1_htr,801_1_htr_MAL,2,Fingerhuthia africana,0.034177215,2.1924207394243163,0.128,0.08746284125033943,1.58,0.8835713250233935,leaf_area_cm2,0.4962531907671375,TRUE,both
709_4_baviaanskloof,709_4_baviaanskloof_TEM,1,Portulacaria afra,0.201492537,2.1876332626073713,0.646,1.6074699001307258,2.68,0.4962335821268248,leaf_fresh_wgt_g,0.5269009728336583,TRUE,both
626_12_hangklip,626_12_hangklip_CC,4,Cliffortia subsetacea,0.022981366,2.164308529929487,0.076,0.41740840374159077,1.61,1.2446223687199134,leaf_area_cm2,0.4488073889892242,TRUE,both
730_29_htr,730_29_htr_RDG,2,Drosanthemum karrooense,0.236661211,2.1523630605913158,1.56,0.8441179469352106,6.11,0.2626408183150822,leaf_fresh_wgt_g,0.5218789368911869,TRUE,both
712_7_langeberg,712_7_langeberg_EFG,3C,Ficinia nigrescens,0.057490637,2.1353665110418096,0.24,0.767339243209725,2.67,0.25671668207731535,leaf_fresh_wgt_g,0.5364676685078137,TRUE,both
824_11_cape_point,824_11_cape_point_a,1,Schoenus crassus,0.062149533,2.1157287829787235,0.187,1.1718550285407119,2.14,0.4195388915137845,leaf_fresh_wgt_g,0.5064236609548673,TRUE,both
723_1_cape_point,723_1_cape_point_c,1,Struthiola ciliata,0.0275,2.1099759355326393,0.062,0.19930880822340638,1.6,0.08321336824898139,leaf_fresh_wgt_g,0.5854089967725821,TRUE,both
723_8_cape_point,723_8_cape_point_c,1,Pelargonium gibbosum,0.034285714,2.108487007737959,0.402,0.13929903741154923,10.5,0.2009126939259963,leaf_area_cm2,0.6749163069810856,TRUE,both
627_9_hangklip,627_9_hangklip_CM,8,Grubbia tomentosa,0.045888594,2.084431084820866,0.413,0.5001734125394282,3.77,0.4359327235901936,leaf_fresh_wgt_g,0.43039084864064925,TRUE,both
724_14_cederberg,724_14_cederberg_SM,9,Othonna quinquedentata,0.059626647,2.0841463289313884,2.105,1.198826594358704,27.32,0.18572133258445642,leaf_fresh_wgt_g,0.4512412328250925,TRUE,both
808_21_htr,808_21_htr_EPO,2,Aptosimum spinescens,0.031111111,2.0764373984990585,0.097,0.46036148978833413,1.35,0.7078192485066896,leaf_area_cm2,0.48879536351631964,TRUE,both
620_42_hangklip,620_42_hangklip_CM,4C,Ficinia nigrescens,0.06039823,2.063606169310933,0.387,1.2038723333656498,4.52,0.22398920627077715,leaf_fresh_wgt_g,0.557623436865216,TRUE,both
724_13_cederberg,724_13_cederberg_SM,8,Diosma acmaephylla,0.063216146,2.0608463344576746,1.36,1.7228904089544834,15.36,1.3252192370303746,leaf_fresh_wgt_g,0.39144277526325033,TRUE,both
815_15_htr,815_15_htr_BHR,1,Festuca scabra,0.087351779,2.0398726855797973,0.323,0.4043902550793351,2.53,1.4682175371380188,leaf_area_cm2,0.45370503501890547,TRUE,both
724_14_cederberg,724_14_cederberg_SM,6,Othonna quinquedentata,0.027889311,0.4932097975849878,0.887,1.2468142236526947,18.43,0.5679014126593774,leaf_fresh_wgt_g,0.4512412328250925,TRUE,both
806_24_htr,806_24_htr_EPO,4,Eriocephalus spinescens,0.014507772,0.4906107917978312,0.255,0.1528514880833708,5.79,0.6037723504959145,leaf_area_cm2,0.38909645249827307,TRUE,both
813_3_htr,813_3_htr_MAL,2,Ehrharta calycina,0.026136364,0.4884581229336809,0.252,0.0057136511943936255,7.04,0.971591584814246,leaf_area_cm2,0.4385863852815268,TRUE,both
619_19_hangklip,619_19_hangklip_JS,3l,Schoenus compar,0.034507042,0.4810281686836476,0.182,1.9079471280913944,2.84,1.1356550993575665,leaf_fresh_wgt_g,0.38102538964765165,TRUE,both
619_19_hangklip,619_19_hangklip_JS,5l,Schoenus compar,0.034502924,0.48097076376326525,0.115,2.570251717345715,1.71,1.8675497039763507,leaf_fresh_wgt_g,0.38102538964765165,TRUE,both
721_4_baviaanskloof,721_4_baviaanskloof_HK,2,Cliffortia drepanoides,0.007744108,0.4800215957117264,0.164,0.13028802920496751,11.88,1.086324799824372,leaf_area_cm2,0.3848267849201953,TRUE,both
620_42_hangklip,620_42_hangklip_CM,5L,Ficinia nigrescens,0.021396396,0.47721175391210047,0.168,0.6020360140800977,4.44,0.19822611020569572,leaf_fresh_wgt_g,0.557623436865216,TRUE,both
824_11_cape_point,824_11_cape_point_a,2,Schoenus crassus,0.029375,0.472650373736517,0.083,1.1718550285407119,1.6,0.41953889151378465,leaf_fresh_wgt_g,0.5064236609548673,TRUE,both
701_15_baviaanskloof,701_15_baviaanskloof_KE,1,Crassula perforata,0.092892977,0.47227877151492537,1.188,0.8073549220576042,11.96,0.31711107858958676,leaf_fresh_wgt_g,0.3906781938370929,TRUE,both
703_28_baviaanskloof,703_28_baviaanskloof_JL,1,Pelargonium peltatum,0.0287687,0.4681141104193754,0.551,1.9469991197421284,17.38,1.045148548618384,leaf_fresh_wgt_g,0.5163920016368563,TRUE,both
806_18_htr,806_18_htr_EPO,1,Stipagrostis obtusa,0.039423077,0.4670800551471622,0.108,0.2949610472870931,1.04,0.6236241210902612,leaf_area_cm2,0.39346985201899864,TRUE,both
703_18_langeberg,703_18_langeberg_EFG,4,Restio stokoei,0.05466563,0.4647987908245551,1.392,1.0504116256461784,12.86,0.09325899172542115,leaf_fresh_wgt_g,1.134889519369852,TRUE,both
724_14_cederberg,724_14_cederberg_SM,7,Othonna quinquedentata,0.02626943,0.46456293785719577,0.917,1.198826594358704,19.3,0.5013566361346476,leaf_fresh_wgt_g,0.4512412328250925,TRUE,both
621_15_hangklip,621_15_hangklip_CC,2,Capeochloa cincta,0.011262925,0.45957729053655383,0.802,0.48696789376600585,27.08,0.019307731100944636,leaf_fresh_wgt_g,0.5567394797379546,TRUE,both
712_7_langeberg,712_7_langeberg_EFG,5L,Ficinia nigrescens,0.024425532,0.4583379244313769,0.108,1.15200309344505,2.35,0.4408956671998695,leaf_fresh_wgt_g,0.5364676685078137,TRUE,both
709_4_baviaanskloof,709_4_baviaanskloof_TEM,2,Portulacaria afra,0.092105263,0.4571150096740308,0.212,1.607469900130726,1.9,0.4962335821268247,leaf_fresh_wgt_g,0.5269009728336583,TRUE,both
712_9_baviaanskloof,712_9_baviaanskloof_JL,1,Freylinia undulata,0.016208791,0.4495881766076913,0.152,0.4663180042225374,3.64,0.17911971287074915,leaf_fresh_wgt_g,0.7203279799492381,TRUE,both
620_42_hangklip,620_42_hangklip_CM,1L,Ficinia nigrescens,0.020155039,0.4495253084377755,0.158,0.6905726886817549,3.87,0.0368054409985475,leaf_fresh_wgt_g,0.557623436865216,TRUE,both
712_7_langeberg,712_7_langeberg_EFG,2L,Ficinia nigrescens,0.023652695,0.4438358654177279,0.078,1.6214883767462702,1.67,0.9337083212908173,leaf_fresh_wgt_g,0.5364676685078137,TRUE,both
703_15_langeberg,703_15_langeberg_EFG,4,Ficinia acuminata,0.00733945,0.4390419494444791,0.087,1.0727563424353141,6.54,0.3169732129445976,leaf_fresh_wgt_g,0.6235409389580193,TRUE,both
712_7_langeberg,712_7_langeberg_EFG,4L,Ficinia nigrescens,0.023377483,0.43867159317757326,0.131,0.8734675940710681,3.02,0.07900787443979039,leaf_fresh_wgt_g,0.5364676685078137,TRUE,both
723_15_cape_point,723_15_cape_point_c,3,Diastella divaricata,0.026373626,0.432687821891394,0.066,1.2410080995037949,1.82,0.03909981968894039,leaf_fresh_wgt_g,0.9453100224162234,TRUE,both
619_19_hangklip,619_19_hangklip_JS,4l,Schoenus compar,0.030685921,0.4277617415888932,0.167,2.032037475816038,2.77,1.17166005281306,leaf_fresh_wgt_g,0.38102538964765165,TRUE,both
724_14_cederberg,724_14_cederberg_SM,4,Othonna quinquedentata,0.023957323,0.42367437573155436,0.468,2.169239798370354,10.31,1.405913150921982,leaf_fresh_wgt_g,0.4512412328250925,TRUE,both
620_42_hangklip,620_42_hangklip_CM,2L,Ficinia nigrescens,0.01888412,0.421179530715667,0.08,1.6724253419714956,2.33,0.7688090524886777,leaf_fresh_wgt_g,0.557623436865216,TRUE,both
730_29_htr,730_29_htr_RDG,1,Drosanthemum karrooense,0.079023307,0.418615331883372,0.819,0.5978229144457137,9.01,0.615710950977174,leaf_area_cm2,0.5218789368911869,TRUE,both
621_28_hangklip,621_28_hangklip_CC,3,Restio dispar,0.077605293,0.4158643519427887,12.048,1.2064728306611896,78.59,0.07659121340586872,leaf_fresh_wgt_g,0.4331998119925481,TRUE,both
703_3_langeberg,703_3_langeberg_EFG,4,Leucadendron spissifolium,0.012609971,0.4116450439626329,0.22,0.7789731206877817,3.41,0.782359369004336,leaf_area_cm2,0.4846690522867495,TRUE,both
620_40_hangklip,620_40_hangklip_CM,5,Lanaria lanata,0.015608387,0.4087608787198203,1.957,0.6112604549334101,67.72,0.3434178085004265,leaf_fresh_wgt_g,0.45798479445117785,TRUE,both
731_5_cederberg,731_5_cederberg_SM,5l,Ficinia brevifolia,0.067005887,0.400887269856106,1.083,1.50742862443649,11.89,0.84245872301352,leaf_fresh_wgt_g,0.398092795756267,TRUE,both
620_40_hangklip,620_40_hangklip_CM,3,Lanaria lanata,0.01500908,0.3930659029389828,2.514,0.2382907220298565,93.61,0.8104984909280449,leaf_area_cm2,0.45798479445117785,TRUE,both
724_14_cederberg,724_14_cederberg_SM,2,Othonna quinquedentata,0.022106578000000002,0.39094479102322555,0.884,1.2517019585623268,24.02,0.1857213325844564,leaf_fresh_wgt_g,0.4512412328250925,TRUE,both
725_41_cape_point,725_41_cape_point_c,2,Struthiola ciliata,0.023566879,0.3858539867937123,0.06,0.036525876025113875,1.57,1.2210147083166862,leaf_area_cm2,0.6076108490571521,TRUE,both
716_4_baviaanskloof,716_4_baviaanskloof_DEB,2,Smelophyllum capense,0.013105639,0.3851420528151976,0.808,0.3669280795267135,25.18,0.10330571329676856,leaf_fresh_wgt_g,0.8975704807638257,TRUE,both
803_15_cape_point,803_15_cape_point_b,1,Robsonodendron maritimum,0.019085714,0.38490052115516943,0.9,0.19954148220841053,17.5,0.2893234294554347,leaf_area_cm2,0.5897835042640429,TRUE,both
716_4_baviaanskloof,716_4_baviaanskloof_DEB,3,Smelophyllum capense,0.012962963,0.38015219239832154,0.922,0.09535697391440055,30.78,0.5765502609049561,leaf_area_cm2,0.8975704807638257,TRUE,both
712_7_langeberg,712_7_langeberg_EFG,1L,Ficinia nigrescens,0.019293194,0.3620311112819116,0.141,0.7673392432097252,3.82,0.3390240887106698,leaf_fresh_wgt_g,0.5364676685078137,TRUE,both
724_15_cederberg,724_15_cederberg_SM,7,Aspalathus polycephala,0.014117647,0.3617993064084158,0.099,2.8382489300033877,3.4,1.9046257677636562,leaf_fresh_wgt_g,0.6085174316754627,TRUE,both
807_7_htr,807_7_htr_HKM,3,Felicia brevifolia,0.005952381,0.3613017319764343,0.038,1.2598671267551107,1.68,0.9160216073606469,leaf_fresh_wgt_g,0.4865891071068533,TRUE,both
710_18_langeberg,710_18_langeberg_CM,2,Restio hystrix,0.018511797,0.3501950644031052,0.518,1.2949400273184049,5.51,0.9848655460695933,leaf_fresh_wgt_g,0.5107004764312616,TRUE,both
724_15_cederberg,724_15_cederberg_SM,1,Aspalathus polycephala,0.013377926,0.34284214274397934,0.091,2.9598109098843013,2.99,2.090015029703253,leaf_fresh_wgt_g,0.6085174316754627,TRUE,both
724_15_cederberg,724_15_cederberg_SM,5,Aspalathus polycephala,0.013207547,0.33847576327390483,0.08,3.145677455195635,2.65,2.2641681544507963,leaf_fresh_wgt_g,0.6085174316754627,TRUE,both
710_18_langeberg,710_18_langeberg_CM,5,Restio hystrix,0.017431193,0.3297528465366143,0.788,0.6896964955485824,13.08,0.7597557027063457,leaf_area_cm2,0.5107004764312616,TRUE,both
731_17_htr,731_17_htr_HKM,3,Pentameris rupestris,0.014221557,0.317890003860756,0.178,1.1499754120980676,6.68,0.3042195086472368,leaf_fresh_wgt_g,0.7515988831418455,TRUE,both
724_15_cederberg,724_15_cederberg_SM,4,Aspalathus polycephala,0.012374582,0.31712899357053387,0.087,3.0246620542342693,2.99,2.090015029703253,leaf_fresh_wgt_g,0.6085174316754627,TRUE,both
723_5_cape_point,723_5_cape_point_a,2,Erica muscosa,0.006451613,0.31672698889123413,0.01,1.0703893278913976,0.31,0.7600492072792474,leaf_fresh_wgt_g,0.5169974550918485,TRUE,both
804_16_cape_point,804_16_cape_point_a,2,Roella triflora,0.006382979,0.3140425706941279,0.024,1.8744691179161408,0.94,1.3879256536616027,leaf_fresh_wgt_g,1.7428127018932014,TRUE,both
806_20_htr,806_20_htr_EPO,3,Stipagrostis namaquensis,0.01043956,0.30950886285149487,0.109,1.2514064035809545,1.82,0.8628927666085215,leaf_fresh_wgt_g,0.40561873638096996,TRUE,both
703_18_langeberg,703_18_langeberg_EFG,2,Restio stokoei,0.0375,0.2971610399118102,0.293,3.488895742972502,3.44,2.1230386138114765,leaf_fresh_wgt_g,1.134889519369852,TRUE,both
811_10_cape_point,811_10_cape_point_c,1,Cliffortia atrata,0.025951557,0.2936890668174459,0.138,0.13124453327825272,2.89,0.3234889465390045,leaf_area_cm2,1.204012933273193,TRUE,both
724_15_cederberg,724_15_cederberg_SM,2,Aspalathus polycephala,0.011380145,0.29164410810294383,0.107,2.7261385636818507,4.13,1.6240187324819126,leaf_fresh_wgt_g,0.6085174316754627,TRUE,both
723_15_cape_point,723_15_cape_point_c,1,Diastella divaricata,0.018709677,0.2887964945396724,0.05,1.713695814843359,1.55,0.37133402118068265,leaf_fresh_wgt_g,0.9453100224162234,TRUE,both
723_1_cape_point,723_1_cape_point_c,2,Struthiola ciliata,0.006748466,0.28828398334647,0.042,0.6076825772212398,1.63,0.043589268547682906,leaf_fresh_wgt_g,0.5854089967725821,TRUE,both
805_8_htr,805_8_htr_MAL,3,Pteronia glabrata,0.116438356,0.2816911268004231,0.662,1.7309600432235486,5.11,0.011249141132959418,leaf_fresh_wgt_g,0.5453058602936195,TRUE,both
818_47_htr,818_47_htr_EPO,2,Stipagrostis zeyheri,0.034210526,0.2789415351527016,0.403,0.4500648842787638,4.94,1.2306908085182817,leaf_area_cm2,1.0983046563380785,TRUE,both
818_47_htr,818_47_htr_EPO,1,Stipagrostis zeyheri,0.033967391,0.2766848351188295,0.31,0.13961736301585304,3.68,0.4281649332644562,leaf_area_cm2,1.0983046563380785,TRUE,both
821_6_htr,821_6_htr_RDG,1,Lachenalia obscura,0.015005214,0.2759666753611941,0.197,0.835329059616159,9.59,0.6562735523044024,leaf_fresh_wgt_g,0.39778096593771345,TRUE,both
703_18_langeberg,703_18_langeberg_EFG,1,Restio stokoei,0.034285714,0.27169009136957095,0.579,2.5062330594055133,7,1.0980922566812457,leaf_fresh_wgt_g,1.134889519369852,TRUE,both
709_22_baviaanskloof,709_22_baviaanskloof_TEM,1,Senecio linifolius,0.111132813,0.24861752257180458,0.627,1.664417512257041,5.12,0.019860422360842615,leaf_fresh_wgt_g,1.2083889459162007,TRUE,both
627_9_hangklip,627_9_hangklip_CM,6,Grubbia tomentosa,0.008039216,0.24004419632681037,0.181,0.7528195453670434,5.1,0.2162763073234997,leaf_fresh_wgt_g,0.43039084864064925,TRUE,both
725_25_cape_point,725_25_cape_point_c,1,Pentameris scabra,0.028333333,0.2337499976590625,0.03,0.0473057147783568,0.6,1.862496476250065,leaf_area_cm2,0.8783312239392812,TRUE,both
725_47_cape_point,725_47_cape_point_c,2,Stoebe scabra,0.003296703,0.21468773535480554,0.01,3.1538053360790355,0.91,1.5529012914888576,leaf_fresh_wgt_g,0.5341955404456898,TRUE,both
701_13_baviaanskloof,701_13_baviaanskloof_KE,3,Aristida congesta,0.011794872,0.20885567961959556,0.046,1.0310268956206246,1.95,0.033683126256288595,leaf_fresh_wgt_g,1.3472583219408958,TRUE,both
721_20_cape_point,721_20_cape_point_b,2,Elegia filacea,0.010945274,0.20343286456041015,0.108,0.7803878744573346,2.01,0.007195501404203766,leaf_fresh_wgt_g,0.6402963048869614,TRUE,both
709_22_baviaanskloof,709_22_baviaanskloof_TEM,3,Senecio linifolius,0.091596639,0.2005306678402724,0.604,1.7266580174195487,5.95,0.3603203295697753,leaf_fresh_wgt_g,1.2083889459162007,TRUE,both
729_8_cederberg,729_8_cederberg_DEB,9,Ruschia aspera,0.026214689,0.199307152524803,0.371,1.6520766965796931,8.85,0.006505963859410299,leaf_fresh_wgt_g,0.7785419178934536,TRUE,both
729_2_htr,729_2_htr_MAL,3,Eriocephalus decussatus,0.004347826,0.19490725250982827,0.071,1.0694214009574798,8.05,1.0089887832272548,leaf_fresh_wgt_g,0.8449738212242947,TRUE,both
813_7_htr,813_7_htr_MAL,1,Hermannia cuneifolia,0.028027682,0.19174305613556133,0.237,0.3352584252998459,5.78,0.23387807616009848,leaf_fresh_wgt_g,1.3310836455184911,TRUE,both
729_8_cederberg,729_8_cederberg_DEB,8,Ruschia aspera,0.024616147,0.18715362843717015,1.011,0.20578479129748187,20.19,1.1898915503611136,leaf_area_cm2,0.7785419178934536,TRUE,both
810_19_cape_point,810_19_cape_point_b,3,Schoenus exilis,0.008133971,0.18632468596481735,0.109,1.376473918054956,2.09,0.7314327204973784,leaf_fresh_wgt_g,0.5221129067795649,TRUE,both
719_22_baviaanskloof,719_22_baviaanskloof_JAS,2,Pelargonium ovale,0.024713584,0.18569762972041032,0.199,0.33741660215637,6.11,1.304326879729722,leaf_area_cm2,1.3088274474163202,TRUE,both
729_8_cederberg,729_8_cederberg_DEB,10,Ruschia aspera,0.023801221,0.18095784329631162,1.165,0.001237833658853792,22.94,1.3741160310454652,leaf_area_cm2,0.7785419178934536,TRUE,both
723_8_cape_point,723_8_cape_point_c,2,Pelargonium gibbosum,0.005416667,0.17646546770279797,0.472,0.5163208351160253,9.6,0.0022559739403676363,leaf_fresh_wgt_g,0.6749163069810856,TRUE,both
725_48_cape_point,725_48_cape_point_c,2,Lobelia pinifolia,0.032524272,0.17308964104441546,0.102,1.906890595608519,2.06,0.010466999051068886,leaf_fresh_wgt_g,1.3542909681472497,TRUE,both
719_22_baviaanskloof,719_22_baviaanskloof_JAS,3,Pelargonium ovale,0.022675737,0.16909067830666713,0.13,0.5625946876927016,4.41,0.40785827367453864,leaf_fresh_wgt_g,1.3088274474163202,TRUE,both
811_10_cape_point,811_10_cape_point_c,3,Cliffortia atrata,0.015437788,0.16489674211773558,0.151,0.3375379313443302,4.34,1.4536673829496078,leaf_area_cm2,1.204012933273193,TRUE,both
721_10_baviaanskloof,721_10_baviaanskloof_HK,3,Crassula biplanata,0.079178886,0.1611038435609454,0.307,2.200407427227085,3.41,0.518810165716229,leaf_fresh_wgt_g,1.4134805291576729,TRUE,both
729_8_cederberg,729_8_cederberg_DEB,6,Ruschia aspera,0.02060426,0.15665173027536955,0.826,0.497354101781051,20.19,1.1898915503611136,leaf_area_cm2,0.7785419178934536,TRUE,both
813_7_htr,813_7_htr_MAL,3,Hermannia cuneifolia,0.021460177,0.14358775014966024,0.294,0.12018756100954912,9.04,1.4604294020928579,leaf_area_cm2,1.3310836455184911,TRUE,both
725_48_cape_point,725_48_cape_point_c,3,Lobelia pinifolia,0.026872247,0.14089139549625962,0.085,2.2016338611696504,2.27,0.20449666783453874,leaf_fresh_wgt_g,1.3542909681472497,TRUE,both
721_28_cape_point,721_28_cape_point_b,3,Tetraria flexuosa,0.053846154,0.13663669795858277,0.235,1.1347103088582544,2.6,0.847442130527776,leaf_fresh_wgt_g,1.4089306564946213,TRUE,both
702_45_baviaanskloof,702_45_baviaanskloof_DEB,3,Dodonaea viscosa,0.020596798,0.13643466718798994,0.471,2.040769605802298,13.74,0.5023253517436101,leaf_fresh_wgt_g,1.4066618358004057,TRUE,both
702_45_baviaanskloof,702_45_baviaanskloof_DEB,1,Dodonaea viscosa,0.019797688,0.13079513224615,0.216,3.257387842692652,6.92,0.92182374258503,leaf_fresh_wgt_g,1.4066618358004057,TRUE,both
729_24_cape_point,729_24_cape_point_b,2,Passerina corymbosa,0.002435312,0.13040781384905095,0.158,1.3201007418363557,6.57,0.5486430604514205,leaf_fresh_wgt_g,0.7106224182528712,TRUE,both
729_22_cape_point,729_22_cape_point_b,1,Leucadendron coniferum,0.032035928,0.12921153551119482,0.2,1.7420062108667362,3.34,0.4708149562440906,leaf_fresh_wgt_g,1.4196501892440778,TRUE,both
721_28_cape_point,721_28_cape_point_b,2,Tetraria flexuosa,0.050877193,0.12861834872560005,0.132,2.104082462819824,1.71,0.14438990933517495,leaf_fresh_wgt_g,1.4089306564946213,TRUE,both
729_8_cederberg,729_8_cederberg_DEB,5,Ruschia aspera,0.016709512,0.12704042595351886,0.273,2.0945949322806436,7.78,0.19241326384357807,leaf_fresh_wgt_g,0.7785419178934536,TRUE,both
729_22_cape_point,729_22_cape_point_b,3,Leucadendron coniferum,0.031441048,0.1266602359062931,0.118,2.5890321650302033,2.29,0.35801290501310795,leaf_fresh_wgt_g,1.4196501892440778,TRUE,both
723_14_cape_point,723_14_cape_point_c,2,Penaea mucronata,0.022807018,0.12451497879426743,0.057,2.38627850629742,1.14,0.20602897512756072,leaf_fresh_wgt_g,1.4346468695548713,TRUE,both
723_14_cape_point,723_14_cape_point_c,3,Penaea mucronata,0.02173913,0.11833987239462665,0.048,2.6558288314408007,1.15,0.18793295059307522,leaf_fresh_wgt_g,1.4346468695548713,TRUE,both
701_13_baviaanskloof,701_13_baviaanskloof_KE,2,Aristida congesta,0.006746032,0.11434299253582451,0.041,1.2349050326499966,2.52,0.6374299206152916,leaf_fresh_wgt_g,1.3472583219408958,TRUE,both
725_45_cape_point,725_45_cape_point_c,1,Macrostylis villosa,0.030332681,0.11202371221210813,0.527,0.6216989737893254,10.22,1.4201283712024697,leaf_area_cm2,1.4626747260139359,TRUE,both
725_45_cape_point,725_45_cape_point_c,2,Macrostylis villosa,0.028961749,0.10669053733099977,0.374,0.16391197381171513,7.32,0.4743144687979273,leaf_area_cm2,1.4626747260139359,TRUE,both
721_10_baviaanskloof,721_10_baviaanskloof_HK,1,Crassula biplanata,0.051282051,0.10146307704287844,0.162,3.1949392085956423,1.95,0.6734404563809919,leaf_fresh_wgt_g,1.4134805291576729,TRUE,both
721_42_cape_point,721_42_cape_point_b,2,Metalasia muricata,0.028571429,0.09933720970480586,0.112,2.7356768981976334,2.24,0.16705966774792272,leaf_fresh_wgt_g,1.5060195405607106,TRUE,both
726_10_baviaanskloof,726_10_baviaanskloof_ASH,4,Cotyledon woodii,0.031905679,0.09098049516363199,1.105,1.145788095560802,20.78,1.6656288424793992,leaf_area_cm2,0.5946261128561817,TRUE,both
729_8_htr,729_8_htr_BHR,2L,Euphorbia mauritanica,0.031666667,0.0873563227586207,0.07,4.917158931062346,1.8,1.5081469036703252,leaf_fresh_wgt_g,1.0044727839546634,TRUE,both
721_42_cape_point,721_42_cape_point_b,3,Metalasia muricata,0.023970037,0.08267773488845762,0.132,2.4791678366985592,2.67,0.21520588074317867,leaf_fresh_wgt_g,1.5060195405607106,TRUE,both
729_8_htr,729_8_htr_BHR,1L,Euphorbia mauritanica,0.029279279,0.0807704248275862,0.166,3.6714025166603874,4.44,0.20558413364989386,leaf_fresh_wgt_g,1.0044727839546634,TRUE,both
620_4_hangklip,620_4_hangklip_HKM,2,Ficinia ramosissima,0.002439024,0.0778411923174595,0.015,1.432959407276106,0.41,0.9822979982665413,leaf_fresh_wgt_g,0.5816482627452604,TRUE,both
804_18_cape_point,804_18_cape_point_a,2,Pentameris curvifolia,0.022818792,0.07421267750700695,0.084,2.3906807861416532,1.49,0.5609570377103669,leaf_fresh_wgt_g,1.5751690390053121,TRUE,both
729_8_htr,729_8_htr_BHR,3L,Euphorbia mauritanica,0.021555556,0.05946360275862069,0.119,4.151624184699369,4.5,0.18621880878296293,leaf_fresh_wgt_g,1.0044727839546634,TRUE,both
804_18_cape_point,804_18_cape_point_a,3,Pentameris curvifolia,0.015714286,0.05052327840351969,0.041,3.4941970367979738,0.7,1.0051433032759598,leaf_fresh_wgt_g,1.5751690390053121,TRUE,both
702_10_baviaanskloof,702_10_baviaanskloof_DEB,3,Stoebe rhinocerotis,0,0,0.022,0.24100809950379512,1.8,0.12285674778553347,leaf_fresh_wgt_g,0.8766955422375148,TRUE,both
719_38_baviaanskloof,719_38_baviaanskloof_JAS,3,Themeda triandra,0,0,0.105,0.7735945161569285,3.38,0.8327402404775177,leaf_area_cm2,0.9001080711528079,TRUE,both
725_23_cape_point,725_23_cape_point_c,2,Petalacte coronata,0,0,0.013,0.9434164716336328,0.34,1,leaf_area_cm2,1.4142135623730951,TRUE,both
801_5_cederberg,801_5_cederberg_EFG,3c,Ficinia cedarbergensis,0.079033149,2.0971585761266622,0.951,0.17220234215337837,7.24,0.4587068283478058,leaf_area_cm2,0.36121569961463906,FALSE,ratio_only
625_16_hangklip,625_16_hangklip_ET,9,Podalyria calyptrata,0.043153527,2.0391226752652805,0.131,0.5812868425777579,2.41,1.3977234454295664,leaf_area_cm2,0.33197073876758687,FALSE,ratio_only
802_1_cederberg,802_1_cederberg_JL,4,Asparagus retrofractus,0.012033119,0.4959790768392716,0.401,0.7226459228491395,10.87,0.6682837101414112,leaf_fresh_wgt_g,0.25143601895109935,FALSE,ratio_only
723_6_cederberg,723_6_cederberg_JS,2,Stoebe aethiopica,0.010513141,0.4907696467735993,0.219,0.04539190281401437,7.99,0.5990244093334292,leaf_area_cm2,0.2552319977093541,FALSE,ratio_only
805_13_htr,805_13_htr_MAL,3,Mesembryanthemum junceum,0.081395349,0.4902103834280656,0.205,1.6625945684936925,2.15,0.729565416854428,leaf_fresh_wgt_g,0.3680120667669064,FALSE,ratio_only
629_3_hangklip,629_3_hangklip_EFG,2,Elegia capensis,0.015291262,0.4887689587708664,0.242,0.26353111612993435,4.12,0.3537891938424983,leaf_area_cm2,0.265685836485495,FALSE,ratio_only
717_1_baviaanskloof,717_1_baviaanskloof_DEB,3,Vachellia karroo,0.008064516,0.4845396732029874,0.058,1.7344760421405083,3.1,1.1448884505049883,leaf_fresh_wgt_g,0.3609814753710516,FALSE,ratio_only
702_7_baviaanskloof,702_7_baviaanskloof_DEB,1,Chrysocoma ciliata,0.017505995,0.4797399494129891,0.114,0.670935723831009,4.17,0.16862819682386024,leaf_fresh_wgt_g,0.36368980184515026,FALSE,ratio_only
622_33_hangklip,622_33_hangklip_TEM,2,Restio versatilis,0.012664908,0.47902392332444943,0.382,0.6381041717099072,7.58,0.1533347827709906,leaf_fresh_wgt_g,0.27204322072029563,FALSE,ratio_only
805_16_htr,805_16_htr_MAL,3,Lycium cinereum,0.042857143,0.47839771179823753,0.286,0.10925534237102855,5.67,0.982297998266541,leaf_area_cm2,0.3690144999466205,FALSE,ratio_only
801_6_cederberg,801_6_cederberg_EFG,3c,Schoenus cuspidatus,0.014610329,0.47140878164772404,0.367,0.22855659674624743,10.65,0.8254165344020153,leaf_area_cm2,0.2955702901047757,FALSE,ratio_only
815_10_htr,815_10_htr_BHR,1,Oxalis obtusa,0.014244186,0.4702791595642724,0.058,0.9364348712225339,3.44,0.1316440058104712,leaf_fresh_wgt_g,0.3744518226025285,FALSE,ratio_only
706_5_langeberg,706_5_langeberg_EFG,2,Thesium virgatum,0.069911504,0.4564578483858676,0.375,3.7412872001163,3.39,2.8061384843456643,leaf_fresh_wgt_g,0.34706203495849847,FALSE,ratio_only
706_5_langeberg,706_5_langeberg_EFG,8,Thesium virgatum,0.069277108,0.45231582573413637,0.355,3.8203587711074984,3.32,2.836240516135083,leaf_fresh_wgt_g,0.34706203495849847,FALSE,ratio_only
724_24_cederberg,724_24_cederberg_SM,4l,Ficinia dunensis,0.026071429,0.44892365261216327,0.111,2.8017738897943043,2.8,1.4272230377269617,leaf_fresh_wgt_g,0.3159925684771487,FALSE,ratio_only
729_10_cederberg,729_10_cederberg_DEB,1l,Ficinia indica,0.015428571,0.44608694626389406,0.058,0.8144443468439232,1.75,0.21554548005247468,leaf_fresh_wgt_g,0.3481248368754573,FALSE,ratio_only
708_17_langeberg,708_17_langeberg_EFG,4,Erica anguliger,0.009090909,0.4385770249866215,0.082,0.0853914912306445,3.3,0.6181293646563556,leaf_area_cm2,0.3665380342558523,FALSE,ratio_only
626_14_hangklip,626_14_hangklip_CC,5,Centella restioides,0.022012579,0.4263601440219545,0.18,0.9469387562485863,4.77,0.2576005197831656,leaf_fresh_wgt_g,0.2791501018272613,FALSE,ratio_only
705_17_langeberg,705_17_langeberg_CM,5L,Tetraria fimbriolata,0.019032258,0.4115605069970933,0.135,0.7433633653643568,3.1,0.059265949419687373,leaf_fresh_wgt_g,0.349659887691754,FALSE,ratio_only
710_11_langeberg,710_11_langeberg_CM,2,Pentameris eriostoma,0.01,0.38867134198128367,0.542,0.2950614890346803,10.3,0.0498759066395696,leaf_fresh_wgt_g,0.3215048680116949,FALSE,ratio_only
628_16_hangklip,628_16_hangklip_HKM,1,Restio curviramis,0.012225705,0.38022157569103265,0.199,0.5630477242927157,3.19,0.19434004000251046,leaf_fresh_wgt_g,0.34388773851533744,FALSE,ratio_only
703_4_langeberg,703_4_langeberg_EFG,5,Protea cynaroides,0.019432911,0.3013166269634619,2.774,1.4023373783207151,98.75,0.39968206269789786,leaf_fresh_wgt_g,0.367507611755225,FALSE,ratio_only
