NewUID,sample_id,replicate,ScientificName_WFO,twig_fwc,trait_ratio,twig_fresh_g,comp1_dev,twig_dry_g,comp2_dev,suspected_bad,cv,flag_high_cv,confidence
702_30_langeberg,702_30_langeberg_CM,2,Berzelia abrotanoides,38,44.84438145526574,1.248,0.6262982553885867,0.032,3.714245517666123,twig_dry_g,2.007943632779235,TRUE,both
726_25_baviaanskloof,726_25_baviaanskloof_ASH,2,Asparagus africanus,13.75,28.876266511605383,0.177,0.5250910447437576,0.012,2.7900769306257684,twig_dry_g,1.5638233319292085,TRUE,both
804_4_cape_point,804_4_cape_point_a,1,Erica subcapitata,14.46875,25.492750486361597,0.99,2.73211619450481,0.064,0.6582114827517948,twig_fresh_g,1.543320843660735,TRUE,both
719_1_baviaanskloof,719_1_baviaanskloof_JAS,2,Protea eximia,28.98529412,22.836156829366974,2.039,0.1599653113618546,0.068,3.618169546111075,twig_dry_g,1.5231562578674847,TRUE,both
727_43_baviaanskloof,727_43_baviaanskloof_HK,1,Hypodiscus alboaristatus,18.78922717,21.23255370059836,8.45,3.020981272757492,0.427,0.36912481597089214,twig_fresh_g,1.5084077901756257,TRUE,both
727_35_baviaanskloof,727_35_baviaanskloof_HK,3,Erica passerina,14.64102564,20.841281962076074,2.44,3.075245894461012,0.156,0.13666254731056388,twig_fresh_g,1.5047943557789494,TRUE,both
626_4_hangklip,626_4_hangklip_TEM,2,Restio subverticillatus,15.74651811,19.947472834276887,3.006,0.026393673837510692,0.1795,3.2557321551125833,twig_dry_g,1.495305699077586,TRUE,both
723_3_baviaanskloof,723_3_baviaanskloof_TEM,2,Stoebe plumosa,0.896,19.712000197120002,0.237,0.7802187921200899,0.125,0.0786098346963665,twig_fresh_g,1.2776537372558916,TRUE,both
805_1_htr,805_1_htr_MAL,2,Caroxylon aphyllum,7.45045045,19.498363556143964,0.938,1.224187934998062,0.111,1.3879784870544227,twig_dry_g,1.4903509083413788,TRUE,both
621_40_hangklip,621_40_hangklip_CC,4,Carpacoce heteromorpha,19.6504065,17.878061364638473,2.54,2.503257859601924,0.123,0.8223570853968507,twig_fresh_g,1.7427541523247998,TRUE,both
711_13_langeberg,711_13_langeberg_HKM,2,Othonna quinquedentata,34.04201681,16.965926607120277,0.417,0.1050606014745977,0.0119,3.771850077382412,twig_dry_g,1.6848874147020472,TRUE,both
805_33_htr,805_33_htr_MAL,1,Euphorbia lathyris,27.46491228,16.72197585459344,3.245,0.7065379160812894,0.114,2.7216988375128954,twig_dry_g,1.454508534858829,TRUE,both
815_12_htr,815_12_htr_BHR,3,Restio monanthos,11.65060241,16.36541572165433,1.05,0.5018707300988544,0.083,2.3831837833798,twig_dry_g,1.4491284855954172,TRUE,both
813_9_htr,813_9_htr_MAL,1,Cotula nudicaulis,63.28571429,15.43554007073171,0.045,0.20645087746742624,7e-4,3.5145731728297585,twig_dry_g,1.6600729907137832,TRUE,both
715_24_baviaanskloof,715_24_baviaanskloof_DEB,1,Protea eximia,22.84126984,14.574327897472928,1.502,0.7776876194436713,0.063,3.9942636304508556,twig_dry_g,1.4186940723019807,TRUE,both
702_34_baviaanskloof,702_34_baviaanskloof_DEB,2,Clutia polifolia,11.95555556,13.209186676999465,1.166,3.215808519249724,0.09,0.4584300947922243,twig_fresh_g,1.3904139932251292,TRUE,both
814_9_htr,814_9_htr_RDG,5,Romulea tortuosa,52.63636364,9.232200199771357,0.59,3.3465901491216314,0.011,0.289506617194985,twig_fresh_g,1.3879497015722724,TRUE,both
731_7_htr,731_7_htr_HKM,1,Hesperantha luticola,72.75,8.840506329292973,0.059,0.11735695063815892,8e-4,3.1292830169449664,twig_dry_g,1.3321838834402508,TRUE,both
702_16_langeberg,702_16_langeberg_TEM,1,Lobelia neglecta,14.55555556,8.683042984890195,0.14,0.1462894422506564,0.009,2.4882864813094825,twig_dry_g,1.3453635651609093,TRUE,both
724_9_cederberg,724_9_cederberg_SM,6,Solanum tomentosum,5.289156627,7.757578544607003,0.522,0.030726515632263224,0.083,1.5674750739923151,twig_dry_g,1.008398256800221,TRUE,both
709_12_baviaanskloof,709_12_baviaanskloof_TEM,1,Pelargonium tetragonum,63.36842105,6.726801619205591,1.223,0.23363927191191103,0.019,2.860596943334584,twig_dry_g,1.0481594996266275,TRUE,both
812_1_cape_point,812_1_cape_point_a,1,Erica imbricata,3.381818182,6.17066545841631,0.241,0.4616782243976329,0.055,1.0324214776923775,twig_dry_g,1.0967931672645277,TRUE,both
625_1_hangklip,625_1_hangklip_ET,5,Restio capensis,4,5.612244899748802,0.04,0.2779847472997654,0.008,1.8328900141647417,twig_dry_g,1.094478076421267,TRUE,both
815_10_htr,815_10_htr_BHR,2,Oxalis obtusa,14,5.24999999934375,0.015,0.4474589769712214,0.001,1.5849625007211563,twig_dry_g,0.961665222366187,TRUE,both
724_14_cederberg,724_14_cederberg_SM,3,Othonna quinquedentata,6.051428571,5.199971284889445,3.702,2.305267271411823,0.525,0.5890903863438328,twig_fresh_g,0.6851872552613423,TRUE,both
815_17_htr,815_17_htr_BHR,3,Ficinia bulbosa,4.714285714,5.091428570712686,0.08,0.6214883767462702,0.014,0.9475325801058645,twig_dry_g,0.9498845315206048,TRUE,both
629_4_hangklip,629_4_hangklip_EFG,3,Asparagus rubicundus,4.166666667,4.9499625897766375,0.186,0.40987579416306485,0.036,1,twig_dry_g,0.9807859569960583,TRUE,both
723_10_cape_point,723_10_cape_point_a,2,Coleonema album,2.125,4.937725694001703,0.35,0.9434164716336324,0.112,0.33730332077427827,twig_fresh_g,1.0525414087738716,TRUE,both
628_19_hangklip,628_19_hangklip_HKM,3,Merciera tenuifolia,4.641791045,4.775015849456003,0.756,1.1297005238328142,0.134,0.445663463309607,twig_fresh_g,0.9823524250243076,TRUE,both
723_2_cape_point,723_2_cape_point_c,3,Osmitopsis asteriscoides,8.035294118,4.654880731901997,0.768,0.8068853711857978,0.085,0.9872138450441564,twig_dry_g,0.9828869640365586,TRUE,both
702_39_langeberg,702_39_langeberg_CM,2,Capeobolus brevicaulis,2.866666667,4.599577762933122,0.058,1.6136942192644723,0.015,2.584962500721156,twig_dry_g,0.7987123747020852,TRUE,both
804_20_htr,804_20_htr_RDG,2,Osteospermum scariosum,2.014925373,4.574546649581415,0.202,1.8456142552439558,0.067,2.9054543634929995,twig_dry_g,0.9420060417247648,TRUE,both
723_2_baviaanskloof,723_2_baviaanskloof_TEM,3,Erica cordata,2.633333333,4.573761367135113,0.327,1.081683797593708,0.09,0.16635838642212017,twig_fresh_g,0.9501532356677995,TRUE,both
724_14_cederberg,724_14_cederberg_SM,8,Othonna quinquedentata,5.020992366,4.314521078538418,3.155,2.07460238141116,0.524,0.5863397753277981,twig_fresh_g,0.6851872552613423,TRUE,both
704_7_langeberg,704_7_langeberg_TEM,2,Ehrharta setacea,3.611111111,4.269737783559108,0.083,0.9912827828988906,0.018,2.3058084295240855,twig_dry_g,0.8686957276835315,TRUE,both
625_13_hangklip,625_13_hangklip_ET,2,Cliffortia heterophylla,6.189189189,4.22107618289617,0.532,0.16806182003280457,0.074,1.3755091350922066,twig_dry_g,0.9064328418581094,TRUE,both
724_15_cederberg,724_15_cederberg_SM,10,Aspalathus polycephala,3.119170984,4.13079400483305,0.795,1.377423207479066,0.193,0.10864126000382403,twig_fresh_g,0.6569933134610385,TRUE,both
724_15_cederberg,724_15_cederberg_SM,8,Aspalathus polycephala,3.109170306,4.117549863701137,0.941,1.6206630700358848,0.229,0.35538801083268756,twig_fresh_g,0.6569933134610385,TRUE,both
724_15_cederberg,724_15_cederberg_SM,9,Aspalathus polycephala,3.109131403,4.11749834351196,1.845,2.5920172582551064,0.449,1.3267558574768905,twig_fresh_g,0.6569933134610385,TRUE,both
717_20_baviaanskloof,717_20_baviaanskloof_DEB,1,Hypodiscus aristatus,4.348031496,3.9678259537105247,3.396,0.12901089110633202,0.635,1.2222301293017541,twig_dry_g,0.8615515188329688,TRUE,both
629_11_hangklip,629_11_hangklip_EFG,1,Metalasia densa,2.580645161,3.8846999869694883,0.111,0.17712768760066605,0.031,1.2649722100752863,twig_dry_g,0.7982900732075798,TRUE,both
703_4_baviaanskloof,703_4_baviaanskloof_JL,1,Azima tetracantha,6.345454545,3.8777777783617284,0.808,1.0997907694831306,0.11,0.3785116232537297,twig_fresh_g,0.8343537874376002,TRUE,both
724_9_cederberg,724_9_cederberg_SM,3,Solanum tomentosum,2.602409639,3.816940696504895,0.598,0.33830530085870997,0.166,0.5674750739923151,twig_dry_g,1.008398256800221,TRUE,both
730_11_htr,730_11_htr_RDG,3,Ehrharta melicoides,2.476190476,3.8141903097051038,0.219,1.0114825680472925,0.063,2.056143078037534,twig_dry_g,0.8395879753663932,TRUE,both
703_5_baviaanskloof,703_5_baviaanskloof_HK,1,Restio gaudichaudianus,1.401485365,3.8013876126467308,10.994,2.266134660433727,4.578,1.482341790012927,twig_fresh_g,0.8392247749672784,TRUE,both
710_5_langeberg,710_5_langeberg_CM,4,Cullumia aculeata,2.7288135590000002,3.736238956936099,0.22,0.5936797178222651,0.059,1.972225333898395,twig_dry_g,0.9570131828829838,TRUE,both
808_22_htr,808_22_htr_EPO,2,Zaluzianskya violacea,99,3.683720930232558,0.2,0.8429562898544201,0.002,1,twig_dry_g,0.904108303917226,TRUE,both
724_15_cederberg,724_15_cederberg_SM,6,Aspalathus polycephala,2.659574468,3.522139159467588,1.376,2.168876912009446,0.376,1.070773074413381,twig_fresh_g,0.6569933134610385,TRUE,both
718_13_baviaanskloof,718_13_baviaanskloof_JL,1,Themeda triandra,1.265306122,3.483022711701796,0.111,1.1505596765753812,0.049,0.40525647848625845,twig_fresh_g,0.7871814574137586,TRUE,both
625_11_hangklip,625_11_hangklip_ET,4,Gnidia oppositifolia,2.6875,3.4374999992005817,0.118,1.2310991166873473,0.032,1.8328900141647417,twig_dry_g,0.6247035457718452,TRUE,both
703_3_langeberg,703_3_langeberg_EFG,3,Leucadendron spissifolium,3.525714286,3.349450549454725,0.792,0.43706380560884284,0.175,1.0840642647884746,twig_dry_g,0.9490426120353901,TRUE,both
724_14_cederberg,724_14_cederberg_SM,5,Othonna quinquedentata,3.891390728,3.3438583644293396,3.693,2.3017556387468625,0.755,1.1132496080027892,twig_fresh_g,0.6851872552613423,TRUE,both
811_14_htr,811_14_htr_HKM,3,Senecio cardaminifolius,10.94444444,3.271036203077601,0.215,0.5883215128110707,0.018,0.8744691179161412,twig_dry_g,0.7463900648069105,TRUE,both
724_14_cederberg,724_14_cederberg_SM,1,Othonna quinquedentata,3.58490566,3.080496823571884,4.131,2.4634534363973692,0.901,1.3683000696038865,twig_fresh_g,0.6851872552613423,TRUE,both
702_39_langeberg,702_39_langeberg_CM,3,Capeobolus brevicaulis,1.855072464,2.9764709487389993,0.197,0.45714489278068826,0.069,0.38332863955150553,twig_fresh_g,0.7987123747020852,TRUE,both
805_20_htr,805_20_htr_MAL,5,Malephora crassa,2.053254438,2.9543567905781827,0.516,0.14394851571359238,0.169,0.6971526466783424,twig_dry_g,0.6451748163040897,TRUE,both
815_23_htr,815_23_htr_BHR,1,Ehrharta bulbosa,1.818181818,2.914072228529965,0.062,0.2937312030567103,0.022,1.0641303374197157,twig_dry_g,0.6779574701458594,TRUE,both
804_1_cape_point,804_1_cape_point_a,2,Metalasia cephalotes,2.2,2.908404154588442,0.288,0.027817944139762286,0.09,0.8744691179161412,twig_dry_g,0.6753833543431265,TRUE,both
717_37_baviaanskloof,717_37_baviaanskloof_DEB,2,Tetraria ustulata,1.607142857,2.906504064503984,0.146,1.3040308903608056,0.056,1.889612604176683,twig_dry_g,0.7470413139776472,TRUE,both
724_15_cederberg,724_15_cederberg_SM,3,Aspalathus polycephala,2.167530225,2.870512999977443,1.834,2.5833900809024026,0.579,1.69360376072498,twig_fresh_g,0.6569933134610385,TRUE,both
621_15_hangklip,621_15_hangklip_CC,3,Capeochloa cincta,4.817767654,2.8649896755240007,2.554,0.015047432912346833,0.439,1.2176900213424433,twig_dry_g,0.8181409645660506,TRUE,both
702_8_langeberg,702_8_langeberg_TEM,2,Helichrysum cymosum,2.153846154,2.812516496802955,0.082,1.7404800783424432,0.026,2.5756846871331454,twig_dry_g,0.6547685585913077,TRUE,both
816_18_cape_point,816_18_cape_point_c,1,Lobelia setacea,6,2.765087281685184,0.049,0.7861695921669759,0.007,2.192645077942396,twig_dry_g,0.8081618054891422,TRUE,both
627_1_hangklip,627_1_hangklip_CM,5,Penaea petraea,1.818181818,2.726306772655264,0.093,0.5269303793497411,0.033,1.1940106199666254,twig_dry_g,0.6057355073504765,TRUE,both
805_15_htr,805_15_htr_MAL,3,Drosanthemum framesii,2.222222222,2.7113702615760737,0.029,0.8699394594356271,0.009,1.6880559936852597,twig_dry_g,0.635564463722979,TRUE,both
724_9_cederberg,724_9_cederberg_SM,5,Solanum tomentosum,1.840840841,2.699951697266671,0.946,1,0.333,0.6582791783640772,twig_fresh_g,1.008398256800221,TRUE,both
625_11_hangklip,625_11_hangklip_ET,6,Gnidia oppositifolia,2.096491228,2.6815585468182426,0.353,0.8488145291559719,0.114,0.051530300640082086,twig_fresh_g,0.6247035457718452,TRUE,both
711_1_baviaanskloof,711_1_baviaanskloof_TEM,3,Erica umbelliflora,1.436893204,2.679207120767677,0.251,0.13174425446125015,0.103,0.797315250081038,twig_dry_g,0.6454536008094116,TRUE,both
712_8_baviaanskloof,712_8_baviaanskloof_JL,1,Hertia kraussii,8.563106796,2.6442627808304797,0.985,0.4391609267108975,0.103,0.909689228961192,twig_dry_g,0.6781375365539183,TRUE,both
626_2_hangklip,626_2_hangklip_TEM,2,Thesium ericaefolium,2,2.6439674324578806,0.135,0.39485961734121333,0.045,1.1447715242139742,twig_dry_g,0.5612522959213105,TRUE,both
724_14_cederberg,724_14_cederberg_SM,9,Othonna quinquedentata,3.060860441,2.630186610237698,3.87,2.3692959425730216,0.953,1.4492491777002898,twig_fresh_g,0.6851872552613423,TRUE,both
625_11_hangklip,625_11_hangklip_ET,3,Gnidia oppositifolia,2.048387097,2.6200300071813882,0.189,0.5514997418281158,0.062,0.8786937037778664,twig_dry_g,0.6247035457718452,TRUE,both
711_32_baviaanskloof,711_32_baviaanskloof_TEM,3,Chironia linoides,0.875,2.6085091978806787,0.27,0.7914133781885826,0.144,0.3181759600262548,twig_fresh_g,0.6733029797661415,TRUE,both
727_45_baviaanskloof,727_45_baviaanskloof_HK,2,Pentameris macrocalycina,1.285714286,2.603174603881638,0.08,0.6667565918848035,0.035,1.280107919192735,twig_dry_g,0.6032851450644198,TRUE,both
814_15_cape_point,814_15_cape_point_a,4,Aspalathus chenopoda,6.045454545,2.594332696854334,0.465,0.7773490079950778,0.066,1.868495216871508,twig_dry_g,0.5444089678363631,TRUE,both
729_26_cape_point,729_26_cape_point_b,2,Hermas villosa,5.057803468,2.5652425705859443,2.096,0.6071582468353526,0.346,0.4311050432150342,twig_fresh_g,0.5969419570613274,TRUE,both
625_19_hangklip,625_19_hangklip_ET,4,Polyarrhena reflexa,4,2.564852423370579,0.14,0.8508565606941905,0.028,1.5324950808270206,twig_dry_g,0.5770887675190532,TRUE,both
620_14_hangklip,620_14_hangklip_HKM,2,Euclea racemosa,1.678899083,2.547212432224089,0.584,0.5010464504122967,0.218,1.168453614225644,twig_dry_g,0.5172147429227849,TRUE,both
626_12_hangklip,626_12_hangklip_CC,5,Cliffortia subsetacea,1.288557214,2.5273631851334826,0.46,1.0478285250906152,0.201,0.37492728590469115,twig_fresh_g,0.5286432190636253,TRUE,both
723_4_cederberg,723_4_cederberg_JS,2,Eriocephalus africanus,1.182978723,2.5221935743187087,0.513,0.5998838494109108,0.235,1.1486226157135087,twig_dry_g,0.7780357411557401,TRUE,both
625_8_hangklip,625_8_hangklip_EFG,2,Roella ciliata,3.034883721,2.4915428263191157,0.347,0.46437726277273367,0.086,0.5961030583263569,twig_dry_g,0.6116676002074423,TRUE,both
625_11_hangklip,625_11_hangklip_ET,5,Gnidia oppositifolia,1.942307692,2.4843470473292215,0.153,0.8563543233565366,0.052,1.1324502960236495,twig_dry_g,0.6247035457718452,TRUE,both
625_11_hangklip,625_11_hangklip_ET,1,Gnidia oppositifolia,1.919191919,2.454780360940749,0.289,0.5602158383854704,0.099,0.203533394085132,twig_fresh_g,0.6247035457718452,TRUE,both
727_10_baviaanskloof,727_10_baviaanskloof_HK,1,Pelargonium myrrhifolium,4.16,2.446395136675615,0.258,0.24616058726939766,0.05,1.1826922975161902,twig_dry_g,0.5635445358776597,TRUE,both
712_9_baviaanskloof,712_9_baviaanskloof_JL,1,Freylinia undulata,0.62244898,2.404623222834885,0.318,0.7354541272486067,0.196,0.3763051047901295,twig_fresh_g,0.5640652365254641,TRUE,both
625_16_hangklip,625_16_hangklip_ET,8,Podalyria calyptrata,2.5,2.3857142848417956,0.112,1.7851021152104765,0.032,2.839203788096944,twig_dry_g,0.6432753633508065,TRUE,both
701_15_baviaanskloof,701_15_baviaanskloof_KE,3,Crassula perforata,9,2.3775276420130793,0.18,0.07822516730550218,0.018,1.0968615392525891,twig_dry_g,0.5802347207284285,TRUE,both
708_20_baviaanskloof,708_20_baviaanskloof_KE,3,Urochloa serrata,1.296296296,2.3756824544421224,0.062,0.3677317845004871,0.027,0.8744691179161412,twig_dry_g,0.5891565559290348,TRUE,both
814_36_htr,814_36_htr_RDG,2,Mesembryanthemum nitidum,1.797297297,2.374694044959306,0.414,0.5667824846561349,0.148,0.19142607065323466,twig_fresh_g,0.7694585848995972,TRUE,both
622_6_hangklip,622_6_hangklip_TEM,4,Grubbia rosmarinifolia,2.518867925,2.3500142060629527,0.373,0.30462708093015883,0.106,0.6074699001307259,twig_dry_g,0.6248671854997196,TRUE,both
712_28_baviaanskloof,712_28_baviaanskloof_JL,2,Eragrostis obtusa,4.655172414,2.3334907886693532,0.164,1.4749089552562424,0.029,0.18555565315607675,twig_fresh_g,0.7187696953005229,TRUE,both
806_10_cape_point,806_10_cape_point_b,2,Dimorphotheca nudicaulis,6.014705882,2.3240413819492636,0.477,0.2236531878598282,0.068,0.3303896736355581,twig_dry_g,0.7685840852514727,TRUE,both
621_18_hangklip,621_18_hangklip_CC,3,Ficinia monticola,3.210526316,2.258145935502126,0.16,0.4396231375571171,0.038,1.219678036639412,twig_dry_g,0.6227363957940701,TRUE,both
725_25_cape_point,725_25_cape_point_c,2,Pentameris scabra,2.75,2.257894736747036,0.06,0.7796099315746999,0.016,1.5849625007211563,twig_dry_g,0.5160288800353546,TRUE,both
710_36_baviaanskloof,710_36_baviaanskloof_HK,3,Athanasia pinnata,2.378378378,2.2277502990919422,0.375,0.011587974275211825,0.111,0.6893999109141503,twig_dry_g,0.5451255076147813,TRUE,both
724_24_cederberg,724_24_cederberg_SM,5l,Ficinia dunensis,2.616,2.188518650178217,0.452,1.193841507899747,0.125,1.9137989649506961,twig_dry_g,0.5271473617133936,TRUE,both
801_12_htr,801_12_htr_MAL,2,Chrysocoma ciliata,0.8,2.135593218076702,0.459,0.08412712868708311,0.255,0.3048545815284209,twig_dry_g,0.512174640857287,TRUE,both
818_62_htr,818_62_htr_EPO,2,Helichrysum moeserianum,5.333333333,2.1350078493193294,0.019,1.839535327806754,0.003,3.2223924213364477,twig_dry_g,0.6074652378092875,TRUE,both
806_10_cape_point,806_10_cape_point_b,3,Dimorphotheca nudicaulis,5.506493506,2.127671581693957,0.501,0.33748973749123007,0.077,0.07306346218972336,twig_fresh_g,0.7685840852514727,TRUE,both
703_25_baviaanskloof,703_25_baviaanskloof_JL,1,Anthonya parviloba,1.764705882,2.0075553154500954,0.094,0.7216988375128959,0.034,0.1567255036874533,twig_fresh_g,0.6850365318236123,TRUE,both
729_26_cape_point,729_26_cape_point_b,1,Hermas villosa,1.789674952,0.49634178222367265,1.459,0.21587975356610334,0.523,0.46842471202586883,twig_dry_g,0.5969419570613274,TRUE,both
703_5_baviaanskloof,703_5_baviaanskloof_HK,2,Restio gaudichaudianus,0.417928287,0.4857056718914134,3.559,0.7542117351171118,2.51,0.09050258376971887,twig_fresh_g,0.8392247749672784,TRUE,both
723_2_baviaanskloof,723_2_baviaanskloof_TEM,1,Erica cordata,0.736111111,0.48289879454601486,0.125,1.0313951962755343,0.072,0.6114347120823472,twig_fresh_g,0.9501532356677995,TRUE,both
811_14_htr,811_14_htr_HKM,1,Senecio cardaminifolius,3.428571429,0.48263899117640946,0.124,0.604224402881789,0.028,3.203426503814917e-16,twig_fresh_g,0.7463900648069105,TRUE,both
711_13_langeberg,711_13_langeberg_HKM,5,Othonna quinquedentata,1.3125,0.4784606101287778,0.444,0.02954427561401537,0.192,0.5183350916259574,twig_dry_g,1.6848874147020472,TRUE,both
801_12_htr,801_12_htr_MAL,1,Chrysocoma ciliata,0.374603175,0.46825396874999997,0.433,0.08412712868708319,0.315,0.30485458152842093,twig_dry_g,0.512174640857287,TRUE,both
712_9_baviaanskloof,712_9_baviaanskloof_JL,2,Freylinia undulata,0.215384615,0.4658099910687314,0.158,0.7783682931767687,0.13,0.5011941430285584,twig_fresh_g,0.5640652365254641,TRUE,both
702_39_langeberg,702_39_langeberg_CM,1,Capeobolus brevicaulis,0.583333333,0.4632883015767026,0.304,1.0830205867678977,0.192,1.3181759600262546,twig_dry_g,0.7987123747020852,TRUE,both
730_11_htr,730_11_htr_RDG,2,Ehrharta melicoides,0.70657277,0.46060397865226094,0.727,1.9550647685363511,0.426,2.403792742111221,twig_dry_g,0.8395879753663932,TRUE,both
804_1_cape_point,804_1_cape_point_a,3,Metalasia cephalotes,0.692857143,0.45884579006622517,0.474,1.3226892107271673,0.28,2,twig_dry_g,0.6753833543431265,TRUE,both
724_24_cederberg,724_24_cederberg_SM,4l,Ficinia dunensis,1.195329087,0.45693007912844036,1.034,1.193841507899747,0.471,1.9137989649506961,twig_dry_g,0.5271473617133936,TRUE,both
811_14_htr,811_14_htr_HKM,2,Senecio cardaminifolius,3.263157895,0.45406725001091003,0.162,0.06529146025171893,0.038,0.7243655573865726,twig_dry_g,0.7463900648069105,TRUE,both
625_19_hangklip,625_19_hangklip_ET,1,Polyarrhena reflexa,0.934362934,0.44598485863582465,0.501,1.4929333622288108,0.259,1.9082838309083847,twig_dry_g,0.5770887675190532,TRUE,both
805_15_htr,805_15_htr_MAL,2,Drosanthemum framesii,0.703703704,0.4457056377475851,0.046,0.047828525090615234,0.027,0.43295940727610605,twig_dry_g,0.635564463722979,TRUE,both
815_23_htr,815_23_htr_BHR,2,Ehrharta bulbosa,0.555555556,0.44258743467125655,0.042,1.0339473319233374,0.027,0.6880559936852597,twig_fresh_g,0.6779574701458594,TRUE,both
717_20_baviaanskloof,717_20_baviaanskloof_DEB,2,Hypodiscus aristatus,1.135785953,0.4203586651706868,3.193,0.006311800871553022,1.495,0.5076966343536884,twig_dry_g,0.8615515188329688,TRUE,both
702_39_langeberg,702_39_langeberg_CM,4,Capeobolus brevicaulis,0.517647059,0.41111970328684294,0.129,0.4604479589687902,0.085,0.05183893151961811,twig_fresh_g,0.7987123747020852,TRUE,both
625_11_hangklip,625_11_hangklip_ET,10,Gnidia oppositifolia,0.781818182,0.40736842118810523,0.196,0.4990323219339802,0.11,0.051530300640082065,twig_fresh_g,0.6247035457718452,TRUE,both
625_8_hangklip,625_8_hangklip_EFG,1,Roella ciliata,0.561151079,0.4010172228408489,0.217,0.40837376899783284,0.139,0.39784188401632237,twig_fresh_g,0.6116676002074423,TRUE,both
710_36_baviaanskloof,710_36_baviaanskloof_HK,2,Athanasia pinnata,0.751445087,0.3994751181062992,0.303,0.42925135849854484,0.173,0.22517486200777478,twig_fresh_g,0.5451255076147813,TRUE,both
701_15_baviaanskloof,701_15_baviaanskloof_KE,1,Crassula perforata,2.68627451,0.3869425886873423,0.188,0.17521048460637534,0.051,1.2129937233341985,twig_dry_g,0.5802347207284285,TRUE,both
717_20_baviaanskloof,717_20_baviaanskloof_DEB,3,Hypodiscus aristatus,1.055858311,0.3850814950787761,3.018,0.12646672089939978,1.468,0.46299853773001226,twig_dry_g,0.8615515188329688,TRUE,both
718_13_baviaanskloof,718_13_baviaanskloof_JL,3,Themeda triandra,0.319148936,0.3815942544457055,0.062,0.2649722100752863,0.047,0.30666133823405195,twig_dry_g,0.7871814574137586,TRUE,both
804_20_htr,804_20_htr_RDG,1,Osteospermum scariosum,0.463375796,0.380990651147214,0.919,1.3223206115653077,0.628,1.5034578603366087,twig_dry_g,0.9420060417247648,TRUE,both
724_14_cederberg,724_14_cederberg_SM,10,Othonna quinquedentata,1.16374269,0.3802011599129946,0.74,2.092042829353599,0.342,0.6155704866515523,twig_fresh_g,0.6851872552613423,TRUE,both
625_16_hangklip,625_16_hangklip_ET,9,Podalyria calyptrata,0.420454545,0.3784090905378409,0.125,1.6266727526059934,0.088,1.3797721694596468,twig_fresh_g,0.6432753633508065,TRUE,both
724_14_cederberg,724_14_cederberg_SM,7,Othonna quinquedentata,1.146131805,0.3744475865830565,0.749,2.07460238141116,0.349,0.5863397753277981,twig_fresh_g,0.6851872552613423,TRUE,both
711_1_baviaanskloof,711_1_baviaanskloof_TEM,2,Erica umbelliflora,0.536312849,0.3732447529900072,0.275,0.13174425446125015,0.179,0.7973152500810381,twig_dry_g,0.6454536008094116,TRUE,both
730_11_htr,730_11_htr_RDG,1,Ehrharta melicoides,0.591836735,0.3719011998418684,0.156,1.6002941544771467,0.098,1.3189808108370253,twig_fresh_g,0.8395879753663932,TRUE,both
724_14_cederberg,724_14_cederberg_SM,6,Othonna quinquedentata,1.127388535,0.36832405682360214,0.668,2.239719997395859,0.314,0.7388022526458234,twig_fresh_g,0.6851872552613423,TRUE,both
708_20_baviaanskloof,708_20_baviaanskloof_KE,2,Urochloa serrata,0.366666667,0.362868526308121,0.041,1.1422938824651216,0.03,0.6780719051126377,twig_fresh_g,0.5891565559290348,TRUE,both
724_14_cederberg,724_14_cederberg_SM,4,Othonna quinquedentata,1.110671937,0.36286265199243695,0.534,2.5627283581823574,0.253,1.0504294268431402,twig_fresh_g,0.6851872552613423,TRUE,both
724_14_cederberg,724_14_cederberg_SM,2,Othonna quinquedentata,1.079497908,0.35267792465811415,0.497,2.666322248307625,0.239,1.132556193556702,twig_fresh_g,0.6851872552613423,TRUE,both
703_5_baviaanskloof,703_5_baviaanskloof_HK,3,Restio gaudichaudianus,0.319426336,0.3511310752767727,1.012,2.846035390221664,0.767,2.208080121052085,twig_fresh_g,0.8392247749672784,TRUE,both
724_15_cederberg,724_15_cederberg_SM,7,Aspalathus polycephala,0.755102041,0.3483697861698791,0.172,2.20854629546962,0.098,0.9777471931528722,twig_fresh_g,0.6569933134610385,TRUE,both
804_20_htr,804_20_htr_RDG,3,Osteospermum scariosum,0.417553191,0.3369672711476658,0.533,0.07257884004625074,0.376,0.11371968406676757,twig_dry_g,0.9420060417247648,TRUE,both
724_15_cederberg,724_15_cederberg_SM,1,Aspalathus polycephala,0.717391304,0.3309717648804643,0.158,2.331030301994615,0.092,1.0688950812110676,twig_fresh_g,0.6569933134610385,TRUE,both
724_15_cederberg,724_15_cederberg_SM,5,Aspalathus polycephala,0.709497207,0.32732978706213883,0.306,1.377423207479066,0.179,0.10864126000382406,twig_fresh_g,0.6569933134610385,TRUE,both
625_11_hangklip,625_11_hangklip_ET,9,Gnidia oppositifolia,0.615763547,0.32084521662682136,0.328,0.7428421605028755,0.203,0.8839762036605168,twig_dry_g,0.6247035457718452,TRUE,both
812_1_cape_point,812_1_cape_point_a,3,Erica imbricata,0.606299213,0.31320229616892864,0.204,0.07623558582708512,0.127,0.7312968440795141,twig_dry_g,1.0967931672645277,TRUE,both
724_15_cederberg,724_15_cederberg_SM,2,Aspalathus polycephala,0.656804734,0.3030198732292187,0.28,1.505528033226751,0.169,0.1915776009858961,twig_fresh_g,0.6569933134610385,TRUE,both
625_11_hangklip,625_11_hangklip_ET,8,Gnidia oppositifolia,0.581168831,0.3028195488144925,0.487,1.313068117967134,0.308,1.4854268271702418,twig_dry_g,0.6247035457718452,TRUE,both
724_15_cederberg,724_15_cederberg_SM,4,Aspalathus polycephala,0.651612903,0.3006245982106201,0.256,1.6348110501717177,0.155,0.31633263199384293,twig_fresh_g,0.6569933134610385,TRUE,both
709_27_baviaanskloof,709_27_baviaanskloof_TEM,2,Digitaria eriantha,1,0.2990798390935751,0.106,1.696245834254901,0.053,0.6296315500548845,twig_fresh_g,0.5456323493569541,TRUE,both
811_18_cape_point,811_18_cape_point_c,2,Ruschia sarmentosa,1.225806452,0.28826791760503684,0.138,1.0538668719787356,0.062,0.21272932398572814,twig_fresh_g,0.5484475081452435,TRUE,both
712_8_baviaanskloof,712_8_baviaanskloof_JL,3,Hertia kraussii,1.786821705,0.26964728857891285,0.719,0.2575058690387632,0.258,1.1532462602956821,twig_dry_g,0.6781375365539183,TRUE,both
711_32_baviaanskloof,711_32_baviaanskloof_TEM,2,Chironia linoides,0.182692308,0.2680366570100549,0.123,0.8998358380745681,0.104,0.38170932321277956,twig_fresh_g,0.6733029797661415,TRUE,both
818_62_htr,818_62_htr_EPO,3,Helichrysum moeserianum,1.196078431,0.2619149849000699,0.112,2.3810901673555063,0.051,3.672425341971495,twig_dry_g,0.6074652378092875,TRUE,both
712_32_baviaanskloof,712_32_baviaanskloof_JL,3,Roepera flexuosa,0.461232604,0.2614115977173401,0.735,0.7271845733736206,0.503,1.64349771169091,twig_dry_g,0.5658545476482106,TRUE,both
625_11_hangklip,625_11_hangklip_ET,2,Gnidia oppositifolia,0.497297297,0.2591180653048592,0.277,0.49903232193398006,0.185,0.7500217469916526,twig_dry_g,0.6247035457718452,TRUE,both
703_4_baviaanskloof,703_4_baviaanskloof_JL,2,Azima tetracantha,1.636363636,0.2578796561216246,0.377,1.0997907694831306,0.143,0.3785116232537296,twig_fresh_g,0.8343537874376002,TRUE,both
622_6_hangklip,622_6_hangklip_TEM,2,Grubbia rosmarinifolia,0.317647059,0.2509034590758159,0.224,0.7024200822693328,0.17,0.3113588531771751,twig_fresh_g,0.6248671854997196,TRUE,both
723_2_baviaanskloof,723_2_baviaanskloof_TEM,2,Erica cordata,0.415384615,0.24655970555601778,0.184,0.29661700635817495,0.13,0.68251781014383,twig_dry_g,0.9501532356677995,TRUE,both
812_1_cape_point,812_1_cape_point_a,2,Erica imbricata,0.489795918,0.24562763303511032,0.146,0.6078369669737429,0.098,0.10691520391651217,twig_fresh_g,1.0967931672645277,TRUE,both
709_15_baviaanskloof,709_15_baviaanskloof_TEM,3,Carpobrotus edulis,1.626262626,0.23809416723143975,0.52,1.4764813935032701,0.198,0.10187961401921365,twig_fresh_g,0.5897229234107327,TRUE,both
625_11_hangklip,625_11_hangklip_ET,7,Gnidia oppositifolia,0.443548387,0.23111205430205858,0.179,0.629926388784932,0.124,0.17283659686221553,twig_fresh_g,0.6247035457718452,TRUE,both
622_26_hangklip,622_26_hangklip_TEM,1,Syncarpha canescens,0.260273973,0.21711998029257704,0.092,0.4248052755276647,0.073,0.36964559646482953,twig_fresh_g,0.525251112587743,TRUE,both
717_37_baviaanskloof,717_37_baviaanskloof_DEB,3,Tetraria ustulata,0.25974026,0.2117479387490132,0.097,1.9888017933951359,0.077,1.355265278761475,twig_fresh_g,0.7470413139776472,TRUE,both
702_14_langeberg,702_14_langeberg_TEM,1,Hippia pilosa,0.247524752,0.20683433045163138,0.126,0.0057363695491444745,0.101,0.7393482454772005,twig_dry_g,0.5346082757935109,TRUE,both
815_17_htr,815_17_htr_BHR,1,Ficinia bulbosa,0.925925926,0.1964085297694793,0.052,0.6214883767462703,0.027,0.9475325801058645,twig_dry_g,0.9498845315206048,TRUE,both
815_10_htr,815_10_htr_BHR,3,Oxalis obtusa,2.666666667,0.1904761905,0.011,0.4474589769712214,0.003,1.584962500721156,twig_dry_g,0.961665222366187,TRUE,both
815_15_htr,815_15_htr_BHR,1,Festuca scabra,0.440860215,0.18547184344213805,0.134,2.1262036240129945,0.093,0.8996330414702293,twig_fresh_g,0.6461534577609163,TRUE,both
621_18_hangklip,621_18_hangklip_CC,5,Ficinia monticola,0.344370861,0.17017091958624897,0.203,0.05917793593477359,0.151,1.0886576198203968,twig_dry_g,0.6227363957940701,TRUE,both
703_25_baviaanskloof,703_25_baviaanskloof_JL,3,Anthonya parviloba,0.258064516,0.1580935773864606,0.039,1.1154772174199359,0.031,0.04580368961312479,twig_fresh_g,0.6850365318236123,TRUE,both
712_28_baviaanskloof,712_28_baviaanskloof_JL,3,Eragrostis obtusa,0.605263158,0.15056694856431,0.061,0.8571652218285452,0.038,0.8556100906648251,twig_fresh_g,0.7187696953005229,TRUE,both
709_12_baviaanskloof,709_12_baviaanskloof_TEM,2,Pelargonium tetragonum,9.420289855,0.14865905917976158,1.438,0.23363927191191092,0.138,2.8605969433345835,twig_dry_g,1.0481594996266275,TRUE,both
723_2_cape_point,723_2_cape_point_c,1,Osmitopsis asteriscoides,0.778947368,0.1454784891950531,0.338,0.952267389215898,0.19,0.7118746132033758,twig_fresh_g,0.9828869640365586,TRUE,both
702_34_baviaanskloof,702_34_baviaanskloof_DEB,3,Clutia polifolia,0.927835052,0.14454613879320402,0.187,1.7175481403389654,0.097,0.6457165318002526,twig_fresh_g,1.3904139932251292,TRUE,both
715_24_baviaanskloof,715_24_baviaanskloof_DEB,3,Protea eximia,1.745454545,0.1440722450122727,2.718,0.46654849848886093,0.99,0.8731339072323218,twig_dry_g,1.4186940723019807,TRUE,both
702_34_baviaanskloof,702_34_baviaanskloof_DEB,1,Clutia polifolia,0.882352941,0.13697526801339832,0.064,3.401946123976537,0.034,1.4594316186372973,twig_fresh_g,1.3904139932251292,TRUE,both
710_5_langeberg,710_5_langeberg_CM,3,Cullumia aculeata,0.10989011,0.132950107441854,0.303,0.06077963006842223,0.273,0.8306622955496732,twig_dry_g,0.9570131828829838,TRUE,both
806_10_cape_point,806_10_cape_point_b,5,Dimorphotheca nudicaulis,0.612244898,0.12159389131540167,0.316,0.6299099067751308,0.196,1.4348007541002736,twig_dry_g,0.7685840852514727,TRUE,both
815_12_htr,815_12_htr_BHR,2,Restio monanthos,0.734234234,0.11899899024696801,0.77,0.1951021237379178,0.444,0.8142762887109489,twig_dry_g,1.4491284855954172,TRUE,both
804_26_htr,804_26_htr_RDG,2,Pelargonium,0.35483871,0.11827957,0.042,0.8556100906648251,0.031,0.7062687969432897,twig_fresh_g,0.5672867535336351,TRUE,both
806_10_cape_point,806_10_cape_point_b,4,Dimorphotheca nudicaulis,0.59375,0.11792074250738753,0.102,2.261265312980738,0.064,0.4178525148858977,twig_fresh_g,0.7685840852514727,TRUE,both
805_33_htr,805_33_htr_MAL,3,Euphorbia lathyris,1.656839623,0.11389969000288484,2.253,0.1411082283146819,0.848,1.1392058189809353,twig_dry_g,1.454508534858829,TRUE,both
715_24_baviaanskloof,715_24_baviaanskloof_DEB,2,Protea eximia,1.388998035,0.11298764432788025,2.432,0.2049002298490382,1.018,0.9512321250499784,twig_dry_g,1.4186940723019807,TRUE,both
805_33_htr,805_33_htr_MAL,2,Euphorbia lathyris,1.62804878,0.11180981044154047,1.724,0.6731471324238553,0.656,0.4476589208480418,twig_fresh_g,1.454508534858829,TRUE,both
815_12_htr,815_12_htr_BHR,1,Restio monanthos,0.68957346,0.1113576997132333,0.713,0.35196446864217057,0.422,0.6794400370699704,twig_dry_g,1.4491284855954172,TRUE,both
727_35_baviaanskloof,727_35_baviaanskloof_HK,1,Erica passerina,0.844155844,0.1110594580507617,0.284,2.267577998175237,0.154,0.16366601097062988,twig_fresh_g,1.5047943557789494,TRUE,both
719_1_baviaanskloof,719_1_baviaanskloof_JAS,1,Protea eximia,1.5987158909999999,0.10684774353235557,1.619,0.32992580885104367,0.623,0.16026035821633475,twig_fresh_g,1.5231562578674847,TRUE,both
808_22_htr,808_22_htr_EPO,1,Zaluzianskya violacea,7.25,0.09965635738831616,0.033,2.562936194391157,0.004,0.41503749927884376,twig_fresh_g,0.904108303917226,TRUE,both
814_36_htr,814_36_htr_RDG,3,Mesembryanthemum nitidum,0.156565657,0.09926684251813515,0.229,0.6999550230110875,0.198,0.45943161863729726,twig_fresh_g,0.7694585848995972,TRUE,both
626_4_hangklip,626_4_hangklip_TEM,3,Restio subverticillatus,0.819212809,0.0992618038457893,2.727,0.2312079766303178,1.499,0.5070992957285089,twig_dry_g,1.495305699077586,TRUE,both
625_16_hangklip,625_16_hangklip_ET,3,Podalyria calyptrata,0.109756098,0.09878048820987805,0.091,2.0846623970693843,0.082,1.4816517834788603,twig_fresh_g,0.6432753633508065,TRUE,both
805_1_htr,805_1_htr_MAL,1,Caroxylon aphyllum,0.38245614,0.09766241619812652,0.394,0.7734823160059269,0.285,0.48593312478585693,twig_fresh_g,1.4903509083413788,TRUE,both
805_1_htr,805_1_htr_MAL,3,Caroxylon aphyllum,0.381756757,0.09747512053504521,0.409,0.7034213341295134,0.296,0.5800967455493402,twig_fresh_g,1.4903509083413788,TRUE,both
816_18_cape_point,816_18_cape_point_c,3,Lobelia setacea,0.476190476,0.0965547508904496,0.062,0.33120590847537323,0.042,1.5343364276511884,twig_dry_g,0.8081618054891422,TRUE,both
804_4_cape_point,804_4_cape_point_a,3,Erica subcapitata,0.717948718,0.09646005571809597,0.067,3.1877582945296306,0.039,1.5411462684286665,twig_fresh_g,1.543320843660735,TRUE,both
727_43_baviaanskloof,727_43_baviaanskloof_HK,2,Hypodiscus alboaristatus,0.931389365,0.09490565892461676,1.126,2.062374504777752,0.583,0.3001314577321112,twig_fresh_g,1.5084077901756257,TRUE,both
626_4_hangklip,626_4_hangklip_TEM,1,Restio subverticillatus,0.759585492,0.09170564169055727,3.396,0.24454617985442592,1.93,1.2014283104578924,twig_dry_g,1.495305699077586,TRUE,both
811_1_htr,811_1_htr_HKM,1,Babiana flabellifolia,0.381679389,0.09087715860221028,0.362,0.15777121908406663,0.262,2.067638716875363,twig_dry_g,0.5168208083066199,TRUE,both
727_43_baviaanskloof,727_43_baviaanskloof_HK,3,Hypodiscus alboaristatus,0.838461538,0.08503400859825097,0.956,2.3243406289627533,0.52,0.04222823538929746,twig_fresh_g,1.5084077901756257,TRUE,both
703_26_langeberg,703_26_langeberg_HKM,5L,Tetraria involucrata,0.084449405,0.08486612900903598,2.915,0.8982553707805064,2.688,1.7989262999870235,twig_dry_g,0.5938342648651644,TRUE,both
726_25_baviaanskloof,726_25_baviaanskloof_ASH,1,Asparagus africanus,0.544444444,0.07691036755304562,0.139,0.030806046781174424,0.09,1.0324214776923775,twig_dry_g,1.5638233319292085,TRUE,both
727_35_baviaanskloof,727_35_baviaanskloof_HK,2,Erica passerina,0.560846561,0.07243654994673357,0.295,2.206939843762868,0.189,0.28611801894683525,twig_fresh_g,1.5047943557789494,TRUE,both
719_1_baviaanskloof,719_1_baviaanskloof_JAS,3,Protea eximia,0.93982808,0.061458787102278395,2.031,0.15113516454743645,1.047,1.5995038265425496,twig_dry_g,1.5231562578674847,TRUE,both
629_9_hangklip,629_9_hangklip_EFG,5,Indigofera candolleana,0.04516129,0.05764705843007612,0.162,0.4756638582303444,0.155,1.2208419697730477,twig_dry_g,0.5447114010819613,TRUE,both
726_25_baviaanskloof,726_25_baviaanskloof_ASH,3,Asparagus africanus,0.407894737,0.0570703868342657,0.107,0.562313761775956,0.076,0.5755021714720897,twig_dry_g,1.5638233319292085,TRUE,both
804_4_cape_point,804_4_cape_point_a,2,Erica subcapitata,0.417177914,0.05493990784258344,0.231,1.1940106199666252,0.163,1.662227627047859,twig_dry_g,1.543320843660735,TRUE,both
723_4_cederberg,723_4_cederberg_JS,1,Eriocephalus africanus,0.026392962,0.05325490877419782,0.35,1.151487753185636,0.341,0.6115116332543357,twig_fresh_g,0.7780357411557401,TRUE,both
723_3_baviaanskloof,723_3_baviaanskloof_TEM,1,Stoebe plumosa,0.045454545,0.05073051897321428,0.138,0.7802187921200898,0.132,0.07860983469636647,twig_fresh_g,1.2776537372558916,TRUE,both
703_3_langeberg,703_3_langeberg_EFG,2,Leucadendron spissifolium,0.051679587,0.04669335729872183,0.407,0.9075993625306046,0.387,0.5167049723175954,twig_fresh_g,0.9490426120353901,TRUE,both
723_10_cape_point,723_10_cape_point_a,1,Coleonema album,0.056122449,0.03831409956448487,0.207,0.29235497950401534,0.196,0.9780852235715592,twig_dry_g,1.0525414087738716,TRUE,both
621_15_hangklip,621_15_hangklip_CC,2,Capeochloa cincta,0.056074766,0.02710155429703333,1.13,1.2038525391015622,1.07,0.19303036170510496,twig_fresh_g,0.8181409645660506,TRUE,both
810_12_cape_point,810_12_cape_point_b,3,Chironia linoides,3.138888889,2.635116597261935,0.149,0,0.036,0.9175378398080273,twig_dry_g,0.4976371668324485,FALSE,ratio_only
702_12_langeberg,702_12_langeberg_TEM,3,Pentameris curvifolia,1.882352941,2.4410798266740716,0.147,0.009781020792585608,0.051,0.7026140893754292,twig_dry_g,0.4915334512482735,FALSE,ratio_only
820_12_htr,820_12_htr_MAL,4,Osteospermum acanthospermum,9.428571429,2.4229848363945035,0.073,0.6303544035351705,0.007,1.7162070339994087,twig_dry_g,0.49579266003744343,FALSE,ratio_only
806_4_htr,806_4_htr_EPO,2,Lotononis falcata,1.705882353,2.392313100011522,0.046,1.4932463316295412,0.017,2.2163179069267636,twig_dry_g,0.5038057420575811,FALSE,ratio_only
708_15_langeberg,708_15_langeberg_EFG,3,Helichrysum patulum,2.830188679,2.268040351165245,0.203,0.6361602777973727,0.053,1.4065058656577272,twig_dry_g,0.459354719629895,FALSE,ratio_only
807_14_htr,807_14_htr_HKM,2,Oxalis obtusa,5.666666667,2.2666666668,0.02,0.5145731728297582,0.003,0.4150374992788438,twig_fresh_g,0.5016001606023301,FALSE,ratio_only
712_25_baviaanskloof,712_25_baviaanskloof_JL,2,Setaria sphacelata,4.193548387,2.2412125645999588,0.161,0.5938956254911639,0.031,1.4636562044990227,twig_dry_g,0.507331045485951,FALSE,ratio_only
620_19_hangklip,620_19_hangklip_HKM,1,Diosma oppositifolia,1.346428571,2.2245577745601053,0.657,0.44034142730266523,0.28,0.9844591491042219,twig_dry_g,0.4425319538644033,FALSE,ratio_only
803_21_cape_point,803_21_cape_point_b,2,Euryops abrotanifolius,4.833333333,2.213986492097224,0.07,1.0995356735509145,0.012,2.0732489820306386,twig_dry_g,0.46272779560370325,FALSE,ratio_only
723_19_cederberg,723_19_cederberg_JS,1L,Ficinia deusta,1.281690141,2.2069225254034373,0.162,1.5212369031107689,0.071,1.9949111233272006,twig_dry_g,0.5057147331287736,FALSE,ratio_only
706_9_langeberg,706_9_langeberg_EFG,2,Thesium confusum,1.621052632,2.195228442385734,0.249,0.33231970073395795,0.095,0.7384834218084593,twig_dry_g,0.500455887253813,FALSE,ratio_only
804_20_cape_point,804_20_cape_point_a,5,Metalasia densa,1.095238095,2.185298437849193,0.044,1.500570313430784,0.021,1.9296106721086017,twig_dry_g,0.4168253487409736,FALSE,ratio_only
814_30_htr,814_30_htr_RDG,1,Drosanthemum floribundum,1.111111111,2.1490233512319694,0.133,0.06883887632799797,0.063,0.5462820325570963,twig_dry_g,0.4796963742798024,FALSE,ratio_only
804_30_cape_point,804_30_cape_point_a,1,Aristea africana,1.214285714,2.148351649002959,0.031,0.21572869105543707,0.014,0.8365012677171207,twig_dry_g,0.4729940393273697,FALSE,ratio_only
620_11_hangklip,620_11_hangklip_HKM,3,Aspalathus forbesii,2.207253886,2.1453331899180585,1.238,0.5846711943010069,0.386,0.10102992023124477,twig_fresh_g,0.42475349601567164,FALSE,ratio_only
620_45_hangklip,620_45_hangklip_CM,5,Ursinia paleacea,5.446808511,2.1440144488965456,0.606,0.12860266086497318,0.094,1.0266117302473197,twig_dry_g,0.4257302802675536,FALSE,ratio_only
709_18_langeberg,709_18_langeberg_JAS,1,Amphithalea cymbifolia,1.014778325,2.128504759382609,0.409,0.5660261167525799,0.203,1.0141441823202697,twig_dry_g,0.473446943790513,FALSE,ratio_only
729_30_cape_point,729_30_cape_point_b,5,Anthospermum bergianum,2.19047619,2.1248820067745426,0.067,0.2205991395133974,0.021,0.46566357234881184,twig_dry_g,0.4584176499150081,FALSE,ratio_only
702_18_langeberg,702_18_langeberg_TEM,5,Diospyros glabra,1.880733945,2.0991475291066433,0.314,0.4535721006978332,0.109,1.0710194633200176,twig_dry_g,0.4162378577399718,FALSE,ratio_only
820_24_htr,820_24_htr_MAL,3,Chlorophytum graminifolium,12.33333333,2.0931748261093195,0.12,0.9259994185562233,0.009,1.8744691179161412,twig_dry_g,0.4152042675711175,FALSE,ratio_only
727_24_baviaanskloof,727_24_baviaanskloof_HK,3,Stipa dregeana,4.772277228,2.08722088893583,0.583,0.8276025128781667,0.101,0.021586862208145832,twig_fresh_g,0.4642064217790483,FALSE,ratio_only
811_12_htr,811_12_htr_HKM,3,Heliophila crithmifolia,6.6,2.084210526096399,0.038,0.3959286763311394,0.005,1.2630344058337937,twig_dry_g,0.49714674711711665,FALSE,ratio_only
708_3_baviaanskloof,708_3_baviaanskloof_KE,1,Othonna carnosa,4.547619048,2.074614383071612,0.699,0.5856503172018311,0.126,1.412889032700267,twig_dry_g,0.468930575621287,FALSE,ratio_only
703_1_baviaanskloof,703_1_baviaanskloof_JL,1,Grewia robusta,1.93220339,2.0643629866684403,0.346,0.503481098582514,0.118,1.2127539734307153,twig_dry_g,0.5016494737900905,FALSE,ratio_only
709_14_langeberg,709_14_langeberg_JAS,4,Cymbopogon marginatus,2.61928934,2.059527980221327,0.713,0.17055745730307856,0.197,0.4864726373217929,twig_dry_g,0.45173983376059085,FALSE,ratio_only
820_12_htr,820_12_htr_MAL,3,Osteospermum acanthospermum,8,2.0558659216958275,0.135,0.39733549754538494,0.015,0.6166713604484944,twig_dry_g,0.49579266003744343,FALSE,ratio_only
723_29_cape_point,723_29_cape_point_a,3,Helichrysum patulum,5.9,2.0513513511192474,0.069,0.6596598679987571,0.01,1.4854268271702418,twig_dry_g,0.4501229271924443,FALSE,ratio_only
727_3_baviaanskloof,727_3_baviaanskloof_HK,2,Asparagus africanus,1.154320988,2.050913360003079,0.349,1.435855970786398,0.162,0.9735277886388091,twig_fresh_g,0.4495399199435663,FALSE,ratio_only
621_11_hangklip,621_11_hangklip_CC,5,Pseudopentameris brachyphylla,2.3203125,2.0492847808767336,0.425,0.7585289294142338,0.128,1.3106127816595283,twig_dry_g,0.3706955383209056,FALSE,ratio_only
621_10_hangklip,621_10_hangklip_CC,4,Nivenia levynsiae,2.863179074,2.048821570161729,1.92,1.4443883230112544,0.497,0.6510403521339448,twig_fresh_g,0.4094108740641831,FALSE,ratio_only
628_10_hangklip,628_10_hangklip_HKM,3,Erica intonsa,0.9,2.04012219923949,0.171,0.38994651831601335,0.09,0.04064198449734608,twig_fresh_g,0.4906766969706633,FALSE,ratio_only
621_16_hangklip,621_16_hangklip_CC,4,Osmitopsis asteriscoides,7.741741742,2.016921582535654,2.911,0.36168534860937684,0.333,0.4117845214837561,twig_dry_g,0.3721089192765589,FALSE,ratio_only
726_15_baviaanskloof,726_15_baviaanskloof_ASH,3,Pentameris eriostoma,2.616161616,2.016887944563949,0.358,0.13823604219211993,0.099,0.8863432182044327,twig_dry_g,0.46915530130374294,FALSE,ratio_only
731_31_cederberg,731_31_cederberg_SM,3,Calobota cytisoides,1.756097561,2.011509707065815,0.565,0.2277219251471072,0.205,0.34510553877282707,twig_dry_g,0.36765980274127197,FALSE,ratio_only
807_18_htr,807_18_htr_HKM,2,Berkheya eriobasis,1.492063492,2.011340777820969,0.314,1.03629612922299,0.126,1.5521506306462345,twig_dry_g,0.39933353683606,FALSE,ratio_only
723_9_cape_point,723_9_cape_point_c,3,Asparagus lignosus,2.088888889,2.0058147649277833,0.278,1.6795307283781113,0.09,2.26637011839705,twig_dry_g,0.4355388244225267,FALSE,ratio_only
818_53_htr,818_53_htr_EPO,3,Pentameris pallida,2.666666667,2.00000000075,0.011,0.34792330342030686,0.003,1,twig_dry_g,0.47140452102673397,FALSE,ratio_only
818_53_htr,818_53_htr_EPO,2,Pentameris pallida,1.333333333,0.4999999998125,0.014,0.3479233034203071,0.006,1,twig_dry_g,0.47140452102673397,FALSE,ratio_only
729_28_cape_point,729_28_cape_point_b,1,Bolusafra bituminosa,1.483333333,0.49948979575515406,0.298,0.4576172880176823,0.12,0.7983661388303492,twig_dry_g,0.3510363342109925,FALSE,ratio_only
723_20_cederberg,723_20_cederberg_JS,4,Ruschia dichroa,0.383333333,0.4987055014556069,0.083,1.5318511642615935,0.06,1.3025627700204312,twig_fresh_g,0.3732580428718851,FALSE,ratio_only
620_10_hangklip,620_10_hangklip_HKM,5,Othonna quinquedentata,1.508474576,0.4985359544323108,1.036,0.5844982384352868,0.413,0.09194547125784559,twig_fresh_g,0.2958760544763159,FALSE,ratio_only
730_26_cederberg,730_26_cederberg_JS,4,Pentameris malouinensis,0.82,0.49560439561801106,0.091,0.46374891375207566,0.05,0.16349873228287934,twig_fresh_g,0.3506671972895959,FALSE,ratio_only
710_28_baviaanskloof,710_28_baviaanskloof_HK,1,Senecio linifolius,2.547945205,0.4919005973970004,0.259,1.4629719763425457,0.073,0.6805401607033873,twig_fresh_g,0.3837067334271746,FALSE,ratio_only
818_41_htr,818_41_htr_EPO,3,Gymnodiscus capillaris,1.8,0.49090909093140495,0.014,0.2370391973008493,0.005,0.5145731728297582,twig_dry_g,0.37054131814540353,FALSE,ratio_only
810_12_cape_point,810_12_cape_point_b,4,Chironia linoides,1.125,0.4831288342669088,0.136,0.13170567921182197,0.064,0.08746284125033943,twig_fresh_g,0.4976371668324485,FALSE,ratio_only
727_13_baviaanskloof,727_13_baviaanskloof_HK,2,Kedrostis nana,1.571428571,0.4827264237617766,0.666,1.7211668843194674,0.259,2.446952679355606,twig_dry_g,0.37310821882795286,FALSE,ratio_only
815_20_htr,815_20_htr_BHR,2,Oxalis flava,2.7,0.48187583743629,0.074,1.5353804718705961,0.02,0.6780719051126377,twig_fresh_g,0.38706228323347147,FALSE,ratio_only
730_6_htr,730_6_htr_RDG,3,Eriospermum capense,0.661137441,0.4798005021066302,0.701,0.25581317853972063,0.422,0.2596197414210289,twig_dry_g,0.3648436033394988,FALSE,ratio_only
811_12_htr,811_12_htr_HKM,1,Heliophila crithmifolia,3.166666667,0.4797979798484849,0.05,0.3959286763311393,0.012,1.2630344058337937,twig_dry_g,0.49714674711711665,FALSE,ratio_only
726_15_baviaanskloof,726_15_baviaanskloof_ASH,1,Pentameris eriostoma,1.00729927,0.47931047233390905,0.55,0.8841192879498606,0.274,1.520603254924778,twig_dry_g,0.46915530130374294,FALSE,ratio_only
620_9_hangklip,620_9_hangklip_HKM,4,Carpobrotus acinaciformis,1.155653451,0.47722684350242406,1.468,0.10149986043142861,0.681,0.5550854593865405,twig_dry_g,0.3232789852921059,FALSE,ratio_only
620_41_hangklip,620_41_hangklip_CM,3,Cymbopogon marginatus,0.875,0.4762818873207031,0.195,0.5142032035904212,0.104,0.020659470566093026,twig_fresh_g,0.3698201565332966,FALSE,ratio_only
702_39_baviaanskloof,702_39_baviaanskloof_DEB,1,Senecio pinifolius,0.361111111,0.47446771546978533,0.196,0.3796435927436496,0.144,0.009984088572622125,twig_fresh_g,0.41396858983339885,FALSE,ratio_only
621_21_hangklip,621_21_hangklip_CC,1,Pentameris curvifolia,0.349056604,0.47445037481240865,1.144,1.1458508664634546,0.848,1.4379016076305808,twig_dry_g,0.29444881518996513,FALSE,ratio_only
705_14_baviaanskloof,705_14_baviaanskloof_TEM,1,Pelargonium peltatum,1.634920635,0.4726292154878682,0.332,0.7797786777051792,0.126,0.03394733192333771,twig_fresh_g,0.3955192741136325,FALSE,ratio_only
701_23_baviaanskloof,701_23_baviaanskloof_KE,2,Crassula muscosa,0.888888889,0.47216633139928227,0.017,0.9569312781081141,0.009,0.3536369546147006,twig_fresh_g,0.417094278242344,FALSE,ratio_only
814_28_htr,814_28_htr_RDG,5,Aizoon filiforme,0.558139535,0.46785225733445324,0.268,1.36564947231668,0.172,1.85640914637115,twig_dry_g,0.33394785571484614,FALSE,ratio_only
818_48_htr,818_48_htr_EPO,3,Senecio burchellii,1.296296296,0.46382573396727994,0.248,0.5490548472505316,0.108,1.2313255461064558,twig_dry_g,0.4085007766753236,FALSE,ratio_only
727_38_baviaanskloof,727_38_baviaanskloof_HK,2,Pentameris pallida,0.65,0.46350540227882736,0.033,1.390234108278271,0.02,0.8278190246173196,twig_fresh_g,0.3971418262779997,FALSE,ratio_only
706_22_langeberg,706_22_langeberg_HKM,3,Euryops pinnatipartitus,0.452830189,0.45438049458045426,0.077,0.5597619465960135,0.053,0.10496955960154249,twig_fresh_g,0.3854008817353126,FALSE,ratio_only
622_8_hangklip,622_8_hangklip_TEM,3,Adenandra villosa,0.80952381,0.44973545000000004,0.114,0.4665677999189259,0.063,1.1192989283723445,twig_dry_g,0.3078379760978473,FALSE,ratio_only
814_12_htr,814_12_htr_RDG,1,Senecio cardaminifolius,3.402985075,0.4483142132564842,0.295,0.07387831397127781,0.067,0.8961641890154599,twig_dry_g,0.39347036482498526,FALSE,ratio_only
708_16_langeberg,708_16_langeberg_EFG,1,Halleria lucida,0.523160763,0.4472193017455959,0.559,0.26882966261911284,0.367,0.2505095736937948,twig_fresh_g,0.298304069325694,FALSE,ratio_only
703_14_baviaanskloof,703_14_baviaanskloof_HK,1,Cotyledon woodii,0.622516556,0.44083980116730376,0.735,0.05705468938978736,0.453,0.6066213818509294,twig_dry_g,0.46008517343599964,FALSE,ratio_only
808_21_htr,808_21_htr_EPO,2,Aptosimum spinescens,0.30952381,0.43965954636649185,0.605,0.4415097106400349,0.462,0.8489340258090036,twig_dry_g,0.2990014386815991,FALSE,ratio_only
816_9_cape_point,816_9_cape_point_c,2,Euryops abrotanifolius,1.176470588,0.43843624394792313,0.074,0.5655971758542249,0.034,1.3325753390868709,twig_dry_g,0.40764610051564026,FALSE,ratio_only
703_14_baviaanskloof,703_14_baviaanskloof_JL,3,Barleria obtusa,0.756756757,0.4288852612890542,0.26,0.5185420750327039,0.148,1.1326377685781186,twig_dry_g,0.4274699943645668,FALSE,ratio_only
731_5_htr,731_5_htr_HKM,2,Helichrysum obtusum,0.380952381,0.42876847303569987,0.029,0.9493739269300319,0.021,0.49032562658308076,twig_fresh_g,0.4077986399003627,FALSE,ratio_only
705_5_langeberg,705_5_langeberg_CM,2,Lachnaea penicillata,0.255813953,0.4283964806422338,0.054,1.959358015502654,0.043,1.6071582468353527,twig_fresh_g,0.3214844031857633,FALSE,ratio_only
626_8_hangklip,626_8_hangklip_TEM,1,Microdon dubius,0.486486486,0.4256017860717182,0.055,2.215819767412962,0.037,1.6609113539544549,twig_fresh_g,0.4523913185569017,FALSE,ratio_only
703_1_baviaanskloof,703_1_baviaanskloof_JL,3,Grewia robusta,0.664268585,0.42311506425077433,0.694,1.1327301631499196,0.417,1.7497072630577883,twig_dry_g,0.5016494737900905,FALSE,ratio_only
813_12_htr,813_12_htr_MAL,4,Drosanthemum floribundum,0.454545455,0.4204314960493189,0.128,0.7905466343710503,0.088,1.2499782530083476,twig_dry_g,0.3175312878175665,FALSE,ratio_only
819_82_htr,819_82_htr_RDG,3,Othonna hederifolia,8.5,0.41975308641975306,0.038,0.1614634226941162,0.004,1,twig_dry_g,0.4901146921846053,FALSE,ratio_only
621_37_hangklip,621_37_hangklip_CC,3,Erica perspicua,0.491666667,0.41923363127591035,0.179,1.417051030716492,0.12,0.9196578916823964,twig_fresh_g,0.3173030103092272,FALSE,ratio_only
725_7_cape_point,725_7_cape_point_a,3,Stilbe ericoides,0.626865672,0.4141211046132281,0.109,1.446256229889564,0.067,2.0660891904577725,twig_dry_g,0.45737947205992197,FALSE,ratio_only
804_30_cape_point,804_30_cape_point_a,3,Aristea africana,0.4,0.40816326530612246,0.035,0.040641984497345594,0.025,0.12029423371771204,twig_dry_g,0.4729940393273697,FALSE,ratio_only
703_13_langeberg,703_13_langeberg_EFG,3,Senecio crassulifolius,1.978723404,0.4046288841428881,1.26,0.38407556943662846,0.423,1.3713670276218672,twig_dry_g,0.4587016773191098,FALSE,ratio_only
703_13_langeberg,703_13_langeberg_EFG,4,Senecio crassulifolius,1.973890339,0.4036405713276726,1.139,0.23841958275746156,0.383,1.2280537564268745,twig_dry_g,0.4587016773191098,FALSE,ratio_only
626_14_hangklip,626_14_hangklip_CC,5,Centella restioides,0.648809524,0.38136132333413214,0.277,0.441316824077693,0.168,1.222392421336448,twig_dry_g,0.3409454897703963,FALSE,ratio_only
628_10_hangklip,628_10_hangklip_HKM,4,Erica intonsa,0.230769231,0.3784772106880884,0.048,1.7142455176661224,0.039,1.3293076252529599,twig_fresh_g,0.4906766969706633,FALSE,ratio_only
807_26_htr,807_26_htr_HKM,3,Eriocephalus namaquensis,0.162094763,0.37756959712685084,0.466,0.9527974786011004,0.401,0.6789710606673828,twig_fresh_g,0.3373920003218028,FALSE,ratio_only
629_10_hangklip,629_10_hangklip_EFG,5,Ficinia oligantha,0.548387097,0.37603686647131,0.048,0.6724253419714956,0.031,0,twig_fresh_g,0.32283609125531953,FALSE,ratio_only
807_14_htr,807_14_htr_HKM,5,Oxalis obtusa,1.75,0.37499999997321426,0.011,0.6280312226130423,0.004,0.41503749927884376,twig_fresh_g,0.5016001606023301,FALSE,ratio_only
806_29_htr,806_29_htr_EPO,3,Hirpicium alienatum,0.173333333,0.365131809543074,0.176,0.35755200461808384,0.15,0.028569152196770954,twig_fresh_g,0.46859408082043663,FALSE,ratio_only
723_4_baviaanskloof,723_4_baviaanskloof_TEM,3,Osteospermum junceum,12.23195876,0.3636544030658476,2.567,0.2768312844425465,0.194,1.0921182019884315,twig_dry_g,0.48190058082660453,FALSE,ratio_only
721_10_baviaanskloof,721_10_baviaanskloof_HK,1,Crassula biplanata,0.470588235,0.347474444640678,0.075,0.6103850976010631,0.051,0.05771549785628713,twig_fresh_g,0.4898509148885251,FALSE,ratio_only
724_3_cederberg,724_3_cederberg_SM,3,Chrysocoma ciliata,0.206896552,0.33418754590380284,0.105,1.7875916672361742,0.087,1.3867792392373302,twig_fresh_g,0.37750719258053717,FALSE,ratio_only
814_10_cape_point,814_10_cape_point_a,4,Myrica cordifolia,0.39869281,0.3076466455798957,0.214,1.3800665309388847,0.153,0.7026140893754292,twig_fresh_g,0.3701651210518949,FALSE,ratio_only
723_8_cederberg,723_8_cederberg_JS,4,Pentameris eriostoma,0.297297297,0.3073943615132222,0.192,0.8988532765431003,0.148,0.2983412745697465,twig_fresh_g,0.39477846651416,FALSE,ratio_only
731_29_cederberg,731_29_cederberg_SM,4,Crassula atropurpurea,0.421052632,0.2574085463329404,0.189,0.5566986485024348,0.133,0.44795212175157917,twig_fresh_g,0.4837196973577335,FALSE,ratio_only
627_14_hangklip,627_14_hangklip_CM,2,Anthospermum galioides,0.233766234,0.23122529667139974,0.095,1.9458442299530945,0.077,1.2410080995037949,twig_fresh_g,0.4993961070527212,FALSE,ratio_only
730_9_htr,730_9_htr_RDG,3,Oxalis flava,0.47826087,0.2022192030520822,0.034,1.4823927670806085,0.023,0.5639008851933267,twig_fresh_g,0.48209990575254985,FALSE,ratio_only
814_24_htr,814_24_htr_RDG,1,Lampranthus watermeyeri,0.241758242,0.17876877088008372,0.113,1.6856325915044066,0.091,0.6317567122000974,twig_fresh_g,0.489565526568423,FALSE,ratio_only
811_5_htr,811_5_htr_HKM,4,Searsia lancea,0.101694915,0.15149619255277955,0.325,0.3887194137701456,0.295,0.1849804158913227,twig_fresh_g,0.4583015435257168,FALSE,ratio_only
704_31_langeberg,704_31_langeberg_TEM,3,Ocotea bullata,0.163147793,0.1255492010644314,0.606,1.0130347050544357,0.521,0.1447854391638042,twig_fresh_g,0.4946302586181247,FALSE,ratio_only
