NewUID,sample_id,replicate,ScientificName_WFO,lma,lma_ratio,leaf_dry_wgt_g,weight_dev,leaf_area_cm2,area_dev,suspected_bad,cv,flag_high_cv,confidence
725_45_cape_point,725_45_cape_point_c,3,Macrostylis villosa,0.465408805,21.46520324162713,0.148,0.35660067254214206,0.318,4.78547817204774,area,1.510612369769125,TRUE,both
729_8_htr,729_8_htr_BHR,1S,Euphorbia mauritanica,0.121640489,15.002327176697698,0.697,4.275089844426111,5.73,0.3486101375398679,weight,1.0642885657695613,TRUE,both
719_22_baviaanskloof,719_22_baviaanskloof_JAS,1,Pelargonium ovale,0.100371747,13.69449968090611,0.054,0.4694852833012202,0.538,3.2893847216230405,area,1.4010370159513506,TRUE,both
723_8_cape_point,723_8_cape_point_c,2,Pelargonium gibbosum,0.04375,13.152305501451561,0.42,3.691877704637668,9.6,0.0022559739403676363,weight,1.3897010769506746,TRUE,both
824_2_htr,824_2_htr_RDG,2,Monoculus monstrosus,0.062358491,10.587003086620708,0.661,3.6834072895010856,10.6,0.2824916953248764,weight,1.3192333294363554,TRUE,both
811_10_cape_point,811_10_cape_point_c,2,Cliffortia atrata,0.200716846,9.754392236583108,0.056,0.39231742277876036,0.279,3.6956586200092927,area,1.2900793892673028,TRUE,both
813_7_htr,813_7_htr_MAL,2,Hermannia cuneifolia,0.113924051,9.478771078428965,0.09,0.04064198449734608,0.79,3.229548984128731,area,1.2795450375327673,TRUE,both
729_8_htr,729_8_htr_BHR,2S,Euphorbia mauritanica,0.072905526,8.991681659889089,0.409,3.506032031499436,5.61,0.31807576939175597,weight,1.0642885657695613,TRUE,both
818_47_htr,818_47_htr_EPO,3,Stipagrostis zeyheri,0.316981132,6.492843354619656,0.168,0.31848901092059134,0.53,3.023623604525899,area,1.120272865581258,TRUE,both
729_8_htr,729_8_htr_BHR,3S,Euphorbia mauritanica,0.050585938,6.238932436519099,0.259,2.8468832862442417,5.12,0.18621880878296293,weight,1.0642885657695613,TRUE,both
729_11_cederberg,729_11_cederberg_DEB,1,Protea glabra,0.33826087,5.7972012560181945,0.778,0.674367936349219,2.3,1.8883726687341675,area,1.1308095776736307,TRUE,both
814_8_cape_point,814_8_cape_point_a,4,Searsia lucens,0.090909091,4.538364150228992,0.24,0.37941358954812243,2.64,1.857227038987659,area,0.9322358977682998,TRUE,both
812_29_cape_point,812_29_cape_point_a,1,Erica hirtiflora,0.052555911,4.268176957636428,0.329,3.3619437737352413,6.26,1.2239296564748456,weight,0.8495490227920253,TRUE,both
706_14_langeberg,706_14_langeberg_EFG,2,Syncarpha gnaphaloides,0.044736842,3.93512773399192,0.085,0.26983958373890815,1.9,1.6553518286125541,area,0.8242854545762207,TRUE,both
703_15_langeberg,703_15_langeberg_EFG,5,Ficinia acuminata,0.05106383,3.490537224887892,0.144,0.6463630453852993,2.82,1.1913655257158235,area,0.8039746082763475,TRUE,both
725_25_cape_point,725_25_cape_point_c,2,Pentameris scabra,0.066666667,3.0769230449704144,0.011,0.24100809950379493,0.165,1.8624964762500649,area,0.7204484131300792,TRUE,both
729_2_htr,729_2_htr_MAL,2,Eriocephalus decussatus,0.025938567,3.0700005905994323,0.076,0.6185708933639757,2.93,1.1627951501958358,area,0.7600411692342451,TRUE,both
731_17_htr,731_17_htr_HKM,2,Pentameris rupestris,0.050591017,3.0463464689104285,0.214,0.9601072728764871,4.23,0.6494388022502433,weight,0.7181415209383397,TRUE,both
625_11_hangklip,625_11_hangklip_ET,10,Gnidia oppositifolia,0.019117647,3.022977775058028,0.208,2.1154772174199357,10.88,0.4079827417448937,weight,0.5740993897275797,TRUE,both
812_28_cape_point,812_28_cape_point_a,3,Watsonia meriana,0.066768293,2.7367236510245068,0.219,2.458832617158529,3.28,3.9112823647256767,area,0.5978124922211905,TRUE,both
731_5_cederberg,731_5_cederberg_SM,1c,Ficinia brevifolia,0.092861163,2.689287375572784,1.9798,1.8174829881434833,21.32,0.7226013680652509,weight,0.5844674900885654,TRUE,both
625_11_hangklip,625_11_hangklip_ET,2,Gnidia oppositifolia,0.016585366,2.6225608627046553,0.136,1.5025003405291832,8.2,0.06030051026781441,weight,0.5740993897275797,TRUE,both
620_9_hangklip,620_9_hangklip_HKM,3,Carpobrotus acinaciformis,0.276086957,2.621370333145765,4.191,2.1001259139359045,15.18,0.871857904459603,weight,0.674630319475865,TRUE,both
730_16_htr,730_16_htr_RDG,3,Polygala ephedroides,0.100552486,2.5665118127964415,0.182,2,1.81,0.6233289405182059,weight,0.5956314920106287,TRUE,both
731_7_cederberg,731_7_cederberg_SM,2,Secamone alpini,0.050123457,2.5592448052624084,0.3248,0.40912722865778944,6.48,0.8817371183801802,area,0.5560656244229171,TRUE,both
807_25_htr,807_25_htr_HKM,3,Schismus schismoides,0.05,2.5573314716642175,0.039,0.21931302840447595,0.78,1.1408625358398496,area,0.5929787346052862,TRUE,both
723_17_cederberg,723_17_cederberg_JS,3,Restio gaudichaudianus,0.123934934,2.526433235880386,1.6,1.934772377224381,12.91,0.5768832759405522,weight,0.5150741895459231,TRUE,both
721_10_baviaanskloof,721_10_baviaanskloof_HK,1,Crassula biplanata,0.031794872,2.464999750552961,0.062,0.6504155622097723,1.95,0.6734404563809919,area,0.5782261557809573,TRUE,both
620_46_hangklip,620_46_hangklip_CM,4,Pterocelastrus tricuspidatus,0.061780105,2.4416283649547648,0.472,1.324222336093177,7.64,0.031499058950281225,weight,0.5822743588924366,TRUE,both
628_14_hangklip,628_14_hangklip_HKM,2,Ficinia oligantha,0.05,2.426882166036988,0.06,0.40599235967583697,1.2,1.7004397181410922,area,0.5016799272116547,TRUE,both
824_7_cape_point,824_7_cape_point_a,1,Ficinia stolonifera,0.056862745,2.4166666383333335,0.029,0.31194400631474,0.51,1.5849625007211563,area,0.5863812263141372,TRUE,both
625_11_hangklip,625_11_hangklip_ET,9,Gnidia oppositifolia,0.015239887,2.4098070068662616,0.162,1.7548875021634684,10.63,0.3744457820256589,weight,0.5740993897275797,TRUE,both
625_11_hangklip,625_11_hangklip_ET,7,Gnidia oppositifolia,0.014989733,2.370251407668208,0.146,1.604862058158861,9.74,0.24829786257689632,weight,0.5740993897275797,TRUE,both
825_1_htr,825_1_htr_NRS,3,Pteronia empetrifolia,0.03747549,2.3614627178275156,0.1529,0.5833122243280855,4.08,0.6528801131181869,area,0.5522414729035522,TRUE,both
824_19_htr,824_19_htr_RDG,1,Selago articulata,0.056781857,2.3569201382609313,0.2629,2.1779040732135173,4.63,0.8690264462568957,weight,0.5539149471083766,TRUE,both
625_11_hangklip,625_11_hangklip_ET,8,Gnidia oppositifolia,0.014853801,2.3487571612832223,0.127,1.4037221860510098,8.55,0.06030051026781452,weight,0.5740993897275797,TRUE,both
705_17_langeberg,705_17_langeberg_CM,4C,Tetraria fimbriolata,0.057575758,2.348484868879585,0.152,0.6040713236688606,2.64,0.2909962353354715,weight,0.4784580171860371,TRUE,both
730_14_cederberg,730_14_cederberg_JS,5c,Schoenus compar,0.060677083,2.332521588586609,0.466,1.1568270125733977,7.68,0.1840830644389719,weight,0.410988907358844,TRUE,both
627_9_hangklip,627_9_hangklip_CM,8,Grubbia tomentosa,0.063660477,2.319060266700861,0.24,0.6122698467168914,3.77,0.4359327235901936,weight,0.47642066954006773,TRUE,both
705_17_langeberg,705_17_langeberg_CM,3C,Tetraria fimbriolata,0.05621118,2.2928244503852953,0.181,0.8559896973084805,3.22,0.004473476579307813,weight,0.4784580171860371,TRUE,both
620_11_hangklip,620_11_hangklip_HKM,1,Aspalathus forbesii,0.025131441,2.25380789187508,0.239,1.0935118859231445,9.51,0.06675304356964842,weight,0.4359229226389218,TRUE,both
703_28_baviaanskloof,703_28_baviaanskloof_JL,2,Pelargonium peltatum,0.008571429,2.241877914919878,0.171,0.21328137063669445,19.95,0.7935491225325735,area,0.5330792361590263,TRUE,both
727_7_cape_point,727_7_cape_point_b,2,Ficinia deusta,0.056221198,2.229850928003963,0.122,1.663950796867985,2.17,0.5569800881952756,weight,0.5136358909772052,TRUE,both
620_9_hangklip,620_9_hangklip_HKM,2,Carpobrotus acinaciformis,0.234725849,2.2286578970518063,1.798,0.8792244133197328,7.66,0.30449579141443817,weight,0.674630319475865,TRUE,both
726_5_baviaanskloof,726_5_baviaanskloof_ASH,2,Othonna carnosa,0.021296296,2.2166935647977803,0.069,0.9587773372734869,3.24,0.17781938524918697,weight,0.5058126970230948,TRUE,both
627_16_hangklip,627_16_hangklip_CC,2,Platylophus trifoliatus,0.011731001,2.2052204562330227,0.389,0.5384807123163579,33.16,1.6794036947910254,area,0.5317696982557619,TRUE,both
709_18_baviaanskloof,709_18_baviaanskloof_TEM,3,Cissampelos capensis,0.008811881,2.1880349966174637,0.089,1.0163018123291006,10.1,0.061519573998057533,weight,0.49885474563764076,TRUE,both
819_12_cape_point,819_12_cape_point_c,3,Ficinia capitella,0.084090909,2.1837240771752313,0.037,0.5979015564286544,0.44,1.9112557881699204,area,0.5308977392192286,TRUE,both
706_13_langeberg,706_13_langeberg_EFG,3,Elegia galpinii,0.244976077,2.183661251151147,5.12,0.395261465540079,20.9,0.7312248243891013,area,0.4538295151881025,TRUE,both
815_18_htr,815_18_htr_BHR,1,Hermannia cuneifolia,0.045631068,2.170740309064227,0.141,1.332196430341189,3.09,0.2053738374466022,weight,0.4882014859227593,TRUE,both
724_4_cederberg,724_4_cederberg_SM,4,Ficinia bulbosa,0.036792453,2.17013112463042,0.546,2.553598329811821,14.84,0.7506405310632828,weight,0.44258283581444674,TRUE,both
710_26_baviaanskloof,710_26_baviaanskloof_HK,3,Ehrharta ramosa,0.048780488,2.169812845283639,0.74,1.4333493775557853,15.17,0.33458444307095686,weight,0.4923613482088657,TRUE,both
627_9_hangklip,627_9_hangklip_CM,2,Grubbia tomentosa,0.059405941,2.1640735959153368,0.18,0.19723234743804766,3.03,0.751179453385907,area,0.47642066954006773,TRUE,both
704_10_langeberg,704_10_langeberg_TEM,2,Lobelia coronopifolia,0.012617702,2.1573104211000813,0.067,1.0660891904577725,5.31,0.2557709793352536,weight,0.46174895578551145,TRUE,both
703_3_langeberg,703_3_langeberg_EFG,4,Leucadendron spissifolium,0.051906158,2.15568826116566,0.177,0.2387868595871162,3.41,0.782359369004336,area,0.38910429950024106,TRUE,both
731_10_htr,731_10_htr_HKM,1,Othonna auriculifolia,0.041397849,2.1476131191429273,0.077,0.08687745067996676,1.86,1.0154300405696057,area,0.4794328246973606,TRUE,both
808_21_htr,808_21_htr_EPO,2,Aptosimum spinescens,0.040740741,2.146826113119501,0.055,0.5334322000810742,1.35,0.7078192485066896,area,0.524966815942436,TRUE,both
816_21_cape_point,816_21_cape_point_c,2,Erica axillaris,0.026603325,2.145539480895956,0.112,0.24511249783653138,4.21,0.7550144161763844,area,0.5172544120842582,TRUE,both
821_14_htr,821_14_htr_RDG,1,Septulina glauca,0.092395833,2.1346864945012882,0.6209,0.32766122442379364,6.72,0.7675539139996291,area,0.475608233820682,TRUE,both
729_8_cape_point,729_8_cape_point_b,1,Aspalathus abietina,0.043571429,2.1320746333766634,0.061,0.26893500727347824,1.4,1.3625700793847084,area,0.4786120123313205,TRUE,both
705_17_langeberg,705_17_langeberg_CM,2C,Tetraria fimbriolata,0.05218509,2.1286023580639504,0.203,1.0214797274104515,3.89,0.27270946687157493,weight,0.4784580171860371,TRUE,both
825_11_htr,825_11_htr_NRS,3,Stipagrostis ciliata,0.064043062,2.114917064309195,0.2677,0.7579558835035967,4.18,0.4385730137396331,weight,0.51321761600992,TRUE,both
815_15_htr,815_15_htr_BHR,1,Festuca scabra,0.040316206,2.109339466619648,0.102,0.37742320747906605,2.53,1.4682175371380188,area,0.470282063521863,TRUE,both
627_9_hangklip,627_9_hangklip_CM,4,Grubbia tomentosa,0.057630979,2.0994142649916325,0.253,0.6883728258026832,4.39,0.21627630732349967,weight,0.47642066954006773,TRUE,both
724_4_cederberg,724_4_cederberg_SM,1,Ficinia bulbosa,0.0355494,2.096812066375043,0.385,2.0495558244742322,10.83,0.2961826820508065,weight,0.44258283581444674,TRUE,both
802_1_cederberg,802_1_cederberg_JL,4,Asparagus retrofractus,0.024857406,2.0900079417659323,0.2702,1.7273866173541887,10.87,0.6682837101414112,weight,0.3850690475060338,TRUE,both
724_4_cederberg,724_4_cederberg_SM,6,Ficinia bulbosa,0.035416667,2.088983069092215,0.34,1.8702321250296705,9.6,0.12225575005099779,weight,0.44258283581444674,TRUE,both
621_9_hangklip,621_9_hangklip_CC,2,Lobelia capillifolia,0.044919786,2.0885438476921676,0.168,0.8687554667217475,3.74,0.04556257738044375,weight,0.41328757189719506,TRUE,both
813_8_htr,813_8_htr_MAL,1,Asparagus capensis,0.01572327,2.0879444690407096,0.075,0.4606343657189543,4.77,0.478279933270663,area,0.731611120881466,TRUE,both
730_14_cederberg,730_14_cederberg_JS,4c,Schoenus compar,0.053994083,2.0756166583261297,0.365,0.8043935216864969,6.76,0.06672611380081316,weight,0.410988907358844,TRUE,both
724_4_cederberg,724_4_cederberg_SM,2,Ficinia bulbosa,0.035076923,2.0689439314786826,0.456,2.2937312030567103,13,0.5596610623582963,weight,0.44258283581444674,TRUE,both
622_34_hangklip,622_34_hangklip_TEM,4,Leucadendron microcephalum,0.028803545,2.0598581904971267,0.195,0.8999711816687279,6.77,0.18757502634003756,weight,0.4345966647941806,TRUE,both
705_17_langeberg,705_17_langeberg_CM,1C,Tetraria fimbriolata,0.050442478,2.0575221316546344,0.114,0.18903382439001687,2.26,0.5152113922787372,area,0.4784580171860371,TRUE,both
620_16_hangklip,620_16_hangklip_HKM,4,Salvia aurea,0.012,2.055171947245449,0.081,0.6394102847435326,6.75,0.7997013495141687,area,0.4716796826769816,TRUE,both
725_28_cape_point,725_28_cape_point_c,4,Erica corifolia,0.044444444,2.0427350388067063,0.12,0.20645087746742652,2.7,0.8240512109299177,area,0.4598616357877234,TRUE,both
627_5_hangklip,627_5_hangklip_CM,3,Restio perplexus,0.044294004,2.040648071327679,0.229,0.9263144518669825,5.17,0.08269468417360101,weight,0.48661078820626164,TRUE,both
709_4_baviaanskloof,709_4_baviaanskloof_TEM,1,Portulacaria afra,0.039552239,2.031060943579037,0.106,1.5184670889342495,2.68,0.4962335821268248,weight,0.4810660020319228,TRUE,both
719_38_baviaanskloof,719_38_baviaanskloof_JAS,3,Themeda triandra,0.031065089,2.030977001417005,0.105,0.18286405714981044,3.38,0.8327402404775177,area,0.44942265720426816,TRUE,both
627_9_hangklip,627_9_hangklip_CM,7,Grubbia tomentosa,0.055603448,2.0255542060793457,0.129,0.4806258409064206,2.32,1.136372441731286,area,0.47642066954006773,TRUE,both
818_53_htr,818_53_htr_EPO,3,Pentameris pallida,0.003470032,2.0087167081431003,0.011,0.289506617194985,3.17,0.6516629019286738,area,0.44890446460076255,TRUE,both
820_13_htr,820_13_htr_MAL,1,Arctotheca calendula,0.010444079,2.007582584372037,0.127,0.47074693186513145,12.16,1.4379162979824973,area,0.4369593265427804,TRUE,both
723_27_cape_point,723_27_cape_point_a,2,Erica plukenetii,0.047311828,2.0066740647631467,0.044,0.6014506235097251,0.93,0.4033556942312085,weight,0.4734973211635572,TRUE,both
629_6_hangklip,629_6_hangklip_EFG,3,Kiggelaria africana,0.008052588,0.4999601867784901,0.098,1.8115549105868898,12.17,0.756160203850209,weight,0.39798613258634274,TRUE,both
723_27_cape_point,723_27_cape_point_a,1,Erica plukenetii,0.023577236,0.49833703318333,0.029,0.601450623509725,1.23,0.40335569423120843,weight,0.4734973211635572,TRUE,both
729_3_htr,729_3_htr_BHR,2,Massonia depressa,0.00487658,0.49245003125413395,0.162,0.3183614798671701,33.22,0.39120499624987515,area,0.36738693301764386,TRUE,both
709_4_baviaanskloof,709_4_baviaanskloof_TEM,2,Portulacaria afra,0.019473684,0.4923535175846809,0.037,1.5184670889342495,1.9,0.4962335821268247,weight,0.4810660020319228,TRUE,both
806_22_htr,806_22_htr_EPO,5,Cephalophyllum framesii,0.056428571,0.4877968557407264,0.079,0.8459663713275793,1.4,0.19264507794239608,weight,0.4423866054703691,TRUE,both
705_17_langeberg,705_17_langeberg_CM,3L,Tetraria fimbriolata,0.023013699,0.48775301935974996,0.084,0.44057259138598126,3.65,0.18083577565276243,weight,0.4784580171860371,TRUE,both
725_41_cape_point,725_41_cape_point_c,2,Struthiola ciliata,0.014649682,0.48739700395715074,0.023,0.23815973719476458,1.57,1.2210147083166862,area,0.4537120111057016,TRUE,both
730_12_htr,730_12_htr_RDG,3,Pentzia incana,0.007002188,0.48731487734045964,0.032,0.3575520046180836,4.57,0.701624034837144,area,0.36394455986585844,TRUE,both
813_3_htr,813_3_htr_MAL,2,Ehrharta calycina,0.009659091,0.48307681674231745,0.068,0.04182017569462706,7.04,0.971591584814246,area,0.38487288513598367,TRUE,both
627_9_hangklip,627_9_hangklip_CM,10,Grubbia tomentosa,0.022050562,0.48192980846105987,0.157,0.19723234743804768,7.12,0.6976563014310397,area,0.47642066954006773,TRUE,both
724_4_cederberg,724_4_cederberg_SM,7,Ficinia bulbosa,0.015416667,0.4754673062210676,0.074,2.1169761214933533,4.8,1,weight,0.44258283581444674,TRUE,both
705_17_langeberg,705_17_langeberg_CM,1L,Tetraria fimbriolata,0.022421525,0.47520246603556077,0.1,0.18903382439001687,4.46,0.4699830218056876,area,0.4784580171860371,TRUE,both
825_1_htr,825_1_htr_NRS,2,Pteronia empetrifolia,0.013275316,0.4746321161302575,0.0839,0.7026865983254631,6.32,0.2552938741847665,weight,0.5522414729035522,TRUE,both
816_7_cape_point,816_7_cape_point_c,1,Corymbium glabrum,0.03,0.4741481807420307,0.018,3.120093845490306,0.6,2.0473057147783567,weight,0.3688627193963251,TRUE,both
703_25_baviaanskloof,703_25_baviaanskloof_JL,1,Anthonya parviloba,0.005242718,0.4729167743482929,0.027,0.8149681061674793,5.15,0.2485404388487459,weight,0.41164300742518506,TRUE,both
705_17_langeberg,705_17_langeberg_CM,2L,Tetraria fimbriolata,0.022291022,0.4724365815818923,0.072,0.6629650127224294,3.23,0.0044734765793078505,weight,0.4784580171860371,TRUE,both
627_9_hangklip,627_9_hangklip_CM,5,Grubbia tomentosa,0.021582734,0.47170511403228654,0.39,1.3127095648579836,18.07,2.0413036613292417,area,0.47642066954006773,TRUE,both
806_22_htr,806_22_htr_EPO,3,Cephalophyllum framesii,0.054273504,0.46916737624335264,0.127,0.15597355605971658,2.34,0.6854893766751206,area,0.4423866054703691,TRUE,both
811_9_htr,811_9_htr_HKM,1,Oxalis obtusa,0.002788104,0.46569665738147603,0.015,0.09310940439148147,5.38,1.0026840845712115,area,0.37911404691799394,TRUE,both
721_10_baviaanskloof,721_10_baviaanskloof_HK,3,Crassula biplanata,0.01085044,0.4642744494393642,0.037,0.49098635251214257,3.41,0.518810165716229,area,0.5782261557809573,TRUE,both
824_19_htr,824_19_htr_RDG,3,Selago articulata,0.019688474,0.46175624906473334,0.0632,1.32147147356977,3.21,0.015645180876835432,weight,0.5539149471083766,TRUE,both
626_3_hangklip,626_3_hangklip_TEM,2,Centella triloba,0.006284153,0.45803313450849786,0.046,1.4248052755276648,7.32,0.2257671481171046,weight,0.3892447490671803,TRUE,both
731_5_cederberg,731_5_cederberg_SM,4c,Ficinia brevifolia,0.020982443,0.45595869277912016,0.5617,0.6353553284057666,26.77,1.051011068946853,area,0.5844674900885654,TRUE,both
627_16_hangklip,627_16_hangklip_CC,1,Platylophus trifoliatus,0.00531965,0.4534694012897962,0.565,0.538480712316358,106.21,1.6794036947910254,area,0.5317696982557619,TRUE,both
818_65_htr,818_65_htr_EPO,1,Nemesia cheiranthus,0.001966292,0.4496635685041668,0.007,1.4020984435713455,3.56,0.31380021400396196,weight,0.4174214494804296,TRUE,both
730_14_cederberg,730_14_cederberg_JS,4l,Schoenus compar,0.018587361,0.4482310974558996,0.2,0.20789285164133287,10.76,0.6705829262744397,area,0.410988907358844,TRUE,both
703_28_baviaanskloof,703_28_baviaanskloof_JL,1,Pelargonium peltatum,0.002934407,0.44180656961369047,0.051,2.024542184262792,17.38,1.045148548618384,weight,0.5330792361590263,TRUE,both
627_9_hangklip,627_9_hangklip_CM,1,Grubbia tomentosa,0.02006006,0.4384260534274532,0.334,1.089083543582425,16.65,1.9232293324232663,area,0.47642066954006773,TRUE,both
808_21_htr,808_21_htr_EPO,1,Aptosimum spinescens,0.00929368,0.43639716148009283,0.025,0.84799690655495,2.69,0.42041067137769556,weight,0.524966815942436,TRUE,both
620_40_hangklip,620_40_hangklip_CM,5,Lanaria lanata,0.013290018,0.43489089235481665,0.9,0.5432209010479472,67.72,0.3434178085004265,weight,0.43736367014757005,TRUE,both
805_16_htr,805_16_htr_MAL,3,Lycium cinereum,0.007583774,0.43087616284706726,0.043,0.23194672804969702,5.67,0.982297998266541,area,0.4055411221258201,TRUE,both
627_9_hangklip,627_9_hangklip_CM,3,Grubbia tomentosa,0.019589552,0.4281427858028277,0.105,0.777607578663552,5.36,0.2880120609224144,weight,0.47642066954006773,TRUE,both
816_21_cape_point,816_21_cape_point_c,3,Erica axillaris,0.009038462,0.4267089633643192,0.047,1.4340958350945285,5.2,0.3461386484792369,weight,0.5172544120842582,TRUE,both
625_11_hangklip,625_11_hangklip_ET,3,Gnidia oppositifolia,0.006324111,0.4257570839948644,0.048,1.4037221860510096,7.59,0.1718245343577941,weight,0.5740993897275797,TRUE,both
825_11_htr,825_11_htr_NRS,2,Stipagrostis ciliata,0.021652778,0.4206322945450098,0.1559,0.458337552052471,7.2,0.7931484295593304,area,0.51321761600992,TRUE,both
724_4_cederberg,724_4_cederberg_SM,5,Ficinia bulbosa,0.013527397,0.41720009985121626,0.079,2.0226487389452004,5.84,0.7170660367285011,weight,0.44258283581444674,TRUE,both
824_7_cape_point,824_7_cape_point_a,2,Ficinia stolonifera,0.023529412,0.4137931082996433,0.036,0.31194400631474,1.53,1.584962500721156,area,0.5863812263141372,TRUE,both
819_12_cape_point,819_12_cape_point_c,1,Ficinia capitella,0.027542373,0.4124202736873536,0.065,0.6300503902496944,2.36,1.763701976638334,area,0.5308977392192286,TRUE,both
620_4_hangklip,620_4_hangklip_HKM,5,Ficinia ramosissima,0.010526316,0.41189932263456375,0.02,0.4639470997597903,1.9,1.6629650127224291,area,0.4351345004105448,TRUE,both
629_6_hangklip,629_6_hangklip_EFG,2,Kiggelaria africana,0.00662061,0.41105311884670365,0.115,1.5807747037577224,17.37,0.24289161785354463,weight,0.39798613258634274,TRUE,both
701_15_baviaanskloof,701_15_baviaanskloof_KE,1,Crassula perforata,0.006438127,0.4069903737739009,0.077,1.0278342081967256,11.96,0.31711107858958676,weight,0.4922498251754856,TRUE,both
724_9_cederberg,724_9_cederberg_SM,5,Solanum tomentosum,0.011128776,0.3990067618648056,0.21,0.5572175102382518,18.87,0.7681365415512574,area,0.510888396432757,TRUE,both
710_18_langeberg,710_18_langeberg_CM,5,Restio hystrix,0.042813456,0.3987463164870653,0.56,0.629772922215203,13.08,0.7597557027063457,area,0.4640636264603488,TRUE,both
724_24_cederberg,724_24_cederberg_SM,5l,Ficinia dunensis,0.017902098,0.39441794803786795,0.128,1.4346282276367246,7.15,0.07470662300617617,weight,0.39567052697053373,TRUE,both
627_5_hangklip,627_5_hangklip_CM,2,Restio perplexus,0.0125,0.3906062386940978,0.047,2.022839976358111,3.76,0.6463097533608069,weight,0.48661078820626164,TRUE,both
620_40_hangklip,620_40_hangklip_CM,3,Lanaria lanata,0.011847025,0.38767165507223705,1.109,0.2419584421032744,93.61,0.8104984909280449,area,0.43736367014757005,TRUE,both
730_13_cederberg,730_13_cederberg_JS,4,Anthonya contracta,0.006750572,0.38147480241844706,0.059,1.1672055000887205,8.74,0.08761760087799476,weight,0.35259554097938856,TRUE,both
814_12_htr,814_12_htr_RDG,3,Senecio cardaminifolius,0.001766004,0.3805603900670516,0.032,0.39231742277876014,18.12,0.9984084995177127,area,0.45294227287701955,TRUE,both
721_4_baviaanskloof,721_4_baviaanskloof_HK,2,Cliffortia drepanoides,0.006060606,0.3785231571957848,0.072,0.3138907758219442,11.88,1.086324799824372,area,0.45450514119099716,TRUE,both
620_9_hangklip,620_9_hangklip_HKM,4,Carpobrotus acinaciformis,0.06976977,0.371511705842888,0.697,1.1324139821673258,9.99,0.2682426968365551,weight,0.674630319475865,TRUE,both
625_11_hangklip,625_11_hangklip_ET,6,Gnidia oppositifolia,0.005414013,0.3644867061299663,0.034,1.9012218455218264,6.28,0.44515986088163334,weight,0.5740993897275797,TRUE,both
625_11_hangklip,625_11_hangklip_ET,1,Gnidia oppositifolia,0.005401235,0.3636264549390422,0.035,1.8594016698271993,6.48,0.3999306068886354,weight,0.5740993897275797,TRUE,both
703_17_baviaanskloof,703_17_baviaanskloof_HK,1,Eragrostis curvula,0.007112069,0.35271221506626954,0.066,0.723790205418473,9.28,0.7972850634400183,area,0.5226920778281812,TRUE,both
731_17_htr,731_17_htr_HKM,3,Pentameris rupestris,0.01242515,0.34814049200357555,0.083,1.0802877889576357,6.68,0.3042195086472368,weight,0.7181415209383397,TRUE,both
709_24_langeberg,709_24_langeberg_JAS,2,Pentameris macrocalycina,0.00886918,0.341807763723097,0.04,2.074676686294496,4.51,0.452143055894037,weight,0.39207779166317946,TRUE,both
703_15_langeberg,703_15_langeberg_EFG,4,Ficinia acuminata,0.005963303,0.32636495906142143,0.039,1.2768402053588244,6.54,0.3169732129445976,weight,0.8039746082763475,TRUE,both
724_4_cederberg,724_4_cederberg_SM,9,Ficinia bulbosa,0.010544218,0.3251955126661095,0.093,1.7872706760142718,8.82,0.12225575005099784,weight,0.44258283581444674,TRUE,both
725_25_cape_point,725_25_cape_point_c,1,Pentameris scabra,0.021666667,0.325000003375,0.013,0.24100809950379498,0.6,1.862496476250065,area,0.7204484131300792,TRUE,both
625_11_hangklip,625_11_hangklip_ET,5,Gnidia oppositifolia,0.004804046,0.32342199818080236,0.038,1.7407571733285805,7.91,0.11224672530046852,weight,0.5740993897275797,TRUE,both
724_24_cederberg,724_24_cederberg_SM,4l,Ficinia dunensis,0.013571429,0.2990049087052039,0.038,3.186700714193139,2.8,1.4272230377269617,weight,0.39567052697053373,TRUE,both
702_17_baviaanskloof,702_17_baviaanskloof_DEB,3,Anthospermum galioides,0.003076923,0.29232037024246665,0.018,1.7725895038969277,5.85,0.003703968763418634,weight,0.5364551545835758,TRUE,both
620_10_hangklip,620_10_hangklip_HKM,3,Othonna quinquedentata,0.005950653,0.28982903765352497,0.041,2.407319586118007,6.89,0.6370559619722563,weight,0.39127432980503846,TRUE,both
818_47_htr,818_47_htr_EPO,1,Stipagrostis zeyheri,0.050271739,0.27595334527554644,0.185,0.11967023066261662,3.68,0.4281649332644562,area,1.120272865581258,TRUE,both
724_9_cederberg,724_9_cederberg_SM,3,Solanum tomentosum,0.007668161,0.27493123143713105,0.342,0.2108381947083656,44.6,2.009085828758479,area,0.510888396432757,TRUE,both
703_4_langeberg,703_4_langeberg_EFG,5,Protea cynaroides,0.008658228,0.27162856471534647,0.855,1.5019046778283642,98.75,0.39968206269789786,weight,0.3867417104885774,TRUE,both
724_9_cederberg,724_9_cederberg_SM,6,Solanum tomentosum,0.007233408,0.2593437682029884,0.194,0.6715501857172469,26.82,1.2753513558552858,area,0.510888396432757,TRUE,both
818_47_htr,818_47_htr_EPO,2,Stipagrostis zeyheri,0.047368421,0.2579607934501348,0.234,0.4068403463122243,4.94,1.2306908085182817,area,1.120272865581258,TRUE,both
729_2_htr,729_2_htr_MAL,3,Eriocephalus decussatus,0.00447205,0.23313417318563157,0.036,0.9490160712811954,8.05,1.0089887832272548,area,0.7600411692342451,TRUE,both
705_17_langeberg,705_17_langeberg_CM,4L,Tetraria fimbriolata,0.010852713,0.2300127212924272,0.014,3.0255350921071376,1.29,1.3241630992706708,weight,0.4784580171860371,TRUE,both
813_7_htr,813_7_htr_MAL,1,Hermannia cuneifolia,0.012975779,0.20763572252309415,0.075,0.34103691783506696,5.78,0.23387807616009848,weight,1.2795450375327673,TRUE,both
819_93_htr,819_93_htr_RDG,3,Anthospermum aethiopicum,0.002682927,0.2053488281136088,0.011,2.6280312226130422,4.1,0.3359349528812416,weight,0.6280400994263708,TRUE,both
620_9_hangklip,620_9_hangklip_HKM,5,Carpobrotus acinaciformis,0.038360656,0.20426371977164634,0.234,2.707064108452344,6.1,0.6330309408891469,weight,0.674630319475865,TRUE,both
625_11_hangklip,625_11_hangklip_ET,4,Gnidia oppositifolia,0.002963671,0.19952273495518086,0.031,2.0344883763852906,10.46,0.3511870367414956,weight,0.5740993897275797,TRUE,both
811_10_cape_point,811_10_cape_point_c,1,Cliffortia atrata,0.021799308,0.19811097461265859,0.063,0.1520030934450501,2.89,0.3234889465390045,area,1.2900793892673028,TRUE,both
813_7_htr,813_7_htr_MAL,3,Hermannia cuneifolia,0.011061947,0.1743413998269344,0.1,0.27753397552890924,9.04,1.4604294020928579,area,1.2795450375327673,TRUE,both
824_2_htr,824_2_htr_RDG,1,Monoculus monstrosus,0.0059375,0.17411720159478747,0.0665,2.3905601183881524,11.2,0.41246355561501746,weight,1.3192333294363554,TRUE,both
811_10_cape_point,811_10_cape_point_c,3,Cliffortia atrata,0.019354839,0.173963450761422,0.084,0.49749965947081687,4.34,1.4536673829496078,area,1.2900793892673028,TRUE,both
723_8_cape_point,723_8_cape_point_c,1,Pelargonium gibbosum,0.004,0.1724032928511725,0.042,2.3988454657762577,10.5,0.2009126939259963,weight,1.3897010769506746,TRUE,both
824_2_htr,824_2_htr_RDG,3,Monoculus monstrosus,0.005842697,0.1710992670126128,0.0364,3.3209368924843123,6.23,0.8070240666402867,weight,1.3192333294363554,TRUE,both
729_8_htr,729_8_htr_BHR,1L,Euphorbia mauritanica,0.008108108,0.16028383223812118,0.036,2.8468832862442417,4.44,0.20558413364989386,weight,1.0642885657695613,TRUE,both
719_22_baviaanskloof,719_22_baviaanskloof_JAS,2,Pelargonium ovale,0.007855974,0.14660159544715445,0.048,0.1926450779423961,6.11,1.304326879729722,area,1.4010370159513506,TRUE,both
729_8_htr,729_8_htr_BHR,2L,Euphorbia mauritanica,0.007222222,0.14277133696720223,0.013,4.316368569545462,1.8,1.5081469036703252,weight,1.0642885657695613,TRUE,both
719_22_baviaanskloof,719_22_baviaanskloof_JAS,3,Pelargonium ovale,0.006802721,0.12571124915399448,0.03,0.7655347463629772,4.41,0.40785827367453864,weight,1.4010370159513506,TRUE,both
813_8_htr,813_8_htr_MAL,3,Asparagus capensis,0.00170068,0.11695115809964889,0.01,3.1210154009613658,5.88,0.05062607306996795,weight,0.731611120881466,TRUE,both
723_8_cape_point,723_8_cape_point_c,3,Pelargonium gibbosum,0.002652826,0.11111313089005236,0.023,3.3281870853590445,8.67,0.2130916028444561,weight,1.3897010769506746,TRUE,both
729_8_htr,729_8_htr_BHR,3L,Euphorbia mauritanica,0.004888889,0.0966452178864411,0.022,3.5573766690492565,4.5,0.18621880878296293,weight,1.0642885657695613,TRUE,both
725_45_cape_point,725_45_cape_point_c,2,Macrostylis villosa,0.022131148,0.09095459274694846,0.162,0.17190265088275483,7.32,0.4743144687979273,area,1.510612369769125,TRUE,both
725_45_cape_point,725_45_cape_point_c,1,Macrostylis villosa,0.021232877,0.08710210053287674,0.217,0.48542682717024166,10.22,1.4201283712024697,area,1.510612369769125,TRUE,both
619_23_hangklip,619_23_hangklip_JS,5,Thamnochortus lucens,0.038914027,0.48885274497114306,0.43,0.0799436346046469,11.05,0.9537475779901123,area,0.25790773088212654,FALSE,ratio_only
628_3_hangklip,628_3_hangklip_HKM,2,Dilatris pillansii,0.009327984,0.4841874479275698,0.093,1.147341716075187,9.97,0.10127107276684835,weight,0.27371137126129275,FALSE,ratio_only
726_5_cederberg,726_5_cederberg_EFG,5l,Schoenus crassus,0.02145749,0.4801699776778759,0.106,1.2550731201311112,4.94,0.17833724125851225,weight,0.26555411635033105,FALSE,ratio_only
725_47_cape_point,725_47_cape_point_c,2,Stoebe scabra,0.007692308,0.48005699543658326,0.007,2.777607578663552,0.91,1.5529012914888576,weight,0.31716115462431826,FALSE,ratio_only
703_11_langeberg,703_11_langeberg_EFG,1,Helichrysum felinum,0.003697876,0.4799370376249251,0.047,0.8029631529404464,12.71,0.20257061164968435,weight,0.29385427488390325,FALSE,ratio_only
806_7_cape_point,806_7_cape_point_b,1,Gerbera crocea,0.011356869,0.47390055534675274,0.267,1.2646095234021284,23.51,0.1329777247086295,weight,0.27172815599108696,FALSE,ratio_only
729_1_cederberg,729_1_cederberg_DEB,1,Cannomois parviflora,0.078571429,0.47360732112595133,3.762,1.3026249564917394,47.88,0.22187578926615026,weight,0.2906269868633614,FALSE,ratio_only
805_23_htr,805_23_htr_MAL,2,Lessertia frutescens,0.008962963,0.4732789798633563,0.121,0.02365126806464533,13.5,0.8791074390949805,area,0.296287914430106,FALSE,ratio_only
730_25_htr,730_25_htr_RDG,5,Salvia disermas,0.005832212,0.44627124355060294,0.13,1.099165704311577,22.29,0.04436378036384847,weight,0.33279619519326414,FALSE,ratio_only
709_15_langeberg,709_15_langeberg_JAS,1,Heteropogon contortus,0.007116921,0.445649924416508,0.098,0.0857298740258838,13.77,1.0896909421424565,area,0.3337126025994675,FALSE,ratio_only
731_23_cederberg,731_23_cederberg_SM,5,Ehrharta calycina,0.004976526,0.4421533952854247,0.053,0.31647366479525435,10.65,0.7539987913256482,area,0.2996789041638662,FALSE,ratio_only
704_31_langeberg,704_31_langeberg_TEM,3,Ocotea bullata,0.003829381,0.4387197600330548,0.281,0.8641641095244024,73.38,0.4615220714885083,weight,0.31462400202377416,FALSE,ratio_only
825_12_cape_point,825_12_cape_point_a,2,Kedrostis nana,0.003360371,0.4330078144127233,0.058,0.8562645225385505,17.26,0.3512706252024181,weight,0.3450976131550043,FALSE,ratio_only
625_12_hangklip,625_12_hangklip_EFG,5,Restio debilis,0.015451895,0.41259009114853135,0.106,0.26031490448020184,6.86,1.521197958192064,area,0.3171007688664239,FALSE,ratio_only
729_28_cape_point,729_28_cape_point_b,4,Bolusafra bituminosa,0.002994012,0.38672657417041084,0.015,0.7935491225325735,5.01,0.6557838379108528,weight,0.34283200236422795,FALSE,ratio_only
