NewUID,sample_id,replicate,ScientificName_WFO,leaf_thickness_mm,measure_ratio,cv,flag_high_cv,confidence
729_8_htr,729_8_htr_BHR,1S,Euphorbia mauritanica,9.4,23.44139650872818,1.013899631961887,TRUE,both
729_8_htr,729_8_htr_BHR,2S,Euphorbia mauritanica,7.8,19.45137157107232,1.013899631961887,TRUE,both
729_8_htr,729_8_htr_BHR,3S,Euphorbia mauritanica,7.1,17.70573566084788,1.013899631961887,TRUE,both
710_25_langeberg,710_25_langeberg_CM,2,Cliffortia dentata,0.94,12.876712328767123,1.2103881131070813,TRUE,both
812_29_cape_point,812_29_cape_point_a,1,Erica hirtiflora,0.819,9.86746987951807,1.431452288233103,TRUE,both
719_4_baviaanskloof,719_4_baviaanskloof_JAS,3,Leucadendron uliginosum,5.25,9.831460674157302,1.292875414126375,TRUE,both
702_6_baviaanskloof,702_6_baviaanskloof_DEB,2,Themeda triandra,2.68,9.781021897810218,1.291030018790445,TRUE,both
701_37_baviaanskloof,701_37_baviaanskloof_KE,1,Aspalathus kougaensis,0.299,8.542857142857141,1.2398573902160026,TRUE,both
709_31_baviaanskloof,709_31_baviaanskloof_TEM,1,Enneapogon scoparius,0.9,6.741573033707865,1.1376330688811072,TRUE,both
725_8_cederberg,725_8_cederberg_JL,3,Agathosma capensis,0.5,6.329113924050633,0.9954797616746366,TRUE,both
729_8_cederberg,729_8_cederberg_DEB,7,Ruschia aspera,2.513,6.114355231143552,0.7955026025488484,TRUE,both
729_8_cederberg,729_8_cederberg_DEB,1,Ruschia aspera,2.417,5.880778588807786,0.7955026025488484,TRUE,both
729_8_cederberg,729_8_cederberg_DEB,3,Ruschia aspera,2.37,5.766423357664234,0.7955026025488484,TRUE,both
729_8_cederberg,729_8_cederberg_DEB,4,Ruschia aspera,2.241,5.452554744525548,0.7955026025488484,TRUE,both
729_8_cederberg,729_8_cederberg_DEB,2,Ruschia aspera,2.216,5.3917274939172755,0.7955026025488484,TRUE,both
709_26_langeberg,709_26_langeberg_JAS,4,Brunia noduliflora,0.241,4.819999999999999,0.9233298932676134,TRUE,both
619_25_hangklip,619_25_hangklip_JS,4,Erica placentiflora,1.4859,4.3019687319050375,1.0515629736770118,TRUE,both
724_19_cederberg,724_19_cederberg_SM,3s,Thesium strictum,3.376,4.284263959390863,0.6497549132524678,TRUE,both
824_20_htr,824_20_htr_RDG,1S,Thesium horridum,2.541,4.22093023255814,0.7782466859082173,TRUE,both
824_22_htr,824_22_htr_RDG,2,Osteospermum leptolobum,0.709,3.9831460674157304,0.8466148834499587,TRUE,both
725_8_cederberg,725_8_cederberg_JL,2,Agathosma capensis,0.3,3.7974683544303796,0.9954797616746366,TRUE,both
712_7_langeberg,712_7_langeberg_EFG,4C,Ficinia nigrescens,1.077,3.778947368421053,0.7121210091096389,TRUE,both
725_7_cape_point,725_7_cape_point_c,3,Berzelia abrotanoides,0.0423,3.7433628318584065,0.8628398081006552,TRUE,both
709_26_langeberg,709_26_langeberg_JAS,5,Brunia noduliflora,0.187,3.7399999999999998,0.9233298932676134,TRUE,both
807_6_htr,807_6_htr_HKM,4,Lycium amoenum,1.528,3.6598802395209584,0.7515510221259037,TRUE,both
710_17_langeberg,710_17_langeberg_CM,4,Erica,0.172,3.621052631578947,0.752209505773644,TRUE,both
712_7_langeberg,712_7_langeberg_EFG,1C,Ficinia nigrescens,1.01,3.5438596491228074,0.7121210091096389,TRUE,both
712_7_langeberg,712_7_langeberg_EFG,2C,Ficinia nigrescens,1.005,3.526315789473684,0.7121210091096389,TRUE,both
709_1_langeberg,709_1_langeberg_JAS,4,Erica gracilis,0.033,3.473684210526316,0.747294502906367,TRUE,both
824_20_htr,824_20_htr_RDG,3S,Thesium horridum,2.053,3.410299003322259,0.7782466859082173,TRUE,both
815_14_htr,815_14_htr_BHR,1,Ehrharta ramosa subsp. ramosa,0.99,3.2090761750405186,0.7353432866114002,TRUE,both
620_42_hangklip,620_42_hangklip_CM,1C,Ficinia nigrescens,1.41,3.1403118040089084,0.5891099278607981,TRUE,both
724_19_cederberg,724_19_cederberg_SM,4s,Thesium strictum,2.434,3.0888324873096447,0.6497549132524678,TRUE,both
824_20_htr,824_20_htr_RDG,2S,Thesium horridum,1.738,2.8870431893687707,0.7782466859082173,TRUE,both
708_14_langeberg,708_14_langeberg_EFG,3,Stoebe cinerea,0.05,2.857142857142857,0.6444300943544022,TRUE,both
724_19_cederberg,724_19_cederberg_SM,2s,Thesium strictum,2.246,2.850253807106599,0.6497549132524678,TRUE,both
712_7_langeberg,712_7_langeberg_EFG,3C,Ficinia nigrescens,0.8,2.8070175438596494,0.7121210091096389,TRUE,both
818_72_htr,818_72_htr_EPO,3,Adenogramma glomerata,0.7,2.8,0.6614378277661476,TRUE,both
705_17_langeberg,705_17_langeberg_CM,5C,Tetraria fimbriolata,1.13,2.790123456790123,0.5912110269602247,TRUE,both
730_14_cederberg,730_14_cederberg_JS,4c,Schoenus compar,1.455,2.7873563218390807,0.48399624331440344,TRUE,both
724_19_cederberg,724_19_cederberg_SM,5s,Thesium strictum,2.141,2.717005076142132,0.6497549132524678,TRUE,both
705_17_langeberg,705_17_langeberg_CM,3C,Tetraria fimbriolata,1.092,2.696296296296296,0.5912110269602247,TRUE,both
826_9_htr,826_9_htr_BHR,1,Tribolium tenellum,0.4,2.6666666666666665,0.6546536707079771,TRUE,both
705_17_langeberg,705_17_langeberg_CM,1C,Tetraria fimbriolata,1.08,2.6666666666666665,0.5912110269602247,TRUE,both
804_16_cape_point,804_16_cape_point_a,3,Roella triflora,0.232,2.6363636363636367,0.606631216890838,TRUE,both
712_7_langeberg,712_7_langeberg_EFG,5C,Ficinia nigrescens,0.74,2.5964912280701755,0.7121210091096389,TRUE,both
724_19_cederberg,724_19_cederberg_SM,1s,Thesium strictum,2.036,2.583756345177665,0.6497549132524678,TRUE,both
802_1_cederberg,802_1_cederberg_JL,2,Asparagus retrofractus,0.207,2.571428571428571,0.5170258171508224,TRUE,both
705_17_langeberg,705_17_langeberg_CM,2C,Tetraria fimbriolata,1.041,2.57037037037037,0.5912110269602247,TRUE,both
730_14_cederberg,730_14_cederberg_JS,5c,Schoenus compar,1.341,2.568965517241379,0.48399624331440344,TRUE,both
804_19_htr,804_19_htr_RDG,2,Helichrysum asperum,0.271,2.556603773584906,0.6189528853887553,TRUE,both
804_15_htr,804_15_htr_RDG,3,Chrysocoma ciliata,0.479,2.5144356955380576,0.612448604923103,TRUE,both
708_3_langeberg,708_3_langeberg_EFG,5,Erica anguliger,0.121,2.4948453608247423,0.6139768932634836,TRUE,both
825_2_htr,825_2_htr_NRS,3,Eriocephalus namaquensis,0.742,2.4288052373158755,0.5590354080119386,TRUE,both
711_8_langeberg,711_8_langeberg_HKM,5,Erica calycina,0.114,2.425531914893617,0.5958151347024381,TRUE,both
731_24_htr,731_24_htr_HKM,2,Chrysocoma ciliata,0.186,2.4155844155844157,0.6983606607310777,TRUE,both
721_59_cape_point,721_59_cape_point_b,1,Tetraria fimbriolata,0.955,2.3815461346633415,0.5475434167277122,TRUE,both
621_37_hangklip,621_37_hangklip_CC,4,Erica perspicua,0.106,2.3555555555555556,0.6068926335548221,TRUE,both
710_33_baviaanskloof,710_33_baviaanskloof_HK,1,Thesium nigromontanum,2,2.352941176470588,0.5398644420388696,TRUE,both
725_12_cape_point,725_12_cape_point_c,1,Aspalathus retroflexa,0.0089,2.3421052631578947,0.5353611587031075,TRUE,both
726_29_baviaanskloof,726_29_baviaanskloof_ASH,1,Hertia kraussii,1.141,2.3097165991902835,0.5277409169849469,TRUE,both
826_13_htr,826_13_htr_BHR,2,Tetragonia microptera,1.5,2.3076923076923075,0.5498144399407375,TRUE,both
801_5_cederberg,801_5_cederberg_EFG,3c,Ficinia cedarbergensis,1.209,2.3072519083969465,0.45666986156329875,TRUE,both
801_5_cederberg,801_5_cederberg_EFG,1c,Ficinia cedarbergensis,1.207,2.303435114503817,0.45666986156329875,TRUE,both
711_8_langeberg,711_8_langeberg_HKM,4,Erica calycina,0.108,2.2978723404255317,0.5958151347024381,TRUE,both
812_30_cape_point,812_30_cape_point_a,5,Stoebe incana,0.189,2.290909090909091,0.4418803653594717,TRUE,both
705_17_langeberg,705_17_langeberg_CM,4C,Tetraria fimbriolata,0.918,2.2666666666666666,0.5912110269602247,TRUE,both
725_34_cape_point,725_34_cape_point_c,2,Drosera trinervia,0.231,2.2647058823529416,0.5478484971355233,TRUE,both
811_22_htr,811_22_htr_HKM,3,Geissorhiza corrugata,1.314,2.251928020565553,0.44598530781809076,TRUE,both
814_12_htr,814_12_htr_RDG,1,Senecio cardaminifolius,0.884,2.2493638676844783,0.5140403807075435,TRUE,both
731_23_htr,731_23_htr_HKM,5,Oedera corymbosa,0.356,2.225,0.5157400260382521,TRUE,both
802_10_cape_point,802_10_cape_point_b,2,Erica laeta,0.181,2.2208588957055215,0.4337386487661041,TRUE,both
712_33_baviaanskloof,712_33_baviaanskloof_JL,1,Polygala illepida,0.379,2.2034883720930236,0.5034958111906229,TRUE,both
815_6_htr,815_6_htr_BHR,3,Erica inaequalis,0.265,2.199170124481328,0.5844157889998742,TRUE,both
804_14_htr,804_14_htr_RDG,1,Selago subspinosa,0.279,2.1796875,0.4991704184413062,TRUE,both
727_34_cape_point,727_34_cape_point_b,1,Berzelia lanuginosa,0.097,2.1748878923766815,0.8261415993563465,TRUE,both
705_26_langeberg,705_26_langeberg_CM,5,Paranomus spathulatus,1.1,2.16322517207473,0.4135808771420374,TRUE,both
812_28_cape_point,812_28_cape_point_a,3,Watsonia meriana,1.284,2.1543624161073827,0.39676320231200524,TRUE,both
730_20_cederberg,730_20_cederberg_JS,2,Stoebe rhinocerotis,0.183,2.1529411764705886,0.5134925064534179,TRUE,both
620_13_hangklip,620_13_hangklip_HKM,4,Osyris compressa,1.255,2.150814053127678,0.40943907802331325,TRUE,both
620_42_hangklip,620_42_hangklip_CM,2C,Ficinia nigrescens,0.965,2.1492204899777283,0.5891099278607981,TRUE,both
807_24_htr,807_24_htr_HKM,1,Felicia hirta,0.331,2.1015873015873017,0.44990595587173965,TRUE,both
730_22_cederberg,730_22_cederberg_JS,1,Lachnaea globulifera,0.541,2.0968992248062017,0.38030654493526767,TRUE,both
706_24_langeberg,706_24_langeberg_HKM,4,Erica calycina,0.289,2.086642599277978,0.4398318975448483,TRUE,both
711_19_langeberg,711_19_langeberg_HKM,4,Cliffortia filicaulis,0.195,2.085561497326203,0.47690178828466684,TRUE,both
723_10_cederberg,723_10_cederberg_JS,5C,Ficinia nigrescens,0.585,2.0598591549295775,0.46308725034214915,TRUE,both
703_24_langeberg,703_24_langeberg_HKM,1,Erica melanthera,0.278,2.0516605166051662,0.41032280610473537,TRUE,both
813_13_htr,813_13_htr_MAL,1,Eriocephalus purpureus,0.284,2.050541516245487,0.39750458601709754,TRUE,both
723_10_cederberg,723_10_cederberg_JS,4C,Ficinia nigrescens,0.582,2.0492957746478875,0.46308725034214915,TRUE,both
723_10_cederberg,723_10_cederberg_JS,2C,Ficinia nigrescens,0.58,2.0422535211267605,0.46308725034214915,TRUE,both
703_28_baviaanskloof,703_28_baviaanskloof_JL,2,Pelargonium peltatum,0.905,2.031425364758698,0.45851918450628076,TRUE,both
724_9_cederberg,724_9_cederberg_SM,8,Solanum tomentosum,0.854,2.018912529550827,0.3808997579939059,TRUE,both
801_5_cederberg,801_5_cederberg_EFG,5c,Ficinia cedarbergensis,1.057,2.0171755725190836,0.45666986156329875,TRUE,both
801_10_htr,801_10_htr_MAL,2,Lapeirousia plicata,0.697,2.0028735632183907,0.49439812995384425,TRUE,both
620_39_hangklip,620_39_hangklip_CM,5,Hermas villosa,0.31,0.49206349206349204,0.39561540136196477,TRUE,both
621_37_hangklip,621_37_hangklip_CC,9,Erica perspicua,0.025,0.4901960784313726,0.6068926335548221,TRUE,both
725_29_cape_point,725_29_cape_point_c,2,Stoebe scabra,0.008,0.48484848484848486,0.4029929668745928,TRUE,both
803_21_cape_point,803_21_cape_point_b,2,Euryops abrotanifolius,0.456,0.48305084745762716,0.38004843378746594,TRUE,both
820_28_htr,820_28_htr_MAL,3,Eriocephalus namaquensis,0.137,0.479020979020979,0.38211546545753544,TRUE,both
730_14_cederberg,730_14_cederberg_JS,5l,Schoenus compar,0.447,0.4780748663101604,0.48399624331440344,TRUE,both
731_3_htr,731_3_htr_HKM,1,Asparagus capensis,0.156,0.4748858447488584,0.43985797069206345,TRUE,both
814_27_htr,814_27_htr_RDG,3,Eriocephalus namaquensis,0.161,0.4728340675477239,0.4568403678947366,TRUE,both
723_10_cederberg,723_10_cederberg_JS,4L,Ficinia nigrescens,0.222,0.4703389830508475,0.46308725034214915,TRUE,both
725_6_cape_point,725_6_cape_point_c,2,Staavia radiata,0.011,0.4680851063829787,0.39504962887550343,TRUE,both
709_4_langeberg,709_4_langeberg_JAS,3L,Schoenus compar,0.377,0.4648581997533908,0.3962930722717485,TRUE,both
801_17_htr,801_17_htr_MAL,1,Eriocephalus ericoides,0.142,0.459546925566343,0.4216915382867007,TRUE,both
627_9_hangklip,627_9_hangklip_CM,5,Grubbia tomentosa,0.361,0.45812182741116747,0.3914621767962484,TRUE,both
804_14_cape_point,804_14_cape_point_a,2,Ifloga ambigua,0.121,0.4540337711069418,0.4318509517276048,TRUE,both
804_26_cape_point,804_26_cape_point_a,4,Microdon dubius,0.327,0.450723638869745,0.45396584520738886,TRUE,both
801_5_cederberg,801_5_cederberg_EFG,2l,Ficinia cedarbergensis,0.359,0.45043914680050184,0.45666986156329875,TRUE,both
710_31_baviaanskloof,710_31_baviaanskloof_HK,1,Thesium virgatum,0.09,0.44999999999999996,0.3888277323113807,TRUE,both
801_19_cederberg,801_19_cederberg_EFG,5,Stoebe plumosa,0.059,0.44360902255639095,0.4387675999919788,TRUE,both
725_34_cape_point,725_34_cape_point_c,1,Drosera trinervia,0.102,0.4415584415584415,0.5478484971355233,TRUE,both
705_17_langeberg,705_17_langeberg_CM,3L,Tetraria fimbriolata,0.405,0.4411764705882353,0.5912110269602247,TRUE,both
815_14_htr,815_14_htr_BHR,2,Ehrharta ramosa subsp. ramosa,0.29,0.4403948367501898,0.7353432866114002,TRUE,both
826_13_htr,826_13_htr_BHR,1,Tetragonia microptera,0.5,0.4347826086956522,0.5498144399407375,TRUE,both
711_19_langeberg,711_19_langeberg_HKM,1,Cliffortia filicaulis,0.052,0.4315352697095436,0.47690178828466684,TRUE,both
804_26_cape_point,804_26_cape_point_a,1,Microdon dubius,0.31,0.4272915230875258,0.45396584520738886,TRUE,both
807_2_htr,807_2_htr_HKM,3,Eriocephalus spinescens,0.22,0.42718446601941745,0.4568413291286155,TRUE,both
627_9_hangklip,627_9_hangklip_CM,1,Grubbia tomentosa,0.332,0.4213197969543147,0.3914621767962484,TRUE,both
805_35_htr,805_35_htr_MAL,3,Aizoon africanum,0.462,0.4205735093309058,0.4182062210148663,TRUE,both
620_42_hangklip,620_42_hangklip_CM,3L,Ficinia nigrescens,0.333,0.4141791044776119,0.5891099278607981,TRUE,both
801_10_htr,801_10_htr_MAL,1,Lapeirousia plicata,0.238,0.4121212121212121,0.49439812995384425,TRUE,both
709_4_langeberg,709_4_langeberg_JAS,2L,Schoenus compar,0.332,0.4093711467324291,0.3962930722717485,TRUE,both
723_10_cederberg,723_10_cederberg_JS,2L,Ficinia nigrescens,0.193,0.4088983050847458,0.46308725034214915,TRUE,both
804_32_cape_point,804_32_cape_point_a,3,Erica glabella,0.1,0.40816326530612246,0.43348055781173345,TRUE,both
818_72_htr,818_72_htr_EPO,1,Adenogramma glomerata,0.2,0.4,0.6614378277661476,TRUE,both
801_19_cederberg,801_19_cederberg_EFG,3,Stoebe plumosa,0.053,0.39849624060150374,0.4387675999919788,TRUE,both
701_17_baviaanskloof,701_17_baviaanskloof_KE,1,Stoebe rhinocerotis,0.067,0.3941176470588235,0.4383322682545316,TRUE,both
730_14_cederberg,730_14_cederberg_JS,4l,Schoenus compar,0.367,0.39251336898395717,0.48399624331440344,TRUE,both
804_19_htr,804_19_htr_RDG,1,Helichrysum asperum,0.106,0.39114391143911437,0.6189528853887553,TRUE,both
730_20_cederberg,730_20_cederberg_JS,4,Stoebe rhinocerotis,0.048,0.38866396761133604,0.5134925064534179,TRUE,both
724_19_cederberg,724_19_cederberg_SM,5l,Thesium strictum,0.788,0.38703339882121807,0.6497549132524678,TRUE,both
712_7_langeberg,712_7_langeberg_EFG,5L,Ficinia nigrescens,0.285,0.3851351351351351,0.7121210091096389,TRUE,both
808_5_htr,808_5_htr_EPO,3,Ifloga glomerata,0.27,0.3770949720670391,0.40595227453256677,TRUE,both
804_15_htr,804_15_htr_RDG,1,Chrysocoma ciliata,0.135,0.3724137931034483,0.612448604923103,TRUE,both
708_20_baviaanskloof,708_20_baviaanskloof_KE,3,Urochloa serrata,0.204,0.36856368563685626,0.4618629068240111,TRUE,both
620_42_hangklip,620_42_hangklip_CM,5L,Ficinia nigrescens,0.296,0.36815920398009944,0.5891099278607981,TRUE,both
705_17_langeberg,705_17_langeberg_CM,5L,Tetraria fimbriolata,0.336,0.36601307189542487,0.5912110269602247,TRUE,both
620_42_hangklip,620_42_hangklip_CM,4L,Ficinia nigrescens,0.291,0.3619402985074626,0.5891099278607981,TRUE,both
807_11_htr,807_11_htr_HKM,2,Eriocephalus africanus,0.374,0.3611781747947852,0.4686104667053597,TRUE,both
723_10_cederberg,723_10_cederberg_JS,1L,Ficinia nigrescens,0.17,0.36016949152542377,0.46308725034214915,TRUE,both
725_7_cederberg,725_7_cederberg_JL,3,Lachnospermum fasciculatum,0.03,0.3550295857988166,0.47585047642854666,TRUE,both
824_20_htr,824_20_htr_RDG,2L,Thesium horridum,0.602,0.34637514384349827,0.7782466859082173,TRUE,both
729_23_cape_point,729_23_cape_point_b,1,Asparagus rubicundus,0.044,0.33460076045627374,0.4990734021512887,TRUE,both
621_37_hangklip,621_37_hangklip_CC,1,Erica perspicua,0.017,0.33333333333333337,0.6068926335548221,TRUE,both
826_9_htr,826_9_htr_BHR,2,Tribolium tenellum,0.1,0.3333333333333333,0.6546536707079771,TRUE,both
620_42_hangklip,620_42_hangklip_CM,2L,Ficinia nigrescens,0.265,0.3296019900497512,0.5891099278607981,TRUE,both
724_19_cederberg,724_19_cederberg_SM,2l,Thesium strictum,0.662,0.325147347740668,0.6497549132524678,TRUE,both
724_19_cederberg,724_19_cederberg_SM,1l,Thesium strictum,0.658,0.3231827111984283,0.6497549132524678,TRUE,both
705_17_langeberg,705_17_langeberg_CM,1L,Tetraria fimbriolata,0.294,0.3202614379084967,0.5912110269602247,TRUE,both
705_17_langeberg,705_17_langeberg_CM,2L,Tetraria fimbriolata,0.289,0.31481481481481477,0.5912110269602247,TRUE,both
815_6_htr,815_6_htr_BHR,2,Erica inaequalis,0.068,0.31050228310502287,0.5844157889998742,TRUE,both
731_9_cederberg,731_9_cederberg_SM,4,Erica plumosa,0.078,0.30952380952380953,0.38105291180211076,TRUE,both
718_13_baviaanskloof,718_13_baviaanskloof_JL,2,Themeda triandra,0.066,0.30841121495327106,0.5206523381468554,TRUE,both
711_8_langeberg,711_8_langeberg_HKM,2,Erica calycina,0.024,0.3018867924528302,0.5958151347024381,TRUE,both
708_3_langeberg,708_3_langeberg_EFG,1,Erica anguliger,0.02,0.3007518796992481,0.6139768932634836,TRUE,both
712_7_langeberg,712_7_langeberg_EFG,1L,Ficinia nigrescens,0.219,0.295945945945946,0.7121210091096389,TRUE,both
724_19_cederberg,724_19_cederberg_SM,3l,Thesium strictum,0.6,0.29469548133595286,0.6497549132524678,TRUE,both
724_19_cederberg,724_19_cederberg_SM,4l,Thesium strictum,0.593,0.2912573673870334,0.6497549132524678,TRUE,both
712_7_langeberg,712_7_langeberg_EFG,3L,Ficinia nigrescens,0.213,0.28783783783783784,0.7121210091096389,TRUE,both
820_15_htr,820_15_htr_MAL,3,Eriocephalus purpureus,0.109,0.2738693467336683,0.5720161416841147,TRUE,both
813_17_htr,813_17_htr_MAL,3,Asparagus retrofractus,0.047,0.2708933717579251,0.46797271003713875,TRUE,both
723_16_cederberg,723_16_cederberg_JS,4,Stoebe,0.069,0.26848249027237353,0.45228269035084206,TRUE,both
709_26_langeberg,709_26_langeberg_JAS,2,Brunia noduliflora,0.033,0.25984251968503935,0.9233298932676134,TRUE,both
709_31_baviaanskloof,709_31_baviaanskloof_TEM,3,Enneapogon scoparius,0.134,0.25943852855759925,1.1376330688811072,TRUE,both
709_31_baviaanskloof,709_31_baviaanskloof_TEM,2,Enneapogon scoparius,0.133,0.2572533849129594,1.1376330688811072,TRUE,both
824_22_htr,824_22_htr_RDG,1,Osteospermum leptolobum,0.178,0.25105782792665726,0.8466148834499587,TRUE,both
619_25_hangklip,619_25_hangklip_JS,2,Erica placentiflora,0.1016,0.25,1.0515629736770118,TRUE,both
701_37_baviaanskloof,701_37_baviaanskloof_KE,3,Aspalathus kougaensis,0.04,0.24316109422492405,1.2398573902160026,TRUE,both
621_37_hangklip,621_37_hangklip_CC,5,Erica perspicua,0.012,0.23529411764705885,0.6068926335548221,TRUE,both
705_17_langeberg,705_17_langeberg_CM,4L,Tetraria fimbriolata,0.198,0.21568627450980393,0.5912110269602247,TRUE,both
712_7_langeberg,712_7_langeberg_EFG,2L,Ficinia nigrescens,0.159,0.21486486486486486,0.7121210091096389,TRUE,both
725_7_cape_point,725_7_cape_point_c,1,Berzelia abrotanoides,0.006,0.20373514431239392,0.8628398081006552,TRUE,both
824_20_htr,824_20_htr_RDG,3L,Thesium horridum,0.343,0.19735327963176066,0.7782466859082173,TRUE,both
702_6_baviaanskloof,702_6_baviaanskloof_DEB,3,Themeda triandra,0.285,0.1936799184505606,1.291030018790445,TRUE,both
725_8_cederberg,725_8_cederberg_JL,5,Agathosma capensis,0.04,0.19138755980861244,0.9954797616746366,TRUE,both
725_8_cederberg,725_8_cederberg_JL,4,Agathosma capensis,0.04,0.19138755980861244,0.9954797616746366,TRUE,both
719_4_baviaanskloof,719_4_baviaanskloof_JAS,1,Leucadendron uliginosum,0.542,0.18767313019390583,1.292875414126375,TRUE,both
731_24_htr,731_24_htr_HKM,1,Chrysocoma ciliata,0.029,0.18649517684887462,0.6983606607310777,TRUE,both
729_8_cederberg,729_8_cederberg_DEB,8,Ruschia aspera,0.411,0.18546931407942235,0.7955026025488484,TRUE,both
826_2_htr,826_2_htr_BHR,3,Eriocephalus pauperrimus,0.02,0.1834862385321101,0.6575596692265422,TRUE,both
719_4_baviaanskloof,719_4_baviaanskloof_JAS,2,Leucadendron uliginosum,0.526,0.18162983425414367,1.292875414126375,TRUE,both
702_6_baviaanskloof,702_6_baviaanskloof_DEB,1,Themeda triandra,0.263,0.17740303541315347,1.291030018790445,TRUE,both
701_37_baviaanskloof,701_37_baviaanskloof_KE,2,Aspalathus kougaensis,0.03,0.17699115044247787,1.2398573902160026,TRUE,both
814_2_cape_point,814_2_cape_point_a,1,Tetragonia fruticosa,0.102,0.15668202764976957,0.4859805547295248,TRUE,both
729_8_cederberg,729_8_cederberg_DEB,10,Ruschia aspera,0.3396,0.15324909747292417,0.7955026025488484,TRUE,both
824_20_htr,824_20_htr_RDG,1L,Thesium horridum,0.258,0.14844649021864212,0.7782466859082173,TRUE,both
729_8_cederberg,729_8_cederberg_DEB,9,Ruschia aspera,0.322,0.14530685920577616,0.7955026025488484,TRUE,both
712_7_langeberg,712_7_langeberg_EFG,4L,Ficinia nigrescens,0.105,0.14189189189189189,0.7121210091096389,TRUE,both
729_8_cederberg,729_8_cederberg_DEB,6,Ruschia aspera,0.304,0.13718411552346568,0.7955026025488484,TRUE,both
729_8_cederberg,729_8_cederberg_DEB,5,Ruschia aspera,0.287,0.12951263537906135,0.7955026025488484,TRUE,both
621_27_hangklip,621_27_hangklip_CC,4,Erica fascicularis,0.05,0.1278772378516624,0.5572017434629604,TRUE,both
725_27_cederberg,725_27_cederberg_JL,5,Staberoha aemula,0.141,0.1196943972835314,0.4803168566282376,TRUE,both
731_5_cederberg,731_5_cederberg_SM,5l,Ficinia brevifolia,0.331,0.11906474820143886,0.47733967347410333,TRUE,both
726_31_baviaanskloof,726_31_baviaanskloof_ASH,1,Hibiscus aethiopicus,0.059,0.11184834123222746,0.7284365176575677,TRUE,both
709_26_langeberg,709_26_langeberg_JAS,1,Brunia noduliflora,0.014,0.11023622047244094,0.9233298932676134,TRUE,both
726_10_baviaanskloof,726_10_baviaanskloof_ASH,4,Cotyledon woodii,0.609,0.10322033898305084,0.5907292732665896,TRUE,both
826_6_htr,826_6_htr_BHR,2,Rosenia oppositifolia,0.03,0.1,0.7423074889580902,TRUE,both
710_25_langeberg,710_25_langeberg_CM,1,Cliffortia dentata,0.073,0.07765957446808511,1.2103881131070813,TRUE,both
729_8_htr,729_8_htr_BHR,2L,Euphorbia mauritanica,0.401,0.05647887323943663,1.013899631961887,TRUE,both
729_8_htr,729_8_htr_BHR,3L,Euphorbia mauritanica,0.382,0.05380281690140845,1.013899631961887,TRUE,both
729_8_htr,729_8_htr_BHR,1L,Euphorbia mauritanica,0.342,0.04816901408450705,1.013899631961887,TRUE,both
727_34_cape_point,727_34_cape_point_b,2,Berzelia lanuginosa,0.0032,0.034972677595628415,0.8261415993563465,TRUE,both
726_10_cederberg,726_10_cederberg_EFG,1,Psammotropha quadrangularis,0.062,2.0327868852459017,0.3541235345435511,FALSE,ratio_only
709_14_langeberg,709_14_langeberg_JAS,4,Cymbopogon marginatus,0.31,2.0327868852459017,0.3633183442825786,FALSE,ratio_only
824_19_htr,824_19_htr_RDG,3,Selago articulata,0.161,0.4992248062015504,0.3740710220577283,FALSE,ratio_only
807_22_htr,807_22_htr_HKM,4,Ursinia nana subsp. nana,0.401,0.498136645962733,0.25995236386977033,FALSE,ratio_only
627_20_hangklip,627_20_hangklip_CC,3,Restio subverticillatus,0.33,0.4954954954954955,0.27330451603106615,FALSE,ratio_only
723_24_cape_point,723_24_cape_point_a,2,Berzelia lanuginosa,0.006,0.4938271604938272,0.36953381399052515,FALSE,ratio_only
709_15_langeberg,709_15_langeberg_JAS,1,Heteropogon contortus,0.2,0.49382716049382713,0.3514916433319842,FALSE,ratio_only
705_16_langeberg,705_16_langeberg_CM,1L,Schoenus cuspidatus,0.278,0.491166077738516,0.3201049226210599,FALSE,ratio_only
703_6_langeberg,703_6_langeberg_EFG,2,Erica imbricata,0.066,0.4907063197026022,0.3731909510684057,FALSE,ratio_only
801_1_htr,801_1_htr_MAL,1,Fingerhuthia africana,0.336,0.4890829694323144,0.3744535363806458,FALSE,ratio_only
725_12_cederberg,725_12_cederberg_JL,4,Macrostylis squarrosa,0.106,0.4851258581235698,0.32106538060507434,FALSE,ratio_only
802_7_cederberg,802_7_cederberg_JL,3,Erica,0.108,0.48106904231625836,0.36528072634002506,FALSE,ratio_only
731_19_htr,731_19_htr_HKM,2,Anthospermum spathulatum,0.147,0.4796084828711256,0.3650479989689665,FALSE,ratio_only
619_19_hangklip,619_19_hangklip_JS,4l,Schoenus compar,0.6071,0.47852132103728223,0.3586811357150967,FALSE,ratio_only
806_13_cape_point,806_13_cape_point_b,3,Senecio triqueter,0.236,0.47437185929648235,0.37688642995222266,FALSE,ratio_only
724_14_cederberg,724_14_cederberg_SM,2,Othonna quinquedentata,0.307,0.4715821812596006,0.33368190128940073,FALSE,ratio_only
724_4_cederberg,724_4_cederberg_SM,3,Ficinia bulbosa,0.197,0.47016706443914086,0.2662858507247316,FALSE,ratio_only
709_2_langeberg,709_2_langeberg_JAS,5,Restio triticeus,0.706,0.4687915006640106,0.37492882117888887,FALSE,ratio_only
724_24_cederberg,724_24_cederberg_SM,4l,Ficinia dunensis,0.445,0.4654811715481172,0.3302870925427674,FALSE,ratio_only
726_5_cederberg,726_5_cederberg_EFG,5l,Schoenus crassus,0.258,0.46361185983827496,0.3081762050826375,FALSE,ratio_only
710_14_langeberg,710_14_langeberg_CM,1,Wahlenbergia neorigida,0.09,0.4627249357326478,0.2696556902344337,FALSE,ratio_only
731_16_cederberg,731_16_cederberg_SM,5,Macrostylis tenuis,0.099,0.4541284403669725,0.36783915749842166,FALSE,ratio_only
814_15_cape_point,814_15_cape_point_a,1,Aspalathus chenopoda,0.249,0.4502712477396022,0.339903343654765,FALSE,ratio_only
709_3_langeberg,709_3_langeberg_JAS,5,Muraltia ciliaris,0.063,0.44839857651245546,0.31702105054219903,FALSE,ratio_only
708_7_langeberg,708_7_langeberg_EFG,2,Erica grata,0.075,0.44776119402985076,0.31640467296428765,FALSE,ratio_only
709_28_langeberg,709_28_langeberg_JAS,4,Themeda triandra,0.079,0.4475920679886686,0.3211851921853784,FALSE,ratio_only
725_19_cederberg,725_19_cederberg_JL,5,Aspalathus hirta,0.3,0.4285714285714286,0.33333333333333337,FALSE,ratio_only
711_10_langeberg,711_10_langeberg_HKM,5,Indigofera sarmentosa,0.083,0.4267352185089974,0.333003512162964,FALSE,ratio_only
620_23_hangklip,620_23_hangklip_HKM,1,Erica labialis,0.11,0.421455938697318,0.35106551060027574,FALSE,ratio_only
622_31_hangklip,622_31_hangklip_TEM,1,Brunia fragarioides,0.163,0.4195624195624196,0.2952124102167504,FALSE,ratio_only
724_17_cederberg,724_17_cederberg_SM,1,Oedera sedifolia,0.24,0.4123711340206185,0.3341109471556669,FALSE,ratio_only
730_20_htr,730_20_htr_RDG,4,Erodium cicutarium,0.285,0.4008438818565401,0.37585367047284235,FALSE,ratio_only
621_43_hangklip,621_43_hangklip_CC,4,Erica serrata,0.101,0.3877159309021113,0.3478330789211861,FALSE,ratio_only
711_7_langeberg,711_7_langeberg_HKM,1,Restio arcuatus,0.257,0.3470627954085078,0.3591256024837366,FALSE,ratio_only
725_16_cederberg,725_16_cederberg_JL,2,Serruria aitonii,0.149,0.3156779661016949,0.35454431802021225,FALSE,ratio_only
