NewUID,sample_id,replicate,ScientificName_WFO,fwc,trait_ratio,leaf_fresh_wgt_g,comp1_dev,leaf_dry_wgt_g,comp2_dev,suspected_bad,cv,flag_high_cv,confidence
619_20_hangklip,619_20_hangklip_JS,5c,Schoenus bolusii,84.91666667,66.72023808355995,1.031,3.424866116646952,0.012,1.7369655941662063,leaf_fresh_wgt_g,2.1278946345836163,TRUE,both
804_18_cape_point,804_18_cape_point_a,1,Pentameris curvifolia,16.14285714,30.84622382457127,0.84,3.7484612330040354,0.049,0.29278174922784594,leaf_fresh_wgt_g,1.5740919540948324,TRUE,both
804_16_cape_point,804_16_cape_point_a,3,Roella triflora,29.76923077,27.06293706363636,1.6,4.6665762662748085,0.052,0.7935491225325737,leaf_fresh_wgt_g,1.7753158074260325,TRUE,both
619_20_hangklip,619_20_hangklip_JS,4l,Schoenus bolusii,33.32258065,26.18202764796099,1.064,3.4703199347800333,0.031,0.3677317845004871,leaf_fresh_wgt_g,2.1278946345836163,TRUE,both
711_28_langeberg,711_28_langeberg_HKM,4,Erica madida,16.34104046,21.018740563540902,0.3,2.1098776177723733,0.0173,1.127614196584348,leaf_fresh_wgt_g,1.7828240880723643,TRUE,both
721_42_cape_point,721_42_cape_point_b,1,Metalasia muricata,22.05084746,19.389538283124498,1.36,3.4786535985748155,0.059,0.02466205423426903,leaf_fresh_wgt_g,1.489317520621417,TRUE,both
729_22_cape_point,729_22_cape_point_b,2,Leucadendron coniferum,26.11111111,19.229356749510202,1.22,2.939782477165893,0.045,0.6270879763938327,leaf_fresh_wgt_g,1.4874447321487767,TRUE,both
710_17_langeberg,710_17_langeberg_CM,1,Erica,20.78571429,18.537834464530466,1.22,3.6677029317290923,0.056,0.2527660703799667,leaf_fresh_wgt_g,1.7604965080397843,TRUE,both
725_12_cederberg,725_12_cederberg_JL,1,Macrostylis squarrosa,17.32653061,17.67306121972577,0.898,2.359360522908818,0.049,0.8771432522144663,leaf_fresh_wgt_g,1.7225769643386248,TRUE,both
721_28_cape_point,721_28_cape_point_b,1,Tetraria flexuosa,29,17.023686919999026,0.9,2.2941449383738246,0.03,1.222392421336448,leaf_fresh_wgt_g,1.4590647436196886,TRUE,both
621_23_hangklip,621_23_hangklip_CC,5,Restio tenuissimus,11.35514019,16.36960207124649,1.322,1.7519576177287026,0.107,1.1319771261142295,leaf_fresh_wgt_g,1.6765250534546152,TRUE,both
813_8_htr,813_8_htr_MAL,3,Asparagus capensis,19.4,16.262489414785456,0.204,0.0912247600465385,0.01,3.1210154009613658,leaf_dry_wgt_g,1.4475481057255097,TRUE,both
701_13_baviaanskloof,701_13_baviaanskloof_KE,1,Aristida congesta,13.7,16.039024393373467,0.147,1.756728848987636,0.01,1.232660756790275,leaf_fresh_wgt_g,1.4442793024379545,TRUE,both
721_44_cape_point,721_44_cape_point_b,2,Tetraria microstachys,16.30769231,15.70370371290535,0.45,3.0858607366538378,0.026,0.10691520391651207,leaf_fresh_wgt_g,1.5870381682946095,TRUE,both
702_45_baviaanskloof,702_45_baviaanskloof_DEB,2,Dodonaea viscosa,25.33093525,15.63881073088928,3.66,3.413461644353305,0.139,0.058245141035953636,leaf_fresh_wgt_g,1.4375146995406705,TRUE,both
721_10_baviaanskloof,721_10_baviaanskloof_HK,2,Crassula biplanata,62.33333333,13.991454663472112,2.66,3.5037664178731753,0.042,0.2370391973008493,leaf_fresh_wgt_g,1.4121983537006801,TRUE,both
723_14_cape_point,723_14_cape_point_c,1,Penaea mucronata,13.42105263,13.939126767629368,0.548,3.383786565294404,0.038,0.493040011280117,leaf_fresh_wgt_g,1.4062603313266981,TRUE,both
723_42_cederberg,723_42_cederberg_JS,3,Pentameris curvifolia,9.564102564,12.64686651159347,3.296,3.128079813914554,0.312,0.5814986454175846,leaf_fresh_wgt_g,1.5660131850711914,TRUE,both
806_22_cape_point,806_22_cape_point_b,1,Roepera spinosa,57.82352941,12.277042709524247,6,3.476605322630738,0.102,0.07996830470341515,leaf_fresh_wgt_g,1.5457573930252348,TRUE,both
725_48_cape_point,725_48_cape_point_c,1,Lobelia pinifolia,27.33333333,12.26823403524159,0.68,2.8624964762500653,0.024,0.29768054864068516,leaf_fresh_wgt_g,1.3681948251991465,TRUE,both
709_22_baviaanskloof,709_22_baviaanskloof_TEM,2,Senecio linifolius,81.2195122,8.52804255032683,3.371,2.4533458654997533,0.041,0.5128127149653207,leaf_fresh_wgt_g,1.2385269619165729,TRUE,both
703_18_langeberg,703_18_langeberg_EFG,3,Restio stokoei,7.453,8.249466757009083,8.453,3.1005356735347642,1,0.9601597354682089,leaf_fresh_wgt_g,1.0859331632388578,TRUE,both
819_93_htr,819_93_htr_RDG,3,Anthospermum aethiopicum,10.45454545,6.835605947152834,0.126,0.457348304136808,0.011,2.6280312226130422,leaf_dry_wgt_g,1.1441361376424013,TRUE,both
625_12_hangklip,625_12_hangklip_ET,4,Schoenus gracillimus,2.913043478,6.0269865103634395,0.36,0.914424268293926,0.092,0.3953012812175816,leaf_fresh_wgt_g,1.0743494828977678,TRUE,both
620_9_hangklip,620_9_hangklip_HKM,5,Carpobrotus acinaciformis,10.98717949,5.39788102712212,2.805,0.8024236330312312,0.234,2.707064108452344,leaf_dry_wgt_g,0.9063685481078692,TRUE,both
716_4_baviaanskloof,716_4_baviaanskloof_DEB,1,Smelophyllum capense,3.225454545,4.438853015621331,1.162,0.42583803088044175,0.275,0.8639384504239711,leaf_dry_wgt_g,0.9253433207908116,TRUE,both
622_26_hangklip,622_26_hangklip_TEM,4,Syncarpha canescens,7.604651163,4.431861887925286,0.37,1.2094533656289501,0.043,0.4440999648813067,leaf_fresh_wgt_g,0.8290352356871177,TRUE,both
705_24_langeberg,705_24_langeberg_CM,2,Corymbium glabrum,4.410334347,4.294323065525019,1.78,0.6066023113221037,0.329,0.8919037112521617,leaf_dry_wgt_g,0.9115937409026031,TRUE,both
724_13_cederberg,724_13_cederberg_SM,7,Diosma acmaephylla,4.4875,4.207031248685302,0.439,0.09157660235213991,0.08,1.1699250014423124,leaf_dry_wgt_g,0.5906393834842584,TRUE,both
625_12_hangklip,625_12_hangklip_EFG,5,Restio debilis,4.518867925,4.167579677117948,0.585,1.649260994215529,0.106,0.26031490448020184,leaf_fresh_wgt_g,0.9285459598500982,TRUE,both
816_21_cape_point,816_21_cape_point_c,3,Erica axillaris,4.191489362,4.051874958032622,0.244,0.0944022247156221,0.047,1.4340958350945285,leaf_dry_wgt_g,0.8760804550132016,TRUE,both
724_9_cederberg,724_9_cederberg_SM,6,Solanum tomentosum,2.994845361,4.0492696699828885,0.775,0.4661955395528072,0.194,0.6715501857172469,leaf_dry_wgt_g,0.6879824651743393,TRUE,both
628_19_hangklip,628_19_hangklip_HKM,3,Merciera tenuifolia,4.0625,4.029118735162702,0.162,0.4091126653217386,0.032,0.9772799234999165,leaf_dry_wgt_g,0.8543357073443458,TRUE,both
724_9_cederberg,724_9_cederberg_SM,3,Solanum tomentosum,2.897660819,3.9178684218795885,1.333,1.2486041044801806,0.342,0.2108381947083656,leaf_fresh_wgt_g,0.6879824651743393,TRUE,both
724_15_cederberg,724_15_cederberg_SM,8,Aspalathus polycephala,3.68125,3.911328123288794,0.749,2.807354922057604,0.16,1.415037499278844,leaf_fresh_wgt_g,0.6584355566416954,TRUE,both
724_15_cederberg,724_15_cederberg_SM,9,Aspalathus polycephala,3.64321608,3.870917083306474,0.924,3.1102820550149106,0.199,1.7297340249351305,leaf_fresh_wgt_g,0.6584355566416954,TRUE,both
724_15_cederberg,724_15_cederberg_SM,10,Aspalathus polycephala,3.541899441,3.76326815441607,0.813,2.925644555673881,0.179,1.576925181655738,leaf_fresh_wgt_g,0.6584355566416954,TRUE,both
703_18_langeberg,703_18_langeberg_EFG,5,Restio stokoei,3.347862531,3.705632719243364,5.187,2.3959725933199523,1.193,1.21475377850135,leaf_fresh_wgt_g,1.0859331632388578,TRUE,both
625_17_hangklip,625_17_hangklip_EFG,5,Edmondia sesamoides,3.8,3.5076923087715977,0.168,1.1634987322828796,0.035,0.08017034868398316,leaf_fresh_wgt_g,0.7102273784898442,TRUE,both
724_9_cederberg,724_9_cederberg_SM,5,Solanum tomentosum,2.561904762,3.4638994671455863,0.748,0.415037499278844,0.21,0.5572175102382518,leaf_dry_wgt_g,0.6879824651743393,TRUE,both
723_1_cape_point,723_1_cape_point_c,1,Struthiola ciliata,2.444444444,3.449344079510818,0.062,0.19930880822340638,0.018,0.8073549220576042,leaf_dry_wgt_g,0.8256133659872855,TRUE,both
729_8_cederberg,729_8_cederberg_DEB,7,Ruschia aspera,5.751072961,3.4456859554977552,1.573,0.43318871587404395,0.233,0.11599329506481991,leaf_fresh_wgt_g,0.7020577727383197,TRUE,both
729_8_cederberg,729_8_cederberg_DEB,4,Ruschia aspera,5.744186047,3.441559744092085,1.45,0.31572294536065404,0.215,0.11599329506482013,leaf_fresh_wgt_g,0.7020577727383197,TRUE,both
705_17_langeberg,705_17_langeberg_CM,4L,Tetraria fimbriolata,3.285714286,3.3184079613295467,0.06,1.9132883668066694,0.014,3.0255350921071376,leaf_dry_wgt_g,0.5826733830691295,TRUE,both
724_4_cederberg,724_4_cederberg_SM,10,Ficinia bulbosa,1.796610169,3.212761715790736,0.165,1.5284955490621275,0.059,2.443786437760462,leaf_dry_wgt_g,0.5729862907319718,TRUE,both
620_9_hangklip,620_9_hangklip_HKM,4,Carpobrotus acinaciformis,6.527977044,3.207123672036811,5.247,0.2267065118373821,0.697,1.1324139821673258,leaf_dry_wgt_g,0.9063685481078692,TRUE,both
814_10_cape_point,814_10_cape_point_a,2,Myrica cordifolia,5.370629371,3.1888433344156106,0.911,1.0631229190251243,0.143,0.2913397750539393,leaf_fresh_wgt_g,0.7053941266900875,TRUE,both
724_4_cederberg,724_4_cederberg_SM,7,Ficinia bulbosa,1.77027027,3.165659778728843,0.205,1.2153376638024975,0.074,2.1169761214933533,leaf_dry_wgt_g,0.5729862907319718,TRUE,both
723_15_cape_point,723_15_cape_point_c,2,Diastella divaricata,6.277777778,3.1019607841315806,0.262,2.1754420064098783,0.036,0.8845227825800639,leaf_fresh_wgt_g,0.737628459137144,TRUE,both
724_4_cederberg,724_4_cederberg_SM,3,Ficinia bulbosa,1.716216216,3.068998411521317,0.201,1.2437660721290147,0.074,2.1169761214933533,leaf_dry_wgt_g,0.5729862907319718,TRUE,both
625_11_hangklip,625_11_hangklip_ET,4,Gnidia oppositifolia,4.096774194,3.0324876606516686,0.158,0.9056726174518469,0.031,2.0344883763852906,leaf_dry_wgt_g,0.5196567622338776,TRUE,both
709_24_langeberg,709_24_langeberg_JAS,2,Pentameris macrocalycina,2.35,3.0033644429746107,0.134,1.0887289185943316,0.04,2.074676686294496,leaf_dry_wgt_g,0.6254433517680199,TRUE,both
729_8_cederberg,729_8_cederberg_DEB,2,Ruschia aspera,5.010309278,3.0018663350260875,1.166,0.0012378336588536195,0.194,0.26427330246715264,leaf_dry_wgt_g,0.7020577727383197,TRUE,both
724_4_cederberg,724_4_cederberg_SM,9,Ficinia bulbosa,1.677419355,2.999620495340962,0.249,0.9348158312398624,0.093,1.7872706760142718,leaf_dry_wgt_g,0.5729862907319718,TRUE,both
704_31_langeberg,704_31_langeberg_TEM,3,Ocotea bullata,3.989323843,2.9884602137188674,1.402,0.23410211354846133,0.281,0.8641641095244024,leaf_dry_wgt_g,0.6174565516571914,TRUE,both
724_15_cederberg,724_15_cederberg_SM,3,Aspalathus polycephala,2.791262136,2.965716018202499,0.781,2.8677117517408326,0.206,1.7796099315746998,leaf_fresh_wgt_g,0.6584355566416954,TRUE,both
807_7_htr,807_7_htr_HKM,5,Felicia brevifolia,2.652173913,2.95272430086527,0.084,0.03394733192333738,0.023,0.8514774752899119,leaf_dry_wgt_g,0.6893913508739385,TRUE,both
729_8_cederberg,729_8_cederberg_DEB,3,Ruschia aspera,4.926829268,2.951850294545913,1.215,0.06062635895150064,0.205,0.18470604514883435,leaf_dry_wgt_g,0.7020577727383197,TRUE,both
625_11_hangklip,625_11_hangklip_ET,1,Gnidia oppositifolia,3.971428571,2.9397051354100063,0.174,0.7665098697802215,0.035,1.8594016698271993,leaf_dry_wgt_g,0.5196567622338776,TRUE,both
726_22_cederberg,726_22_cederberg_EFG,2,Willdenowia arescens,2.255025847,2.8998366749046784,5.667,0.2501089883122214,1.741,0.6209703719865171,leaf_dry_wgt_g,0.6110332755904195,TRUE,both
724_13_cederberg,724_13_cederberg_SM,4,Diosma acmaephylla,3.064133017,2.8726247025398046,1.711,2.054123517306195,0.421,1.35135420882058,leaf_fresh_wgt_g,0.5906393834842584,TRUE,both
724_14_cederberg,724_14_cederberg_SM,8,Othonna quinquedentata,4.3132250579999996,2.8673605372054247,2.29,1.3203539593892517,0.431,0.07206395958365215,leaf_fresh_wgt_g,0.5325178828460101,TRUE,both
724_13_cederberg,724_13_cederberg_SM,1,Diosma acmaephylla,3.057522124,2.8664269903542414,0.917,1.1542773964118362,0.226,0.4538567481693719,leaf_fresh_wgt_g,0.5906393834842584,TRUE,both
729_8_cederberg,729_8_cederberg_DEB,1,Ruschia aspera,4.770491803,2.858182589211332,1.408,0.27331737909565457,0.244,0.1825444879734259,leaf_fresh_wgt_g,0.7020577727383197,TRUE,both
724_14_cederberg,724_14_cederberg_SM,3,Othonna quinquedentata,4.27943761,2.8448992017208807,3.004,1.7118911739192173,0.569,0.47280474280113577,leaf_fresh_wgt_g,0.5325178828460101,TRUE,both
724_13_cederberg,724_13_cederberg_SM,5,Diosma acmaephylla,3.019607843,2.8308823519278494,0.615,0.577942073043384,0.153,0.23446525363702297,leaf_fresh_wgt_g,0.5906393834842584,TRUE,both
708_17_baviaanskloof,708_17_baviaanskloof_KE,1,Andropogon appendiculatus,4.387096774,2.8303850154838712,0.167,0.40093055308346837,0.031,1.505235308250422,leaf_dry_wgt_g,0.6601611005430389,TRUE,both
625_11_hangklip,625_11_hangklip_ET,6,Gnidia oppositifolia,3.794117647,2.808457191621395,0.163,0.860725211397872,0.034,1.9012218455218264,leaf_dry_wgt_g,0.5196567622338776,TRUE,both
702_17_baviaanskloof,702_17_baviaanskloof_DEB,3,Anthospermum galioides,5.722222222,2.8040901392125797,0.121,0.6318835481086488,0.018,1.7725895038969277,leaf_dry_wgt_g,0.6513245520854829,TRUE,both
724_15_cederberg,724_15_cederberg_SM,6,Aspalathus polycephala,2.575757576,2.736742423302675,0.708,2.7261385636818503,0.198,1.7224660244710912,leaf_fresh_wgt_g,0.6584355566416954,TRUE,both
712_9_baviaanskloof,712_9_baviaanskloof_JL,2,Freylinia undulata,1.711340206,2.6953947882100304,0.263,0.7674559613879278,0.097,0.0376704179660551,leaf_fresh_wgt_g,0.6254023378827963,TRUE,both
724_4_cederberg,724_4_cederberg_SM,5,Ficinia bulbosa,1.506329114,2.6936708877328965,0.198,1.2654611432283338,0.079,2.0226487389452004,leaf_dry_wgt_g,0.5729862907319718,TRUE,both
729_1_cederberg,729_1_cederberg_DEB,1,Cannomois parviflora,2.786549708,2.629546314651009,14.245,0.4021559241331679,3.762,1.3026249564917394,leaf_dry_wgt_g,0.5489478932335593,TRUE,both
801_17_cederberg,801_17_cederberg_EFG,3,Rafnia capensis,2.875968992,2.565196757919359,0.7,0.6797216423317304,0.1806,0.18282601691195016,leaf_fresh_wgt_g,0.5320614440326056,TRUE,both
724_14_cederberg,724_14_cederberg_SM,5,Othonna quinquedentata,3.746388443,2.490536949509829,2.957,1.6891406045252697,0.623,0.6036082535185558,leaf_fresh_wgt_g,0.5325178828460101,TRUE,both
710_26_baviaanskloof,710_26_baviaanskloof_HK,1,Ehrharta ramosa,4.787735849,2.484021604236998,1.227,0.353330194026496,0.212,1.3435419079934252,leaf_dry_wgt_g,0.5733784728476976,TRUE,both
703_30_baviaanskloof,703_30_baviaanskloof_JL,1,Passerina obtusifolia,1.955555556,2.4752511406841697,0.133,0.1245450979383033,0.045,0.5956097449206648,leaf_dry_wgt_g,0.5829378602068748,TRUE,both
711_32_baviaanskloof,711_32_baviaanskloof_TEM,2,Chironia linoides,3.8,2.4733727816505024,0.24,0.7827692837793307,0.05,0.13750352374993477,leaf_fresh_wgt_g,0.5704908533256055,TRUE,both
723_8_cape_point,723_8_cape_point_c,3,Pelargonium gibbosum,10.2173913,2.35011190915526,0.258,0.7602622140773443,0.023,3.3281870853590445,leaf_dry_wgt_g,0.8589950095763653,TRUE,both
724_13_cederberg,724_13_cederberg_SM,8,Diosma acmaephylla,2.496143959,2.340134960831208,1.36,1.7228904089544834,0.389,1.237304130740376,leaf_fresh_wgt_g,0.5906393834842584,TRUE,both
703_3_langeberg,703_3_langeberg_EFG,2,Leucadendron spissifolium,2.398550725,2.3396826221458,0.469,0.6422229318041911,0.138,0.29661700635817456,leaf_fresh_wgt_g,0.664072258914473,TRUE,both
727_30_cape_point,727_30_cape_point_b,3,Erica subcapitata,2.813953488,2.338256562104763,0.164,0.11914726529300448,0.043,0.671767328258429,leaf_dry_wgt_g,0.5343297483166494,TRUE,both
724_9_cederberg,724_9_cederberg_SM,8,Solanum tomentosum,1.729216152,2.3380380864807266,1.149,1.0343061220373206,0.421,0.5106621028888636,leaf_fresh_wgt_g,0.6879824651743393,TRUE,both
711_1_baviaanskloof,711_1_baviaanskloof_TEM,1,Erica umbelliflora,1.46875,2.320897833167987,0.079,0.10561018796059861,0.032,0.6724253419714956,leaf_dry_wgt_g,0.5945415492834792,TRUE,both
625_10_hangklip,625_10_hangklip_EFG,4,Erica ericoides,2.220588235,2.3133296977666817,0.438,0.5507853854030685,0.136,0.1886615640238981,leaf_fresh_wgt_g,0.5680252806074209,TRUE,both
622_1_hangklip,622_1_hangklip_TEM,5,Erica cristata,1.075862069,2.3113798910230927,0.301,0.3357742207541905,0.145,0.10086168011566823,leaf_fresh_wgt_g,0.4735742576987239,TRUE,both
727_10_baviaanskloof,727_10_baviaanskloof_HK,1,Pelargonium myrrhifolium,3.666666667,2.310953507149203,0.434,1.647809066395291,0.093,0.8249132934419089,leaf_fresh_wgt_g,0.5412745168860948,TRUE,both
625_16_hangklip,625_16_hangklip_ET,9,Podalyria calyptrata,3.851851852,2.2998236329252992,0.131,0.5812868425777579,0.027,1.6880559936852597,leaf_dry_wgt_g,0.4420909304719446,TRUE,both
620_15_hangklip,620_15_hangklip_HKM,3,Chrysocoma coma-aurea,6.72,2.2822641509003345,0.193,0.6719855629585217,0.025,1.454175893185802,leaf_dry_wgt_g,0.4262810390699145,TRUE,both
724_14_cederberg,724_14_cederberg_SM,9,Othonna quinquedentata,3.422268908,2.275067654145188,2.105,1.198826594358704,0.476,0.2153376638024974,leaf_fresh_wgt_g,0.5325178828460101,TRUE,both
807_7_htr,807_7_htr_HKM,4,Felicia brevifolia,2.022222222,2.2513850495931496,0.136,0.7836820930732366,0.045,0.44745897697122117,leaf_fresh_wgt_g,0.6893913508739385,TRUE,both
804_23_htr,804_23_htr_RDG,1,Pelargonium moniliforme,9.170212766,2.2360863641286604,0.956,3.4414351893434514,0.094,2.384663850235325,leaf_fresh_wgt_g,0.48985963621763434,TRUE,both
730_1_htr,730_1_htr_RDG,1,Euchlora hirsuta,5.888888889,2.216993464094118,0.062,0.2817709684153795,0.009,0.6374299206152919,leaf_dry_wgt_g,0.5004874114226786,TRUE,both
621_34_hangklip,621_34_hangklip_CC,3,Anthochortus capensis,3.333333333,2.2109726553124744,0.091,0.29956028185890765,0.021,0.9827220085681643,leaf_dry_wgt_g,0.43878459620155974,TRUE,both
620_10_hangklip,620_10_hangklip_HKM,3,Othonna quinquedentata,13.19512195,2.203507723075526,0.582,1.2647891955679078,0.041,2.407319586118007,leaf_dry_wgt_g,0.480188670296803,TRUE,both
620_35_hangklip,620_35_hangklip_CM,4,Erica muscosa,1.5,2.198863635189243,0.055,1.1073835353735992,0.022,1.5178483048626192,leaf_dry_wgt_g,0.42609603167944643,TRUE,both
729_6_cederberg,729_6_cederberg_DEB,2,Ficinia acuminata,2.214285714,2.191458026588282,0.045,0.717600269299275,0.014,1.3423921974470778,leaf_dry_wgt_g,0.41694110211368,TRUE,both
818_42_htr,818_42_htr_EPO,1,Heliophila pinnata,4.5,2.1774193550143077,0.022,0.37196877738695766,0.004,0.4594316186372972,leaf_dry_wgt_g,0.496900846834292,TRUE,both
723_30_cape_point,723_30_cape_point_a,2,Erica coccinea,0.842105263,2.152046782265757,0.035,0.12928301694496647,0.019,0.27563444261342734,leaf_dry_wgt_g,0.516883249682413,TRUE,both
724_14_cederberg,724_14_cederberg_SM,1,Othonna quinquedentata,3.229845626,2.1471478452256436,2.466,1.4271791608077846,0.583,0.5078719736950503,leaf_fresh_wgt_g,0.5325178828460101,TRUE,both
629_6_hangklip,629_6_hangklip_EFG,2,Kiggelaria africana,2.686956522,2.1210908180241184,0.424,0.8607941810190647,0.115,1.5807747037577224,leaf_dry_wgt_g,0.39837283597164563,TRUE,both
803_19_cape_point,803_19_cape_point_b,3,Erica ericoides,1.8,2.1158290115870333,0.084,0.38904229074589924,0.03,1.0817940911636474,leaf_dry_wgt_g,0.412748423503434,TRUE,both
704_12_langeberg,704_12_langeberg_TEM,4,Ficinia zeyheri,3.5,2.1119453924972342,0.09,0.43295940727610627,0.02,1.1699250014423124,leaf_dry_wgt_g,0.4357753658294475,TRUE,both
821_14_htr,821_14_htr_RDG,2,Septulina glauca,2.626943005,2.068833482891963,1.82,0.5635218225870977,0.5018,0.14355453687780192,leaf_fresh_wgt_g,0.5108194983131121,TRUE,both
625_11_hangklip,625_11_hangklip_ET,5,Gnidia oppositifolia,2.736842105,2.0258475374892577,0.142,1.0597062461242677,0.038,1.7407571733285805,leaf_dry_wgt_g,0.5196567622338776,TRUE,both
723_29_cape_point,723_29_cape_point_a,1,Helichrysum patulum,3.428571429,2.0168067229411766,0.031,0.19930880822340666,0.007,0.5145731728297583,leaf_dry_wgt_g,0.476656938928332,TRUE,both
620_12_hangklip,620_12_hangklip_HKM,5,Chaenostoma hispidum,5.944444444,2.0153655512803432,0.25,0.5521563556379147,0.036,0.2563397532597855,leaf_fresh_wgt_g,0.3922210355198515,TRUE,both
818_41_htr,818_41_htr_EPO,1,Gymnodiscus capillaris,23.66666667,2.0099079974522294,0.148,1.4150374992788437,0.006,0.41503749927884376,leaf_fresh_wgt_g,0.5040596719444969,TRUE,both
710_44_baviaanskloof,710_44_baviaanskloof_HK,1,Ficinia nigrescens,1.25,2.0048701310808634,0.144,0.035498681221386,0.064,0.4346282276367245,leaf_dry_wgt_g,0.43470127238893314,TRUE,both
723_29_cape_point,723_29_cape_point_a,2,Helichrysum patulum,1.7,0.4958333332713542,0.027,0.19930880822340666,0.01,0.5145731728297582,leaf_dry_wgt_g,0.476656938928332,TRUE,both
703_18_langeberg,703_18_langeberg_EFG,4,Restio stokoei,1.020319303,0.4935697962189121,1.392,1.0504116256461784,0.689,0.04141992737998078,leaf_fresh_wgt_g,1.0859331632388578,TRUE,both
702_17_baviaanskloof,702_17_baviaanskloof_DEB,2,Anthospermum galioides,1.929824561,0.4901927685250224,0.167,0.021760518738811022,0.057,0.4405725913859814,leaf_dry_wgt_g,0.6513245520854829,TRUE,both
703_18_baviaanskloof,703_18_baviaanskloof_JL,1,Anthospermum aethiopicum,1.551724138,0.4747050816619012,0.148,0.3514723705013778,0.058,1.0766212816029126,leaf_dry_wgt_g,0.39615629374979366,TRUE,both
727_10_baviaanskloof,727_10_baviaanskloof_HK,3,Pelargonium myrrhifolium,1.302325581,0.470354481647761,0.099,1.628031222613042,0.043,0.8498596505721396,leaf_fresh_wgt_g,0.5412745168860948,TRUE,both
712_22_baviaanskloof,712_22_baviaanskloof_JL,1,Asparagus africanus,0.771428571,0.46673081932776544,0.124,0.2817709684153795,0.07,0.8624964762500652,leaf_dry_wgt_g,0.42327095770347695,TRUE,both
724_14_cederberg,724_14_cederberg_SM,2,Othonna quinquedentata,1.504249292,0.4657341143152208,0.884,1.2517019585623268,0.353,0.288019685817918,leaf_fresh_wgt_g,0.5325178828460101,TRUE,both
723_30_cape_point,723_30_cape_point_a,1,Erica coccinea,0.391304348,0.4646739133371264,0.032,0.1292830169449665,0.023,0.27563444261342734,leaf_dry_wgt_g,0.516883249682413,TRUE,both
816_21_cape_point,816_21_cape_point_c,1,Erica axillaris,1.176056338,0.4626184847328771,0.309,0.438573013739633,0.142,0.8368641642203266,leaf_dry_wgt_g,0.8760804550132016,TRUE,both
725_29_cape_point,725_29_cape_point_c,2,Stoebe scabra,0.611111111,0.45963912623793646,0.029,1.3708376953683086,0.018,0.8744691179161412,leaf_fresh_wgt_g,0.4113931774441813,TRUE,both
824_3_htr,824_3_htr_RDG,1,Leysera tenella,0.94865811,0.4582655151416366,0.167,0.3780797432801742,0.0857,1.0152309395493007,leaf_dry_wgt_g,0.39104582606231064,TRUE,both
703_30_baviaanskloof,703_30_baviaanskloof_JL,3,Passerina obtusifolia,0.651515152,0.4517936660822859,0.109,0.29790486568084623,0.066,0.19890406841407826,leaf_fresh_wgt_g,0.5829378602068748,TRUE,both
708_17_baviaanskloof,708_17_baviaanskloof_KE,3,Andropogon appendiculatus,1.372727273,0.44901678669419365,0.261,0.5891141439916238,0.11,1.181446871337532,leaf_dry_wgt_g,0.6601611005430389,TRUE,both
818_53_htr,818_53_htr_EPO,3,Pentameris pallida,2.909090909,0.4366995590902812,0.043,0.6181293646563558,0.011,0.289506617194985,leaf_fresh_wgt_g,0.4230256531110818,TRUE,both
725_20_cape_point,725_20_cape_point_c,1,Elegia stipularis,0.695507488,0.4337232355149341,3.057,0.42526566977819724,1.803,0.20608161843267725,leaf_fresh_wgt_g,0.4076597843170894,TRUE,both
703_14_langeberg,703_14_langeberg_EFG,2,Euclea polyandra,0.396551724,0.4320322705294894,0.243,0.4209867656100302,0.174,0.9591277185844719,leaf_dry_wgt_g,0.3916898689225955,TRUE,both
724_13_cederberg,724_13_cederberg_SM,2,Diosma acmaephylla,1.066666667,0.42732578109290054,0.341,0.36444920051118573,0.165,0.12553088208385882,leaf_fresh_wgt_g,0.5906393834842584,TRUE,both
724_14_cederberg,724_14_cederberg_SM,6,Othonna quinquedentata,1.378016086,0.4266507584471159,0.887,1.2468142236526947,0.373,0.20851223883386039,leaf_fresh_wgt_g,0.5325178828460101,TRUE,both
724_13_cederberg,724_13_cederberg_SM,3,Diosma acmaephylla,1.054794521,0.42256958666060657,0.3,0.5492584390394774,0.146,0.30202853744965746,leaf_fresh_wgt_g,0.5906393834842584,TRUE,both
724_13_cederberg,724_13_cederberg_SM,6,Diosma acmaephylla,1.03960396,0.41648397571447926,0.412,0.09157660235213988,0.202,0.29188926850597907,leaf_dry_wgt_g,0.5906393834842584,TRUE,both
821_14_htr,821_14_htr_RDG,1,Septulina glauca,0.869866323,0.40490754751322106,1.161,0.42710256511234235,0.6209,0.32766122442379364,leaf_fresh_wgt_g,0.5108194983131121,TRUE,both
724_13_cederberg,724_13_cederberg_SM,10,Diosma acmaephylla,1.005555556,0.4028435749366169,0.361,0.28222210264818726,0.18,0.12553088208385882,leaf_fresh_wgt_g,0.5906393834842584,TRUE,both
724_13_cederberg,724_13_cederberg_SM,9,Diosma acmaephylla,1,0.40061791964940113,0.3,0.5492584390394774,0.15,0.2630344058337938,leaf_fresh_wgt_g,0.5906393834842584,TRUE,both
724_14_cederberg,724_14_cederberg_SM,10,Othonna quinquedentata,1.281437126,0.3967487225038043,0.762,1.4659573304604363,0.334,0.3678397666150458,leaf_fresh_wgt_g,0.5325178828460101,TRUE,both
818_41_htr,818_41_htr_EPO,3,Gymnodiscus capillaris,7.8,0.3957716701568058,0.044,1.288761230952163,0.005,0,leaf_fresh_wgt_g,0.5040596719444969,TRUE,both
716_4_baviaanskloof,716_4_baviaanskloof_DEB,3,Smelophyllum capense,0.76290631,0.3896523051121556,0.922,0.09535697391440055,0.523,0.4741610815750133,leaf_dry_wgt_g,0.9253433207908116,TRUE,both
724_14_cederberg,724_14_cederberg_SM,7,Othonna quinquedentata,1.236585366,0.38286206499951153,0.917,1.198826594358704,0.41,0.07206395958365211,leaf_fresh_wgt_g,0.5325178828460101,TRUE,both
705_24_langeberg,705_24_langeberg_CM,4,Corymbium glabrum,0.520694259,0.3784641872424494,1.139,0.23446525363702297,0.749,0.6524895045488093,leaf_dry_wgt_g,0.9115937409026031,TRUE,both
724_4_cederberg,724_4_cederberg_SM,2,Ficinia bulbosa,0.559210526,0.37124060127539965,0.711,1.5137038175513344,0.456,2.2937312030567103,leaf_dry_wgt_g,0.5729862907319718,TRUE,both
727_21_cape_point,727_21_cape_point_b,2,Pentameris curvifolia,0.491176471,0.3702105991906083,0.507,0.911700474250835,0.34,1.5452047914834217,leaf_dry_wgt_g,0.46266177965311855,TRUE,both
625_10_hangklip,625_10_hangklip_EFG,2,Erica ericoides,0.460606061,0.36827229735009703,0.241,0.4180275418846555,0.165,0.20645087746742652,leaf_fresh_wgt_g,0.5680252806074209,TRUE,both
724_15_cederberg,724_15_cederberg_SM,7,Aspalathus polycephala,0.941176471,0.3653979240009037,0.099,2.8382489300033877,0.051,1.6495027529158668,leaf_fresh_wgt_g,0.6584355566416954,TRUE,both
724_4_cederberg,724_4_cederberg_SM,1,Ficinia bulbosa,0.545454545,0.362108479435524,0.595,1.2567439261272249,0.385,2.0495558244742322,leaf_dry_wgt_g,0.5729862907319718,TRUE,both
703_18_langeberg,703_18_langeberg_EFG,2,Restio stokoei,0.786585366,0.36014314233787914,0.293,3.488895742972502,0.164,2.364401608183302,leaf_fresh_wgt_g,1.0859331632388578,TRUE,both
729_8_cederberg,729_8_cederberg_DEB,9,Ruschia aspera,1.669064748,0.34987267915445996,0.371,1.6520766965796931,0.139,0.7452450719307726,leaf_fresh_wgt_g,0.7020577727383197,TRUE,both
716_4_baviaanskloof,716_4_baviaanskloof_DEB,2,Smelophyllum capense,0.690376569,0.3461956398125365,0.808,0.3669280795267135,0.478,0.26062187175840257,leaf_fresh_wgt_g,0.9253433207908116,TRUE,both
724_14_cederberg,724_14_cederberg_SM,4,Othonna quinquedentata,1.117647059,0.3460372997405914,0.468,2.169239798370354,0.221,0.9636414996976665,leaf_fresh_wgt_g,0.5325178828460101,TRUE,both
824_10_htr,824_10_htr_RDG,3,Hermannia althaeifolia,0.355140187,0.34420346323348966,0.609,0.18745365441727038,0.4494,0.40650207996771887,leaf_dry_wgt_g,0.5150789892628339,TRUE,both
820_13_htr,820_13_htr_MAL,1,Arctotheca calendula,3.299212598,0.3440306104617445,0.546,1.869054267167311,0.127,0.47074693186513145,leaf_fresh_wgt_g,0.512898351501607,TRUE,both
816_21_cape_point,816_21_cape_point_c,2,Erica axillaris,0.892857143,0.33268729989574186,0.212,0.3832152156715077,0.112,0.24511249783653138,leaf_fresh_wgt_g,0.8760804550132016,TRUE,both
711_1_baviaanskloof,711_1_baviaanskloof_TEM,3,Erica umbelliflora,0.386363636,0.32909174316812545,0.061,0.6238515141147511,0.044,0.0324214776923775,leaf_fresh_wgt_g,0.5945415492834792,TRUE,both
703_18_langeberg,703_18_langeberg_EFG,1,Restio stokoei,0.707964602,0.32414612253066755,0.579,2.5062330594055133,0.339,1.3168121496650418,leaf_fresh_wgt_g,1.0859331632388578,TRUE,both
620_9_hangklip,620_9_hangklip_HKM,2,Carpobrotus acinaciformis,1.464404894,0.3206318119560411,4.431,0.14279207704144112,1.798,0.8792244133197328,leaf_dry_wgt_g,0.9063685481078692,TRUE,both
724_4_cederberg,724_4_cederberg_SM,8,Ficinia bulbosa,0.482866044,0.3205581300342576,0.476,0.9348158312398626,0.321,1.7872706760142718,leaf_dry_wgt_g,0.5729862907319718,TRUE,both
724_4_cederberg,724_4_cederberg_SM,6,Ficinia bulbosa,0.479411765,0.31826495321924714,0.503,1.014412657737446,0.34,1.8702321250296705,leaf_dry_wgt_g,0.5729862907319718,TRUE,both
629_3_hangklip,629_3_hangklip_EFG,2,Elegia capensis,0.351955307,0.31483589648192767,0.242,0.26353111612993435,0.179,0.3545327603192899,leaf_dry_wgt_g,0.41469192550721795,TRUE,both
724_4_cederberg,724_4_cederberg_SM,4,Ficinia bulbosa,0.468864469,0.31126296679943216,0.802,1.6874564943868393,0.546,2.553598329811821,leaf_dry_wgt_g,0.5729862907319718,TRUE,both
723_15_cape_point,723_15_cape_point_c,1,Diastella divaricata,1.380952381,0.3087843833100134,0.05,1.713695814843359,0.021,0.36257007938470803,leaf_fresh_wgt_g,0.737628459137144,TRUE,both
724_15_cederberg,724_15_cederberg_SM,1,Aspalathus polycephala,0.784313725,0.30449826967722365,0.091,2.9598109098843013,0.051,1.6495027529158668,leaf_fresh_wgt_g,0.6584355566416954,TRUE,both
724_15_cederberg,724_15_cederberg_SM,2,Aspalathus polycephala,0.783333333,0.3041176469007889,0.107,2.7261385636818507,0.06,1.415037499278844,leaf_fresh_wgt_g,0.6584355566416954,TRUE,both
724_15_cederberg,724_15_cederberg_SM,5,Aspalathus polycephala,0.777777778,0.3019607843715802,0.08,3.145677455195635,0.045,1.8300749985576876,leaf_fresh_wgt_g,0.6584355566416954,TRUE,both
803_15_cape_point,803_15_cape_point_b,1,Robsonodendron maritimum,0.590106007,0.30086517164326587,0.9,0.19954148220841053,0.566,0.7079467006946683,leaf_dry_wgt_g,0.5415339465890235,TRUE,both
620_9_hangklip,620_9_hangklip_HKM,3,Carpobrotus acinaciformis,1.328799809,0.2909410452205927,9.76,1.1220948696448219,4.191,2.1001259139359045,leaf_dry_wgt_g,0.9063685481078692,TRUE,both
806_20_htr,806_20_htr_EPO,3,Stipagrostis namaquensis,0.211111111,0.29090465036512747,0.109,1.2514064035809545,0.09,0.7981657506029436,leaf_fresh_wgt_g,0.5118842552133311,TRUE,both
724_15_cederberg,724_15_cederberg_SM,4,Aspalathus polycephala,0.74,0.2872941176200194,0.087,3.0246620542342693,0.05,1.6780719051126376,leaf_fresh_wgt_g,0.6584355566416954,TRUE,both
805_8_htr,805_8_htr_MAL,3,Pteronia glabrata,8.880597015,0.28703202888272217,0.662,1.7309600432235486,0.067,0.042435266320396646,leaf_fresh_wgt_g,0.5472891542658648,TRUE,both
819_93_htr,819_93_htr_RDG,2,Anthospermum aethiopicum,1.620253165,0.27246848192644474,0.207,0.6436384080487636,0.079,1.2163179069267633,leaf_dry_wgt_g,1.1441361376424013,TRUE,both
804_16_cape_point,804_16_cape_point_a,2,Roella triflora,0.333333333,0.2533333330192,0.024,1.8744691179161408,0.018,1.0780025120012733,leaf_fresh_wgt_g,1.7753158074260325,TRUE,both
802_1_cederberg,802_1_cederberg_JL,4,Asparagus retrofractus,0.484085862,0.24260996124556528,0.401,0.7226459228491395,0.2702,1.7273866173541887,leaf_dry_wgt_g,0.4383639101359817,TRUE,both
807_7_htr,807_7_htr_HKM,3,Felicia brevifolia,0.357142857,0.24053339327551213,0.038,1.2598671267551107,0.028,0.5676845092893205,leaf_fresh_wgt_g,0.6893913508739385,TRUE,both
819_93_htr,819_93_htr_RDG,1,Anthospermum aethiopicum,1.438596491,0.23828082552248844,0.139,0.2604372943477544,0.057,0.3410369178350672,leaf_dry_wgt_g,1.1441361376424013,TRUE,both
721_10_baviaanskloof,721_10_baviaanskloof_HK,3,Crassula biplanata,7.297297297,0.22823226791805007,0.307,2.200407427227085,0.037,0.49098635251214257,leaf_fresh_wgt_g,1.4121983537006801,TRUE,both
709_22_baviaanskloof,709_22_baviaanskloof_TEM,1,Senecio linifolius,9.810344828,0.21690673982629652,0.627,1.664417512257041,0.058,0.21412480535284734,leaf_fresh_wgt_g,1.2385269619165729,TRUE,both
729_8_cederberg,729_8_cederberg_DEB,6,Ruschia aspera,1.014634146,0.2126896319918066,0.826,0.497354101781051,0.41,0.9312872499159857,leaf_dry_wgt_g,0.7020577727383197,TRUE,both
709_22_baviaanskloof,709_22_baviaanskloof_TEM,3,Senecio linifolius,9.237288136,0.2029507336951807,0.604,1.7266580174195487,0.059,0.2532864292822315,leaf_fresh_wgt_g,1.2385269619165729,TRUE,both
729_8_cederberg,729_8_cederberg_DEB,8,Ruschia aspera,0.96692607,0.20268897001184094,1.011,0.20578479129748187,0.514,1.257431699604418,leaf_dry_wgt_g,0.7020577727383197,TRUE,both
723_1_cape_point,723_1_cape_point_c,2,Struthiola ciliata,0.35483871,0.20236346236227973,0.042,0.6076825772212398,0.031,0.3103401206121505,leaf_fresh_wgt_g,0.8256133659872855,TRUE,both
703_3_langeberg,703_3_langeberg_EFG,4,Leucadendron spissifolium,0.242937853,0.19096271415102453,0.22,0.7789731206877817,0.177,0.2387868595871162,leaf_fresh_wgt_g,0.664072258914473,TRUE,both
729_8_cederberg,729_8_cederberg_DEB,5,Ruschia aspera,0.909090909,0.1905654482894832,0.273,2.0945949322806436,0.143,0.7043148078758908,leaf_fresh_wgt_g,0.7020577727383197,TRUE,both
810_19_cape_point,810_19_cape_point_b,3,Schoenus exilis,0.184782609,0.1869312440122819,0.109,1.376473918054956,0.092,0.3953012812175816,leaf_fresh_wgt_g,0.5654862065447969,TRUE,both
721_20_cape_point,721_20_cape_point_b,2,Elegia filacea,0.255813953,0.18577843272408323,0.108,0.7803878744573346,0.086,0.14086253583984942,leaf_fresh_wgt_g,0.6453980159480465,TRUE,both
729_8_cederberg,729_8_cederberg_DEB,10,Ruschia aspera,0.882067851,0.18490082101080177,1.165,0.001237833658853792,0.619,1.5256027496248044,leaf_dry_wgt_g,0.7020577727383197,TRUE,both
725_48_cape_point,725_48_cape_point_c,3,Lobelia pinifolia,2.541666667,0.17380332143798283,0.085,2.2016338611696504,0.024,0.29768054864068516,leaf_fresh_wgt_g,1.3681948251991465,TRUE,both
723_14_cape_point,723_14_cape_point_c,3,Penaea mucronata,1.086956522,0.1524508611853119,0.048,2.6558288314408007,0.023,0.5849625007211563,leaf_fresh_wgt_g,1.4062603313266981,TRUE,both
701_13_baviaanskloof,701_13_baviaanskloof_KE,3,Aristida congesta,1,0.13880855986440277,0.046,1.0310268956206246,0.023,0.4360991148066733,leaf_fresh_wgt_g,1.4442793024379545,TRUE,both
729_24_cape_point,729_24_cape_point_b,2,Passerina corymbosa,0.112676056,0.1332429061494166,0.158,1.3201007418363557,0.142,0.5917198668964649,leaf_fresh_wgt_g,0.7040466073160302,TRUE,both
702_45_baviaanskloof,702_45_baviaanskloof_DEB,1,Dodonaea viscosa,1.734177215,0.12924137543312458,0.216,3.257387842692652,0.079,1.0493660773209796,leaf_fresh_wgt_g,1.4375146995406705,TRUE,both
725_48_cape_point,725_48_cape_point_c,2,Lobelia pinifolia,1.914285714,0.1281530185233292,0.102,1.906890595608519,0.035,0.5443205162238104,leaf_fresh_wgt_g,1.3681948251991465,TRUE,both
721_28_cape_point,721_28_cape_point_b,2,Tetraria flexuosa,1.933333333,0.12688543463360627,0.132,2.104082462819824,0.045,0.4739311883324124,leaf_fresh_wgt_g,1.4590647436196886,TRUE,both
813_8_htr,813_8_htr_MAL,2,Asparagus capensis,1.252525253,0.12199921295652597,0.223,0.29310525972160856,0.099,1.219965683941908,leaf_dry_wgt_g,1.4475481057255097,TRUE,both
721_42_cape_point,721_42_cape_point_b,2,Metalasia muricata,1.333333333,0.11598224993166217,0.112,2.7356768981976334,0.048,0.4037221860510097,leaf_fresh_wgt_g,1.489317520621417,TRUE,both
723_14_cape_point,723_14_cape_point_c,2,Penaea mucronata,0.838709677,0.1156202299313245,0.057,2.38627850629742,0.031,0.02345897282398896,leaf_fresh_wgt_g,1.4062603313266981,TRUE,both
729_22_cape_point,729_22_cape_point_b,3,Leucadendron coniferum,1.565217391,0.11482925377684561,0.118,2.5890321650302033,0.046,0.5849625007211563,leaf_fresh_wgt_g,1.4874447321487767,TRUE,both
702_45_baviaanskloof,702_45_baviaanskloof_DEB,3,Dodonaea viscosa,1.505319149,0.1112368663493747,0.471,2.040769605802298,0.188,0.7864045269007109,leaf_fresh_wgt_g,1.4375146995406705,TRUE,both
813_8_htr,813_8_htr_MAL,1,Asparagus capensis,1.133333333,0.10975251879528593,0.16,0.41616416473312795,0.075,0.4606343657189543,leaf_dry_wgt_g,1.4475481057255097,TRUE,both
726_10_baviaanskloof,726_10_baviaanskloof_ASH,4,Cotyledon woodii,1.5,0.09664780148187459,1.105,1.145788095560802,0.442,1.578449193762482,leaf_dry_wgt_g,0.5885029688945818,TRUE,both
701_13_baviaanskloof,701_13_baviaanskloof_KE,2,Aristida congesta,0.708333333,0.09637188204081633,0.041,1.2349050326499966,0.024,0.5405683813627028,leaf_fresh_wgt_g,1.4442793024379545,TRUE,both
721_28_cape_point,721_28_cape_point_b,3,Tetraria flexuosa,1.473684211,0.0952813067467164,0.235,1.1347103088582544,0.095,1.3410369178350672,leaf_dry_wgt_g,1.4590647436196886,TRUE,both
729_22_cape_point,729_22_cape_point_b,1,Leucadendron coniferum,1.150537634,0.08314236001053599,0.2,1.7420062108667362,0.093,1.031364170909335,leaf_fresh_wgt_g,1.4874447321487767,TRUE,both
804_18_cape_point,804_18_cape_point_a,2,Pentameris curvifolia,0.68,0.08237669456119402,0.084,2.3906807861416532,0.05,0.3400754415976219,leaf_fresh_wgt_g,1.5740919540948324,TRUE,both
721_42_cape_point,721_42_cape_point_b,3,Metalasia muricata,0.941176471,0.08049685206691004,0.132,2.4791678366985592,0.068,0.3459958548491926,leaf_fresh_wgt_g,1.489317520621417,TRUE,both
721_10_baviaanskloof,721_10_baviaanskloof_HK,1,Crassula biplanata,1.612903226,0.04632740538111915,0.162,3.1949392085956423,0.062,0.6504155622097723,leaf_fresh_wgt_g,1.4121983537006801,TRUE,both
804_18_cape_point,804_18_cape_point_a,3,Pentameris curvifolia,0.366666667,0.04359148555427845,0.041,3.4941970367979738,0.03,0.7224660244710913,leaf_fresh_wgt_g,1.5740919540948324,TRUE,both
723_8_cape_point,723_8_cape_point_c,2,Pelargonium gibbosum,0.123809524,0.013179063384507339,0.472,0.5163208351160253,0.42,3.691877704637668,leaf_dry_wgt_g,0.8589950095763653,TRUE,both
730_13_cederberg,730_13_cederberg_JS,4,Anthonya contracta,2.542372881,2.093243286745204,0.209,0.5918488863063961,0.059,1.1672055000887205,leaf_dry_wgt_g,0.3855729879107199,FALSE,ratio_only
620_38_hangklip,620_38_hangklip_CM,1,Asparagus lignosus,0.88372093,0.49952577857378516,0.081,0.6259342817774622,0.043,0.15869774601905837,leaf_fresh_wgt_g,0.3183271279619932,FALSE,ratio_only
811_20_cape_point,811_20_cape_point_c,3,Erica gnaphaloides,0.53125,0.49461206899962845,0.049,0.38529015588479176,0.032,0.045803689613124754,leaf_fresh_wgt_g,0.3605674830560549,FALSE,ratio_only
731_5_cederberg,731_5_cederberg_SM,1c,Ficinia brevifolia,2.08617032,0.493773646212721,6.11,1.010902626535,1.9798,1.8174829881434833,leaf_dry_wgt_g,0.33546323598495803,FALSE,ratio_only
725_33_cape_point,725_33_cape_point_c,3,Cliffortia filifolia,0.764705882,0.4933586335483871,0.03,0.09310940439148147,0.017,0.44360665147561484,leaf_dry_wgt_g,0.35408007397370844,FALSE,ratio_only
731_23_cederberg,731_23_cederberg_SM,3,Ehrharta calycina,1.083333333,0.49160671449607773,0.15,0.2710271965873245,0.072,0.34974603902712464,leaf_dry_wgt_g,0.25584171888548973,FALSE,ratio_only
622_31_hangklip,622_31_hangklip_TEM,5,Brunia fragarioides,0.608108108,0.4910773350453898,0.238,0.23960855691298288,0.148,0.2728154266263793,leaf_dry_wgt_g,0.2598914562906976,FALSE,ratio_only
701_5_baviaanskloof,701_5_baviaanskloof_KE,3,Megathyrsus maximus,1.05,0.4909090908835892,0.082,0.4626269577971038,0.04,0.15200309344505006,leaf_fresh_wgt_g,0.36253174667390864,FALSE,ratio_only
621_9_hangklip,621_9_hangklip_CC,2,Lobelia capillifolia,1.083333333,0.49058029988348356,0.35,0.2913397750539394,0.168,0.8687554667217475,leaf_dry_wgt_g,0.33488724167607564,FALSE,ratio_only
731_4_htr,731_4_htr_HKM,3,Tenaxia stricta,0.381944444,0.483309178046743,0.199,0.5021983003227226,0.144,0.8661442532652094,leaf_dry_wgt_g,0.3639488649986055,FALSE,ratio_only
726_31_cederberg,726_31_cederberg_EFG,4,Cannomois virgata,0.348623853,0.46947887428408686,0.882,0.037935985392647247,0.654,0.22515250452168872,leaf_dry_wgt_g,0.3270775073775577,FALSE,ratio_only
814_9_cape_point,814_9_cape_point_a,4,Restio eleocharis,0.484899329,0.46550335569103884,0.885,1.1426811069980254,0.596,0.7233459848770782,leaf_fresh_wgt_g,0.3218583362470308,FALSE,ratio_only
725_21_cederberg,725_21_cederberg_JL,3,Pentameris macrocalycina,0.256544503,0.44987173584758505,0.24,0.4474589769712214,0.191,0.6947857786739076,leaf_dry_wgt_g,0.32321751381788516,FALSE,ratio_only
821_6_htr,821_6_htr_RDG,1,Lachenalia obscura,2.709981168,0.4461993268326902,0.197,0.835329059616159,0.0531,0.08102449685338156,leaf_fresh_wgt_g,0.3222809525202276,FALSE,ratio_only
625_7_hangklip,625_7_hangklip_EFG,4,Crassula capensis,5.62745098,0.445563166948773,0.338,0.4256690510087304,0.051,0.5639008851933263,leaf_dry_wgt_g,0.38339166997293955,FALSE,ratio_only
808_5_htr,808_5_htr_EPO,2,Ifloga glomerata,1.066666667,0.4423280423907932,0.062,0.03533307311228058,0.03,0.7776075786635518,leaf_dry_wgt_g,0.3215648942728984,FALSE,ratio_only
726_20_cederberg,726_20_cederberg_EFG,5,Erica verecunda,0.328571429,0.4410641993997671,0.372,0.3894116916033491,0.28,0.7717310123268831,leaf_dry_wgt_g,0.28074031107363,FALSE,ratio_only
629_14_hangklip,629_14_hangklip_EFG,4,Helichrysum patulum,1.208333333,0.4369083351053446,0.106,0.2720795454368008,0.048,0.6076825772212396,leaf_dry_wgt_g,0.30929692624052135,FALSE,ratio_only
622_8_hangklip,622_8_hangklip_TEM,4,Adenandra villosa,0.981132075,0.42852531420477324,0.105,0.37321732358421694,0.053,0.3356030317844391,leaf_fresh_wgt_g,0.3087504089834194,FALSE,ratio_only
628_16_hangklip,628_16_hangklip_HKM,1,Restio curviramis,0.24375,0.4104193800263609,0.199,0.5630477242927157,0.16,0.2705289423807182,leaf_fresh_wgt_g,0.33165622402011674,FALSE,ratio_only
627_9_hangklip,627_9_hangklip_CM,6,Grubbia tomentosa,0.292857143,0.400100603754914,0.181,0.7528195453670434,0.14,0.36257007938470803,leaf_fresh_wgt_g,0.3014111771883313,FALSE,ratio_only
710_5_langeberg,710_5_langeberg_CM,4,Cullumia aculeata,0.751269036,0.39994047482055395,0.345,0.6221154991386224,0.197,0.24267345238511437,leaf_fresh_wgt_g,0.3794634781218356,FALSE,ratio_only
806_22_htr,806_22_htr_EPO,4,Cephalophyllum framesii,1.732718894,0.37424875811830044,0.593,0.1921888416952302,0.217,0.778557657750169,leaf_dry_wgt_g,0.3724460566466922,FALSE,ratio_only
710_11_langeberg,710_11_langeberg_CM,2,Pentameris eriostoma,0.234624146,0.3708688072746273,0.542,0.2950614890346803,0.439,0.03998486991486785,leaf_fresh_wgt_g,0.3360986937663557,FALSE,ratio_only
812_28_cape_point,812_28_cape_point_a,3,Watsonia meriana,0.735159817,0.319708055747761,0.38,3.364203786569846,0.219,2.458832617158529,leaf_fresh_wgt_g,0.34192954933528846,FALSE,ratio_only
