trait_flagged,sample_id,NewUID,replicate,ScientificName_WFO,lma,leaf_thickness_mm,fwc,leaf_length_cm,avg_leaf_width_cm
lma,815_21_htr_BHR,815_21_htr,1,Tenaxia stricta,0.181609195,NA,NA,NA,NA
lma,815_21_htr_BHR,815_21_htr,3,Tenaxia stricta,0.213397129,NA,NA,NA,NA
lma,815_21_htr_BHR,815_21_htr,2,Tenaxia stricta,0.209589041,NA,NA,NA,NA
lma,815_22_htr_BHR,815_22_htr,2,Tribolium uniolae,0.169565217,NA,NA,NA,NA
lma,621_28_hangklip_CC,621_28_hangklip,5,Restio dispar,0.154971838,NA,NA,NA,NA
lma,710_10_langeberg_CM,710_10_langeberg,2,Thamnochortus karooica,0.168317092,NA,NA,NA,NA
lma,710_10_langeberg_CM,710_10_langeberg,1,Thamnochortus karooica,0.163573086,NA,NA,NA,NA
lma,710_10_langeberg_CM,710_10_langeberg,4,Thamnochortus karooica,0.151289063,NA,NA,NA,NA
lma,710_18_langeberg_CM,710_18_langeberg,4,Restio hystrix,0.152827381,NA,NA,NA,NA
lma,710_7_langeberg_CM,710_7_langeberg,4,Willdenowia bolusii,0.160127192,NA,NA,NA,NA
lma,729_1_cederberg_DEB,729_1_cederberg,2,Cannomois parviflora,0.185405187,NA,NA,NA,NA
lma,729_1_cederberg_DEB,729_1_cederberg,3,Cannomois parviflora,0.172410837,NA,NA,NA,NA
lma,729_1_cederberg_DEB,729_1_cederberg,5,Cannomois parviflora,0.159389055,NA,NA,NA,NA
lma,729_11_cederberg_DEB,729_11_cederberg,1,Protea glabra,0.33826087,NA,NA,NA,NA
lma,706_13_langeberg_EFG,706_13_langeberg,3,Elegia galpinii,0.244976077,NA,NA,NA,NA
lma,801_18_cederberg_EFG,801_18_cederberg,1,Bobartia rufa,0.156259649,NA,NA,NA,NA
lma,801_18_cederberg_EFG,801_18_cederberg,3,Bobartia rufa,0.153638622,NA,NA,NA,NA
lma,801_18_cederberg_EFG,801_18_cederberg,4,Bobartia rufa,0.150445779,NA,NA,NA,NA
lma,818_47_htr_EPO,818_47_htr,3,Stipagrostis zeyheri,0.316981132,NA,NA,NA,NA
lma,620_9_hangklip_HKM,620_9_hangklip,3,Carpobrotus acinaciformis,0.276086957,NA,NA,NA,NA
lma,620_9_hangklip_HKM,620_9_hangklip,2,Carpobrotus acinaciformis,0.234725849,NA,NA,NA,NA
lma,708_14_baviaanskloof_KE,708_14_baviaanskloof,2,Rhodocoma fruticosa,0.165627166,NA,NA,NA,NA
lma,804_16_htr_RDG,804_16_htr,3,Pelargonium articulatum,0.001346154,NA,NA,NA,NA
lma,824_20_htr_RDG,824_20_htr,3L,Thesium horridum,0.15336,NA,NA,NA,NA
lma,704_1_langeberg_TEM,704_1_langeberg,3,Elegia mucronata,0.155135836,NA,NA,NA,NA
lma,704_1_langeberg_TEM,704_1_langeberg,1,Elegia mucronata,0.158935111,NA,NA,NA,NA
lma,704_1_langeberg_TEM,704_1_langeberg,4,Elegia mucronata,0.167540363,NA,NA,NA,NA
lma,705_1_baviaanskloof_TEM,705_1_baviaanskloof,3,Aloe ferox,0.313484127,NA,NA,NA,NA
lma,705_1_baviaanskloof_TEM,705_1_baviaanskloof,1,Aloe ferox,0.220159375,NA,NA,NA,NA
lma,705_1_baviaanskloof_TEM,705_1_baviaanskloof,2,Aloe ferox,0.185561111,NA,NA,NA,NA
lma,709_23_baviaanskloof_TEM,709_23_baviaanskloof,3,Aloe comptonii,0.163833333,NA,NA,NA,NA
lma,725_45_cape_point_c,725_45_cape_point,3,Macrostylis villosa,0.465408805,NA,NA,NA,NA
lma,811_10_cape_point_c,811_10_cape_point,2,Cliffortia atrata,0.200716846,NA,NA,NA,NA
leaf_thickness_mm,621_37_hangklip_CC,621_37_hangklip,1,Erica perspicua,NA,0.017,NA,NA,NA
leaf_thickness_mm,621_37_hangklip_CC,621_37_hangklip,5,Erica perspicua,NA,0.012,NA,NA,NA
leaf_thickness_mm,708_14_langeberg_EFG,708_14_langeberg,4,Stoebe cinerea,NA,0.012,NA,NA,NA
leaf_thickness_mm,708_14_langeberg_EFG,708_14_langeberg,2,Stoebe cinerea,NA,0.015,NA,NA,NA
leaf_thickness_mm,628_11_hangklip_HKM,628_11_hangklip,1,Erica rigidula,NA,0.01,NA,NA,NA
leaf_thickness_mm,628_11_hangklip_HKM,628_11_hangklip,2,Erica rigidula,NA,0.01,NA,NA,NA
leaf_thickness_mm,628_11_hangklip_HKM,628_11_hangklip,5,Erica rigidula,NA,0.01,NA,NA,NA
leaf_thickness_mm,628_11_hangklip_HKM,628_11_hangklip,4,Erica rigidula,NA,0.01,NA,NA,NA
leaf_thickness_mm,628_11_hangklip_HKM,628_11_hangklip,3,Erica rigidula,NA,0.01,NA,NA,NA
leaf_thickness_mm,628_22_hangklip_HKM,628_22_hangklip,5,Stoebe cinerea,NA,0.01,NA,NA,NA
leaf_thickness_mm,628_22_hangklip_HKM,628_22_hangklip,4,Stoebe cinerea,NA,0.01,NA,NA,NA
leaf_thickness_mm,628_22_hangklip_HKM,628_22_hangklip,3,Stoebe cinerea,NA,0.01,NA,NA,NA
leaf_thickness_mm,628_22_hangklip_HKM,628_22_hangklip,2,Stoebe cinerea,NA,0.01,NA,NA,NA
leaf_thickness_mm,628_22_hangklip_HKM,628_22_hangklip,1,Stoebe cinerea,NA,0.01,NA,NA,NA
leaf_thickness_mm,709_1_langeberg_JAS,709_1_langeberg,5,Erica gracilis,NA,0.013,NA,NA,NA
leaf_thickness_mm,709_1_langeberg_JAS,709_1_langeberg,1,Erica gracilis,NA,0.007,NA,NA,NA
leaf_thickness_mm,709_1_langeberg_JAS,709_1_langeberg,3,Erica gracilis,NA,0.007,NA,NA,NA
leaf_thickness_mm,709_1_langeberg_JAS,709_1_langeberg,2,Erica gracilis,NA,0.012,NA,NA,NA
leaf_thickness_mm,709_26_langeberg_JAS,709_26_langeberg,1,Brunia noduliflora,NA,0.014,NA,NA,NA
leaf_thickness_mm,705_15_baviaanskloof_TEM,705_15_baviaanskloof,1,Euphorbia heptagona,NA,34.5,NA,NA,NA
leaf_thickness_mm,723_3_baviaanskloof_TEM,723_3_baviaanskloof,3,Stoebe plumosa,NA,0.002,NA,NA,NA
leaf_thickness_mm,723_3_baviaanskloof_TEM,723_3_baviaanskloof,1,Stoebe plumosa,NA,0.003,NA,NA,NA
leaf_thickness_mm,723_3_baviaanskloof_TEM,723_3_baviaanskloof,2,Stoebe plumosa,NA,0.002,NA,NA,NA
leaf_thickness_mm,723_24_cape_point_a,723_24_cape_point,2,Berzelia lanuginosa,NA,0.006,NA,NA,NA
leaf_thickness_mm,723_24_cape_point_a,723_24_cape_point,3,Berzelia lanuginosa,NA,0.011,NA,NA,NA
leaf_thickness_mm,723_24_cape_point_a,723_24_cape_point,1,Berzelia lanuginosa,NA,0.0133,NA,NA,NA
leaf_thickness_mm,725_12_cape_point_c,725_12_cape_point,1,Aspalathus retroflexa,NA,0.0089,NA,NA,NA
leaf_thickness_mm,725_12_cape_point_c,725_12_cape_point,3,Aspalathus retroflexa,NA,0.0038,NA,NA,NA
leaf_thickness_mm,725_12_cape_point_c,725_12_cape_point,2,Aspalathus retroflexa,NA,0.0038,NA,NA,NA
leaf_thickness_mm,725_29_cape_point_c,725_29_cape_point,3,Stoebe scabra,NA,0.019,NA,NA,NA
leaf_thickness_mm,725_29_cape_point_c,725_29_cape_point,2,Stoebe scabra,NA,0.008,NA,NA,NA
leaf_thickness_mm,725_29_cape_point_c,725_29_cape_point,1,Stoebe scabra,NA,0.014,NA,NA,NA
leaf_thickness_mm,725_47_cape_point_c,725_47_cape_point,1,Stoebe scabra,NA,0.006,NA,NA,NA
leaf_thickness_mm,725_47_cape_point_c,725_47_cape_point,3,Stoebe scabra,NA,0.006,NA,NA,NA
leaf_thickness_mm,725_47_cape_point_c,725_47_cape_point,4,Stoebe scabra,NA,0.006,NA,NA,NA
leaf_thickness_mm,725_47_cape_point_c,725_47_cape_point,2,Stoebe scabra,NA,0.006,NA,NA,NA
leaf_thickness_mm,725_4_cape_point_a,725_4_cape_point,3,Erica imbricata,NA,0.014,NA,NA,NA
leaf_thickness_mm,725_4_cape_point_a,725_4_cape_point,2,Erica imbricata,NA,0.017,NA,NA,NA
leaf_thickness_mm,725_5_cape_point_a,725_5_cape_point,3,Erica labialis,NA,0.006,NA,NA,NA
leaf_thickness_mm,725_5_cape_point_a,725_5_cape_point,2,Erica labialis,NA,0.0076,NA,NA,NA
leaf_thickness_mm,725_5_cape_point_a,725_5_cape_point,1,Erica labialis,NA,0.0078,NA,NA,NA
leaf_thickness_mm,725_6_cape_point_c,725_6_cape_point,2,Staavia radiata,NA,0.011,NA,NA,NA
leaf_thickness_mm,725_7_cape_point_c,725_7_cape_point,1,Berzelia abrotanoides,NA,0.006,NA,NA,NA
leaf_thickness_mm,725_7_cape_point_c,725_7_cape_point,2,Berzelia abrotanoides,NA,0.0166,NA,NA,NA
leaf_thickness_mm,725_9_cape_point_c,725_9_cape_point,1,Roella triflora,NA,0.0046,NA,NA,NA
leaf_thickness_mm,725_9_cape_point_c,725_9_cape_point,3,Roella triflora,NA,0.0046,NA,NA,NA
leaf_thickness_mm,725_9_cape_point_c,725_9_cape_point,2,Roella triflora,NA,0.0046,NA,NA,NA
leaf_thickness_mm,727_16_cape_point_b,727_16_cape_point,3,Erica muscosa,NA,0.011,NA,NA,NA
leaf_thickness_mm,727_16_cape_point_b,727_16_cape_point,2,Erica muscosa,NA,0.011,NA,NA,NA
leaf_thickness_mm,727_16_cape_point_b,727_16_cape_point,1,Erica muscosa,NA,0.011,NA,NA,NA
leaf_thickness_mm,727_34_cape_point_b,727_34_cape_point,2,Berzelia lanuginosa,NA,0.0032,NA,NA,NA
fwc,621_21_hangklip_CC,621_21_hangklip,2,Pentameris curvifolia,NA,NA,0.352941176,NA,NA
fwc,627_9_hangklip_CM,627_9_hangklip,6,Grubbia tomentosa,NA,NA,0.292857143,NA,NA
fwc,710_11_langeberg_CM,710_11_langeberg,2,Pentameris eriostoma,NA,NA,0.234624146,NA,NA
fwc,710_18_langeberg_CM,710_18_langeberg,4,Restio hystrix,NA,NA,0.370983447,NA,NA
fwc,710_18_langeberg_CM,710_18_langeberg,2,Restio hystrix,NA,NA,0.245192308,NA,NA
fwc,710_18_langeberg_CM,710_18_langeberg,5,Restio hystrix,NA,NA,0.407142857,NA,NA
fwc,625_15_hangklip_EFG,625_15_hangklip,3,Pseudopentameris macrantha,NA,NA,0.4,NA,NA
fwc,625_15_hangklip_EFG,625_15_hangklip,1,Pseudopentameris macrantha,NA,NA,0.359756098,NA,NA
fwc,629_3_hangklip_EFG,629_3_hangklip,2,Elegia capensis,NA,NA,0.351955307,NA,NA
fwc,703_14_langeberg_EFG,703_14_langeberg,2,Euclea polyandra,NA,NA,0.396551724,NA,NA
fwc,703_3_langeberg_EFG,703_3_langeberg,4,Leucadendron spissifolium,NA,NA,0.242937853,NA,NA
fwc,706_11_langeberg_EFG,706_11_langeberg,3,Stoebe glandulosa,NA,NA,0.404040404,NA,NA
fwc,706_16_langeberg_EFG,706_16_langeberg,1,Stoebe rhinocerotis,NA,NA,0.406593407,NA,NA
fwc,726_20_cederberg_EFG,726_20_cederberg,5,Erica verecunda,NA,NA,0.328571429,NA,NA
fwc,726_31_cederberg_EFG,726_31_cederberg,4,Cannomois virgata,NA,NA,0.348623853,NA,NA
fwc,726_7_cederberg_EFG,726_7_cederberg,2,Restio unispicatus,NA,NA,0.379216044,NA,NA
fwc,801_19_cederberg_EFG,801_19_cederberg,4,Stoebe plumosa,NA,NA,0.346850109,NA,NA
fwc,801_19_cederberg_EFG,801_19_cederberg,2,Stoebe plumosa,NA,NA,0.400282885,NA,NA
fwc,801_19_cederberg_EFG,801_19_cederberg,3,Stoebe plumosa,NA,NA,0.41509434,NA,NA
fwc,801_21_cederberg_EFG,801_21_cederberg,1,Stoebe scabra,NA,NA,0.329341317,NA,NA
fwc,801_21_cederberg_EFG,801_21_cederberg,5,Stoebe scabra,NA,NA,0.382113821,NA,NA
fwc,806_20_htr_EPO,806_20_htr,3,Stipagrostis namaquensis,NA,NA,0.211111111,NA,NA
fwc,625_3_hangklip_ET,625_3_hangklip,1,Erica imbricata,NA,NA,0.357142857,NA,NA
fwc,710_35_baviaanskloof_HK,710_35_baviaanskloof,3,Amphithalea williamsonii,NA,NA,0.41025641,NA,NA
fwc,628_16_hangklip_HKM,628_16_hangklip,1,Restio curviramis,NA,NA,0.24375,NA,NA
fwc,628_8_hangklip_HKM,628_8_hangklip,2,Restio tenuispicatus,NA,NA,0.345454545,NA,NA
fwc,703_26_langeberg_HKM,703_26_langeberg,1L,Tetraria involucrata,NA,NA,0.365187713,NA,NA
fwc,731_4_htr_HKM,731_4_htr,3,Tenaxia stricta,NA,NA,0.381944444,NA,NA
fwc,807_7_htr_HKM,807_7_htr,3,Felicia brevifolia,NA,NA,0.357142857,NA,NA
fwc,709_18_langeberg_JAS,709_18_langeberg,1,Amphithalea cymbifolia,NA,NA,0.418994413,NA,NA
fwc,709_18_langeberg_JAS,709_18_langeberg,2,Amphithalea cymbifolia,NA,NA,0.397905759,NA,NA
fwc,719_37_baviaanskloof_JAS,719_37_baviaanskloof,1,Aspalathus kougaensis,NA,NA,0.378787879,NA,NA
fwc,725_21_cederberg_JL,725_21_cederberg,3,Pentameris macrocalycina,NA,NA,0.256544503,NA,NA
fwc,725_7_cederberg_JL,725_7_cederberg,1,Lachnospermum fasciculatum,NA,NA,0.369863014,NA,NA
fwc,619_20_hangklip_JS,619_20_hangklip,5c,Schoenus bolusii,NA,NA,84.91666667,NA,NA
fwc,723_16_cederberg_JS,723_16_cederberg,2,Stoebe,NA,NA,0.245283019,NA,NA
fwc,723_16_cederberg_JS,723_16_cederberg,4,Stoebe,NA,NA,0.242424242,NA,NA
fwc,723_16_cederberg_JS,723_16_cederberg,1,Stoebe,NA,NA,0.380952381,NA,NA
fwc,723_16_cederberg_JS,723_16_cederberg,3,Stoebe,NA,NA,0.404255319,NA,NA
fwc,723_25_cederberg_JS,723_25_cederberg,2,Passerina truncata,NA,NA,0.394495413,NA,NA
fwc,723_25_cederberg_JS,723_25_cederberg,1,Passerina truncata,NA,NA,0.411111111,NA,NA
fwc,723_29_cederberg_JS,723_29_cederberg,3,Stoebe scabra,NA,NA,0.416666667,NA,NA
fwc,723_29_cederberg_JS,723_29_cederberg,5,Stoebe scabra,NA,NA,0.402985075,NA,NA
fwc,723_29_cederberg_JS,723_29_cederberg,4,Stoebe scabra,NA,NA,0.389830508,NA,NA
fwc,723_38_cederberg_JS,723_38_cederberg,4,Restio gossypinus,NA,NA,0.405,NA,NA
fwc,730_31_cederberg_JS,730_31_cederberg,4,Restio paniculatus,NA,NA,0.327327327,NA,NA
fwc,730_32_cederberg_JS,730_32_cederberg,5,Platycaulos compressus,NA,NA,0.419442927,NA,NA
fwc,730_5_cederberg_JS,730_5_cederberg,5,Stoebe gnaphaloides,NA,NA,0.414634146,NA,NA
fwc,701_62_baviaanskloof_KE,701_62_baviaanskloof,1,Erica newdigateae,NA,NA,0.37704918,NA,NA
fwc,801_1_htr_MAL,801_1_htr,3,Fingerhuthia africana,NA,NA,0.401960784,NA,NA
fwc,824_10_htr_RDG,824_10_htr,3,Hermannia althaeifolia,NA,NA,0.355140187,NA,NA
fwc,622_1_hangklip_TEM,622_1_hangklip,3,Erica cristata,NA,NA,0.368932039,NA,NA
fwc,622_33_hangklip_TEM,622_33_hangklip,2,Restio versatilis,NA,NA,0.335664336,NA,NA
fwc,704_17_langeberg_TEM,704_17_langeberg,3,Pterygodium acutifolium,NA,NA,0.138287865,NA,NA
fwc,704_17_langeberg_TEM,704_17_langeberg,2,Pterygodium acutifolium,NA,NA,0.11234347,NA,NA
fwc,704_17_langeberg_TEM,704_17_langeberg,4,Pterygodium acutifolium,NA,NA,0.252512563,NA,NA
fwc,704_17_langeberg_TEM,704_17_langeberg,1,Pterygodium acutifolium,NA,NA,0.174857143,NA,NA
fwc,704_17_langeberg_TEM,704_17_langeberg,5,Pterygodium acutifolium,NA,NA,0.145552561,NA,NA
fwc,709_22_baviaanskloof_TEM,709_22_baviaanskloof,2,Senecio linifolius,NA,NA,81.2195122,NA,NA
fwc,711_1_baviaanskloof_TEM,711_1_baviaanskloof,3,Erica umbelliflora,NA,NA,0.386363636,NA,NA
fwc,711_24_baviaanskloof_TEM,711_24_baviaanskloof,2,Themeda triandra,NA,NA,0.411764706,NA,NA
fwc,711_28_baviaanskloof_TEM,711_28_baviaanskloof,2,Pentameris dregeana,NA,NA,0.25,NA,NA
fwc,711_28_baviaanskloof_TEM,711_28_baviaanskloof,1,Pentameris dregeana,NA,NA,0.258064516,NA,NA
fwc,711_28_baviaanskloof_TEM,711_28_baviaanskloof,3,Pentameris dregeana,NA,NA,0.2125,NA,NA
fwc,711_30_baviaanskloof_TEM,711_30_baviaanskloof,2,Restio sejunctus,NA,NA,0.361445783,NA,NA
fwc,711_35_baviaanskloof_TEM,711_35_baviaanskloof,3,Rhodocoma capense,NA,NA,0.376811594,NA,NA
fwc,711_35_baviaanskloof_TEM,711_35_baviaanskloof,1,Rhodocoma capense,NA,NA,0.395348837,NA,NA
fwc,721_20_cape_point_b,721_20_cape_point,2,Elegia filacea,NA,NA,0.255813953,NA,NA
fwc,723_1_cape_point_c,723_1_cape_point,2,Struthiola ciliata,NA,NA,0.35483871,NA,NA
fwc,723_30_cape_point_a,723_30_cape_point,1,Erica coccinea,NA,NA,0.391304348,NA,NA
fwc,723_8_cape_point_c,723_8_cape_point,2,Pelargonium gibbosum,NA,NA,0.123809524,NA,NA
fwc,729_24_cape_point_b,729_24_cape_point,2,Passerina corymbosa,NA,NA,0.112676056,NA,NA
fwc,804_16_cape_point_a,804_16_cape_point,2,Roella triflora,NA,NA,0.333333333,NA,NA
fwc,804_18_cape_point_a,804_18_cape_point,3,Pentameris curvifolia,NA,NA,0.366666667,NA,NA
fwc,804_2_cape_point_a,804_2_cape_point,2,Erica imbricata,NA,NA,0.35,NA,NA
fwc,810_19_cape_point_b,810_19_cape_point,3,Schoenus exilis,NA,NA,0.184782609,NA,NA
leaf_length_cm,702_10_baviaanskloof_DEB,702_10_baviaanskloof,1,Stoebe rhinocerotis,NA,NA,NA,0.05,NA
leaf_length_cm,715_12_baviaanskloof_DEB,715_12_baviaanskloof,3,Erica chamissonis,NA,NA,NA,0.032,NA
leaf_length_cm,710_27_baviaanskloof_HK,710_27_baviaanskloof,2,Stoebe plumosa,NA,NA,NA,0.015,NA
leaf_length_cm,710_27_baviaanskloof_HK,710_27_baviaanskloof,3,Stoebe plumosa,NA,NA,NA,0.02,NA
leaf_length_cm,710_27_baviaanskloof_HK,710_27_baviaanskloof,1,Stoebe plumosa,NA,NA,NA,0.015,NA
leaf_length_cm,710_30_baviaanskloof_HK,710_30_baviaanskloof,3,Erica rosacea,NA,NA,NA,0.04,NA
leaf_length_cm,710_30_baviaanskloof_HK,710_30_baviaanskloof,2,Erica rosacea,NA,NA,NA,0.025,NA
leaf_length_cm,710_30_baviaanskloof_HK,710_30_baviaanskloof,1,Erica rosacea,NA,NA,NA,0.032,NA
leaf_length_cm,719_36_baviaanskloof_JAS,719_36_baviaanskloof,2,Stoebe plumosa,NA,NA,NA,0.025,NA
leaf_length_cm,719_36_baviaanskloof_JAS,719_36_baviaanskloof,1,Stoebe plumosa,NA,NA,NA,0.02,NA
leaf_length_cm,719_36_baviaanskloof_JAS,719_36_baviaanskloof,3,Stoebe plumosa,NA,NA,NA,0.022,NA
leaf_length_cm,723_3_baviaanskloof_TEM,723_3_baviaanskloof,3,Stoebe plumosa,NA,NA,NA,0.012,NA
leaf_length_cm,723_3_baviaanskloof_TEM,723_3_baviaanskloof,1,Stoebe plumosa,NA,NA,NA,0.011,NA
leaf_length_cm,723_3_baviaanskloof_TEM,723_3_baviaanskloof,2,Stoebe plumosa,NA,NA,NA,0.012,NA
leaf_length_cm,725_29_cape_point_c,725_29_cape_point,1,Stoebe scabra,NA,NA,NA,0.044,NA
leaf_length_cm,725_4_cape_point_a,725_4_cape_point,2,Erica imbricata,NA,NA,NA,0.029,NA
avg_leaf_width_cm,826_1_htr_BHR,826_1_htr,2,Eriocephalus namaquensis,NA,NA,NA,NA,0.005
avg_leaf_width_cm,710_27_baviaanskloof_HK,710_27_baviaanskloof,2,Stoebe plumosa,NA,NA,NA,NA,0.004
avg_leaf_width_cm,710_27_baviaanskloof_HK,710_27_baviaanskloof,3,Stoebe plumosa,NA,NA,NA,NA,0.005
avg_leaf_width_cm,710_27_baviaanskloof_HK,710_27_baviaanskloof,1,Stoebe plumosa,NA,NA,NA,NA,0.005
avg_leaf_width_cm,719_36_baviaanskloof_JAS,719_36_baviaanskloof,2,Stoebe plumosa,NA,NA,NA,NA,0.005
avg_leaf_width_cm,719_36_baviaanskloof_JAS,719_36_baviaanskloof,1,Stoebe plumosa,NA,NA,NA,NA,0.005
avg_leaf_width_cm,719_36_baviaanskloof_JAS,719_36_baviaanskloof,3,Stoebe plumosa,NA,NA,NA,NA,0.004
avg_leaf_width_cm,723_3_baviaanskloof_TEM,723_3_baviaanskloof,3,Stoebe plumosa,NA,NA,NA,NA,0.002
avg_leaf_width_cm,723_3_baviaanskloof_TEM,723_3_baviaanskloof,1,Stoebe plumosa,NA,NA,NA,NA,0.003
avg_leaf_width_cm,723_3_baviaanskloof_TEM,723_3_baviaanskloof,2,Stoebe plumosa,NA,NA,NA,NA,0.002
avg_leaf_width_cm,723_24_cape_point_a,723_24_cape_point,2,Berzelia lanuginosa,NA,NA,NA,NA,0.006
