sample_id,ScientificName_WFO,Family_WFO,percent_N,replicate,lma,log_N,log_LMA,sma_resid,sma_resid_z,flag_covariation
815_14_htr_BHR,Ehrharta ramosa subsp. ramosa,Poaceae,2.082196205,3,0.082962963,0.3185216505991083,-1.081115745630943,0.9148520485271925,4.1631593072666115,TRUE
815_14_htr_BHR,Ehrharta ramosa subsp. ramosa,Poaceae,2.082196205,2,0.070434783,0.3185216505991083,-1.1522128190622147,0.8497496970922159,3.8655912754637227,TRUE
815_14_htr_BHR,Ehrharta ramosa subsp. ramosa,Poaceae,2.082196205,1,0.080314961,0.3185216505991083,-1.0952035471928785,0.9019520940850744,4.104196551404836,TRUE
815_17_htr_BHR,Ficinia bulbosa,Cyperaceae,2.45011316,2,0.045283019,0.3891861429884769,-1.3440646266224907,0.7447388318833785,3.3856105099560105,TRUE
815_17_htr_BHR,Ficinia bulbosa,Cyperaceae,2.45011316,3,0.038636364,0.3891861429884769,-1.413003751020436,0.6816124767808276,3.0970743076727807,TRUE
815_21_htr_BHR,Tenaxia stricta,Poaceae,0.951791822,1,0.181609195,-0.021458031072805837,-0.7408621666262406,0.8864366409992198,4.03327894650236,TRUE
815_21_htr_BHR,Tenaxia stricta,Poaceae,0.951791822,3,0.213397129,-0.021458031072805837,-0.6708114277786764,0.9505808820859138,4.326467673959027,TRUE
815_21_htr_BHR,Tenaxia stricta,Poaceae,0.951791822,2,0.209589041,-0.021458031072805837,-0.6786314295015539,0.9434202427541554,4.29373802125931,TRUE
815_22_htr_BHR,Tribolium uniolae,Poaceae,1.88711989,1,0.139473684,0.27579949206289456,-0.85550772767156,1.0787152213258682,4.912140576604937,TRUE
815_22_htr_BHR,Tribolium uniolae,Poaceae,1.88711989,2,0.169565217,0.27579949206289456,-0.7706632299933117,1.1564058496259615,5.267246756999647,TRUE
815_22_htr_BHR,Tribolium uniolae,Poaceae,1.88711989,3,0.127848101,0.27579949206289456,-0.8933057184107874,1.0441042597506367,4.753941748333217,TRUE
806_18_htr_EPO,Stipagrostis obtusa,Poaceae,3.252495279,2,0.148214286,0.5122166748552266,-0.8291099337929323,1.339304404050881,6.103234423500075,TRUE
806_18_htr_EPO,Stipagrostis obtusa,Poaceae,3.252495279,3,0.088607595,0.5122166748552266,-1.0525290509659742,1.1347234110293882,5.16814126486833,TRUE
806_18_htr_EPO,Stipagrostis obtusa,Poaceae,3.252495279,1,0.064423077,0.5122166748552266,-1.1909585360793933,1.0079659433323742,4.588761728683805,TRUE
806_24_htr_EPO,Eriocephalus spinescens,Asteraceae,1.980203671,1,0.049186992,0.2967098612930487,-1.3081497356383818,0.6851491901261832,3.1132398194558633,TRUE
818_41_htr_EPO,Gymnodiscus capillaris,Asteraceae,1.684911644,1,0.001709402,0.226577131599438,-2.7671557922521246,-0.7209699657210602,-3.3138108240790674,TRUE
721_20_baviaanskloof_HK,Crassula muscosa,Crassulaceae,0.355726538,3,0.011023622,-0.4488837342602609,-1.9576756871389809,-0.655204002692495,-3.013209574712863,TRUE
721_20_baviaanskloof_HK,Crassula muscosa,Crassulaceae,0.355726538,1,0.00794702,-0.4488837342602609,-2.0997956940073035,-0.7853408168614622,-3.608035334517183,TRUE
731_20_htr_HKM,Searsia longispina,Anacardiaceae,1.446939902,2,0.070253165,0.16045049326707023,-1.1533341054289712,0.6906517973700232,3.1383909848322658,TRUE
731_20_htr_HKM,Searsia longispina,Anacardiaceae,1.446939902,1,0.078026906,0.16045049326707023,-1.1077556138171019,0.7323872280366659,3.3291541398670397,TRUE
731_20_htr_HKM,Searsia longispina,Anacardiaceae,1.446939902,3,0.067,0.16045049326707023,-1.1739251972991736,0.6717968932977809,3.052209509494724,TRUE
731_28_htr_HKM,Viscum capense,Santalaceae,0.902821688,1,0.115822785,-0.04439801664612642,-0.936205996512035,0.6846237138248237,3.110837986875195,TRUE
807_5_htr_HKM,Lacomucinaea lineata,Santalaceae,0.924507014,3,0.113611111,-0.03408978961033449,-0.9445791931846833,0.6872647505515252,3.1229095646809317,TRUE
719_12_baviaanskloof_JAS,Erica newdigateae,Ericaceae,0.280606505,2,0.011392405,-0.5519022654072345,-1.9433845842638637,-0.7451364199269366,-3.4242701862248373,TRUE
801_16_htr_MAL,Crassula barbata,Crassulaceae,1.068449165,3,0.003148751,0.028753863996409355,-2.501861681567856,-0.675868038321616,-3.107660178657696,TRUE
805_24_htr_MAL,Caroxylon aphyllum,Chenopodiaceae,2.976399519,2,0.030592734,0.4736912256815143,-1.5143817094142713,0.6732875292547458,3.0590228672010378,TRUE
805_24_htr_MAL,Caroxylon aphyllum,Chenopodiaceae,2.976399519,4,0.031527094,0.4736912256815143,-1.5013160583649277,0.6852515182811494,3.113707538163408,TRUE
805_24_htr_MAL,Caroxylon aphyllum,Chenopodiaceae,2.976399519,3,0.038728324,0.4736912256815143,-1.4119712970573253,0.7670629595797054,3.487649016920651,TRUE
805_24_htr_MAL,Caroxylon aphyllum,Chenopodiaceae,2.976399519,1,0.03510101,0.4736912256815143,-1.4546803869211855,0.7279549901008655,3.308895388992956,TRUE
805_24_htr_MAL,Caroxylon aphyllum,Chenopodiaceae,2.976399519,5,0.0375,0.4736912256815143,-1.4259687322722812,0.7542457520270869,3.429064478258462,TRUE
805_32_htr_MAL,Hoodia gordonii,Apocynaceae,0.846000818,2,0.125704989,-0.07262921704051019,-0.9006474856221285,0.6889528223255302,3.130625356572633,TRUE
805_32_htr_MAL,Hoodia gordonii,Apocynaceae,0.846000818,3,0.117103984,-0.07262921704051019,-0.9314283295238498,0.660767339851457,3.0017959309012463,TRUE
805_32_htr_MAL,Hoodia gordonii,Apocynaceae,0.846000818,4,0.13312369,-0.07262921704051019,-0.8757446528590315,0.7117559124110429,3.2348530916114693,TRUE
813_17_htr_MAL,Asparagus retrofractus,Asparagaceae,3.038787765,4,0.032377049,0.48270036914606756,-1.4897627374671434,0.7048398364012629,3.2032412821964913,TRUE
825_7_htr_NRS,Caroxylon aphyllum,Chenopodiaceae,2.287255801,3,0.042019302,0.359314737737642,-1.376551166115362,0.6851200684235503,3.1131067107809196,TRUE
825_7_htr_NRS,Caroxylon aphyllum,Chenopodiaceae,2.287255801,1,0.042324888,0.359314737737642,-1.3734041824463474,0.6880017065401791,3.126278022781683,TRUE
825_7_htr_NRS,Caroxylon aphyllum,Chenopodiaceae,2.287255801,2,0.04655303,0.359314737737642,-1.332052046810355,0.7258671366744256,3.299352286154049,TRUE
814_25_htr_RDG,Leipoldtia schultzei,Aizoaceae,3.149384975,2,0.049560117,0.49822575123644924,-1.3048676770257077,0.8896704039587455,4.048059741020117,TRUE
814_25_htr_RDG,Leipoldtia schultzei,Aizoaceae,3.149384975,3,0.0478125,0.49822575123644924,-1.3204585475023072,0.875394115499053,3.982806075603069,TRUE
814_25_htr_RDG,Leipoldtia schultzei,Aizoaceae,3.149384975,1,0.044660194,0.49822575123644924,-1.3500793947230114,0.8482708217754629,3.8588316729672196,TRUE
814_25_htr_RDG,Leipoldtia schultzei,Aizoaceae,3.149384975,5,0.062184874,0.49822575123644924,-1.2063152413094238,0.9799131522903866,4.460538805349316,TRUE
814_25_htr_RDG,Leipoldtia schultzei,Aizoaceae,3.149384975,4,0.069543147,0.49822575123644924,-1.1577456603048997,1.0243874714009014,4.663820796118998,TRUE
824_20_htr_RDG,Thesium horridum,Santalaceae,0.780008693,3L,0.15336,-0.10790055718016885,-0.8142879001299939,0.732759450000155,3.3308554817483675,TRUE
824_20_htr_RDG,Thesium horridum,Santalaceae,0.780008693,1L,0.138152866,-0.10790055718016885,-0.8596401011559067,0.6912312296804698,3.1410394380506537,TRUE
704_1_langeberg_TEM,Elegia mucronata,Restionaceae,0.65266474,1,0.158935111,-0.1853098492881974,-0.798780150438155,0.6695503340974058,3.0419409986829145,TRUE
704_1_langeberg_TEM,Elegia mucronata,Restionaceae,0.65266474,4,0.167540363,-0.1853098492881974,-0.7758805479319021,0.6905191011384921,3.1377844605581955,TRUE
705_1_baviaanskloof_TEM,Aloe ferox,Asphodelaceae,0.570724814,3,0.313484127,-0.24357324476487024,-0.5037844444052997,0.881409367000644,4.010300421209243,TRUE
705_1_baviaanskloof_TEM,Aloe ferox,Asphodelaceae,0.570724814,1,0.220159375,-0.24357324476487024,-0.657262816340824,0.7408718958335159,3.36793562534582,TRUE
705_1_baviaanskloof_TEM,Aloe ferox,Asphodelaceae,0.570724814,2,0.185561111,-0.24357324476487024,-0.7315130359176402,0.6728822634095191,3.057170489256725,TRUE
709_23_baviaanskloof_TEM,Aloe comptonii,Asphodelaceae,0.684701202,3,0.163833333,-0.16449890972358377,-0.7855977334351184,0.7024321832378364,3.1922364475428555,TRUE
711_42_baviaanskloof_TEM,Crassula muscosa,Crassulaceae,0.334797137,3,0.010764873,-0.475218264509178,-1.9679910894563373,-0.6909841671208119,-3.1767525631278373,TRUE
723_2_baviaanskloof_TEM,Erica cordata,Ericaceae,0.293372924,2,0.011590296,-0.532579970588185,-1.9359054726192235,-0.71896563288153,-3.3046494748345228,TRUE
723_2_baviaanskloof_TEM,Erica cordata,Ericaceae,0.293372924,3,0.009839817,-0.532579970588185,-2.0070129784618724,-0.7840775370938434,-3.6022611702085072,TRUE
723_2_baviaanskloof_TEM,Erica cordata,Ericaceae,0.293372924,1,0.006476684,-0.532579970588185,-2.1886472918304904,-0.950396913277524,-4.362469186213787,TRUE
723_4_baviaanskloof_TEM,Osteospermum junceum,Asteraceae,0.518273366,2,0.003737374,-0.2854411089232302,-2.4274334400125652,-0.9219103671932012,-4.2322636672988425,TRUE
723_4_baviaanskloof_TEM,Osteospermum junceum,Asteraceae,0.518273366,1,0.003187441,-0.2854411089232302,-2.496557845338091,-0.985206380813036,-4.5215753400520935,TRUE
723_4_baviaanskloof_TEM,Osteospermum junceum,Asteraceae,0.518273366,3,0.003919546,-0.2854411089232302,-2.4067642342839815,-0.9029839356217968,-4.145755256041533,TRUE
725_11_cape_point_c,Muraltia thunbergii,Polygalaceae,0.63,2,0.005357143,-0.2006594505464183,-2.271066760705352,-0.6939464649112426,-3.1902925521402605,TRUE
